ticket,av_present,affected_versions,fv_present,fixed_versions,matching_commits,java_classes,java_class_paths,inducing_commits,iv_found,earliest_iv,szz_eligible,notes
"STORM-4154",true,"2.7.0",true,"2.8.0",0,0,"",0,false,"",false,"nessuna classe Java nei fixing commit"
"STORM-4149",true,"2.7.0",true,"2.8.0",0,0,"",0,false,"",false,"nessuna classe Java nei fixing commit"
"STORM-4148",true,"2.7.0",true,"2.8.0",0,0,"",0,false,"",false,"nessuna classe Java nei fixing commit"
"STORM-4106",true,"2.5.0",true,"2.7.1",1,0,"",0,false,"",false,"nessuna classe Java nei fixing commit"
"STORM-4104",true,"2.0.0",true,"2.7.1",1,2,"storm-client/src/jvm/org/apache/storm/utils/Utils.java|storm-client/test/jvm/org/apache/storm/utils/UtilsTest.java",2,true,"1.0.4",true,"pronto per labeling [IV,FV)"
"STORM-4085",false,"",true,"2.7.0",1,1,"storm-server/src/main/java/org/apache/storm/localizer/AsyncLocalizer.java",5,true,"1.0.6",true,"pronto per labeling [IV,FV)"
"STORM-4077",true,"2.6.1",true,"2.7.0",0,0,"",0,false,"",false,"nessuna classe Java nei fixing commit"
"STORM-4069",true,"2.6.0|2.6.1|2.6.2",true,"2.7.0",1,1,"storm-client/src/jvm/org/apache/storm/trident/topology/MasterBatchCoordinator.java",2,true,"1.0.0",true,"pronto per labeling [IV,FV)"
"STORM-4060",true,"1.1.3|1.2.4|2.6.2",true,"2.6.3",4,6,"storm-client/src/jvm/org/apache/storm/Config.java|storm-client/src/jvm/org/apache/storm/messaging/netty/Client.java|storm-client/src/jvm/org/apache/storm/validation/ConfigValidation.java|storm-client/src/jvm/org/apache/storm/validation/ConfigValidationAnnotations.java|storm-client/test/jvm/org/apache/storm/TestConfigValidate.java|storm-core/test/jvm/org/apache/storm/messaging/netty/NettyTest.java",3,true,"1.1.0",true,"pronto per labeling [IV,FV)"
"STORM-4057",true,"2.6.1",true,"2.6.3",1,1,"storm-server/src/main/java/org/apache/storm/utils/ServerUtils.java",0,false,"",true,"SZZ non ha trovato un commit introducente"
"STORM-4055",true,"2.6.1",true,"2.7.0",1,9,"external/storm-kafka-client/src/main/java/org/apache/storm/kafka/spout/KafkaSpout.java|external/storm-kafka-client/src/main/java/org/apache/storm/kafka/spout/internal/ClientFactory.java|external/storm-kafka-client/src/main/java/org/apache/storm/kafka/spout/internal/ClientFactoryDefault.java|external/storm-kafka-client/src/main/java/org/apache/storm/kafka/spout/internal/ConsumerFactory.java|external/storm-kafka-client/src/main/java/org/apache/storm/kafka/spout/internal/ConsumerFactoryDefault.java|external/storm-kafka-client/src/main/java/org/apache/storm/kafka/spout/metrics2/KafkaOffsetMetricManager.java|external/storm-kafka-client/src/main/java/org/apache/storm/kafka/spout/metrics2/KafkaOffsetPartitionMetrics.java|external/storm-kafka-client/src/main/java/org/apache/storm/kafka/spout/trident/KafkaTridentSpoutCoordinator.java|external/storm-kafka-client/src/main/java/org/apache/storm/kafka/spout/trident/KafkaTridentSpoutEmitter.java",7,true,"1.0.3",true,"pronto per labeling [IV,FV)"
"STORM-4052",true,"2.6.1|2.6.2",true,"2.6.3",0,0,"",0,false,"",false,"nessuna classe Java nei fixing commit"
"STORM-4051",false,"",true,"2.6.3",1,2,"storm-server/src/main/java/org/apache/storm/scheduler/Cluster.java|storm-server/src/main/java/org/apache/storm/utils/ServerUtils.java",3,true,"1.0.4",true,"pronto per labeling [IV,FV)"
"STORM-4037",false,"",true,"2.6.2",0,0,"",0,false,"",false,"nessuna classe Java nei fixing commit"
"STORM-4025",true,"2.6.0",true,"2.6.1",1,1,"storm-webapp/src/main/java/org/apache/storm/daemon/ui/UIHelpers.java",1,true,"1.1.3",true,"pronto per labeling [IV,FV)"
"STORM-4024",true,"2.0.0",true,"2.6.1",1,1,"storm-server/src/main/java/org/apache/storm/stats/StatsUtil.java",2,true,"1.1.0",true,"pronto per labeling [IV,FV)"
"STORM-4023",true,"2.6.0",true,"2.6.1",1,1,"storm-client/src/jvm/org/apache/storm/messaging/netty/Login.java",3,true,"1.0.0",true,"pronto per labeling [IV,FV)"
"STORM-4018",true,"2.6.0",true,"2.6.1",2,1,"storm-webapp/src/main/java/org/apache/storm/daemon/ui/resources/StormApiResource.java",1,true,"1.1.3",true,"pronto per labeling [IV,FV)"
"STORM-4017",true,"2.3.0|2.4.0|2.5.0|2.6.0",true,"2.6.1",2,1,"storm-server/src/main/java/org/apache/storm/utils/ServerUtils.java",2,true,"2.2.0",true,"pronto per labeling [IV,FV)"
"STORM-3994",true,"2.5.0",true,"2.6.0",2,0,"",0,false,"",false,"nessuna classe Java nei fixing commit"
"STORM-3984",true,"2.5.0",true,"2.6.0",2,1,"storm-server/src/main/java/org/apache/storm/nimbus/TimeOutWorkerHeartbeatsRecoveryStrategy.java",1,true,"1.1.3",true,"pronto per labeling [IV,FV)"
"STORM-3956",true,"2.3.0",true,"2.6.0",0,0,"",0,false,"",false,"nessuna classe Java nei fixing commit"
"STORM-3954",true,"2.6.0",true,"2.6.0",1,0,"",0,false,"",false,"nessuna classe Java nei fixing commit"
"STORM-3944",true,"2.5.0",true,"2.6.0",2,2,"storm-client/src/jvm/org/apache/storm/metric/api/MultiCountMetric.java|storm-client/src/jvm/org/apache/storm/metric/api/MultiReducedMetric.java",3,true,"1.0.0",true,"pronto per labeling [IV,FV)"
"STORM-3940",true,"2.4.0",true,"2.5.0",0,0,"",0,false,"",false,"nessuna classe Java nei fixing commit"
"STORM-3924",false,"",true,"2.6.0",0,0,"",0,false,"",false,"nessuna classe Java nei fixing commit"
"STORM-3923",true,"2.4.0",true,"2.5.0",1,0,"",0,false,"",false,"nessuna classe Java nei fixing commit"
"STORM-3917",true,"2.4.0",true,"2.5.0",1,1,"examples/storm-loadgen/src/main/java/org/apache/storm/loadgen/ThroughputVsLatency.java",1,true,"1.0.4",true,"pronto per labeling [IV,FV)"
"STORM-3876",false,"",false,"",0,0,"",0,false,"",false,"nessuna classe Java nei fixing commit"
"STORM-3875",false,"",true,"2.5.0",1,1,"examples/storm-loadgen/src/main/java/org/apache/storm/loadgen/ThroughputVsLatency.java",2,true,"1.0.4",true,"pronto per labeling [IV,FV)"
"STORM-3862",true,"2.4.0",true,"2.5.0",1,2,"external/storm-hdfs-blobstore/src/main/java/org/apache/storm/hdfs/blobstore/HdfsBlobStoreFile.java|external/storm-hdfs-blobstore/src/main/java/org/apache/storm/hdfs/blobstore/HdfsBlobStoreImpl.java",0,false,"",true,"SZZ non ha trovato un commit introducente"
"STORM-3838",false,"",true,"2.5.0",1,1,"storm-server/src/main/java/org/apache/storm/daemon/nimbus/Nimbus.java",1,true,"1.1.3",true,"pronto per labeling [IV,FV)"
"STORM-3823",true,"2.3.0",true,"2.5.0",2,0,"",0,false,"",false,"nessuna classe Java nei fixing commit"
"STORM-3822",true,"2.3.1",true,"2.5.0",1,1,"storm-webapp/src/main/java/org/apache/storm/daemon/ui/UIHelpers.java",1,true,"1.1.3",true,"pronto per labeling [IV,FV)"
"STORM-3819",false,"",false,"",1,0,"",0,false,"",false,"nessuna classe Java nei fixing commit"
"STORM-3816",true,"2.3.0",false,"",0,0,"",0,false,"",false,"nessuna classe Java nei fixing commit"
"STORM-3785",true,"2.2.0",true,"2.3.0|2.2.1",2,1,"storm-client/src/jvm/org/apache/storm/executor/Executor.java",3,true,"2.1.0",true,"pronto per labeling [IV,FV)"
"STORM-3775",false,"",true,"2.3.0",1,3,"storm-client/src/jvm/org/apache/storm/utils/Utils.java|storm-client/test/jvm/org/apache/storm/TestConfigValidate.java|storm-server/src/main/java/org/apache/storm/daemon/supervisor/SupervisorUtils.java",4,true,"1.1.0",true,"pronto per labeling [IV,FV)"
"STORM-3769",false,"",true,"2.3.0",1,3,"storm-client/src/jvm/org/apache/storm/utils/ConfigUtils.java|storm-server/src/main/java/org/apache/storm/localizer/AsyncLocalizer.java|storm-server/src/main/java/org/apache/storm/localizer/LocalizedResourceRetentionSet.java",2,true,"1.0.6",true,"pronto per labeling [IV,FV)"
"STORM-3767",true,"2.0.0|2.1.0|2.2.0",true,"2.1.1|2.3.0|2.2.1",2,5,"storm-client/src/jvm/org/apache/storm/security/auth/ShellBasedGroupsMapping.java|storm-client/src/jvm/org/apache/storm/Config.java|storm-client/src/jvm/org/apache/storm/messaging/netty/MessageDecoder.java|storm-client/src/jvm/org/apache/storm/utils/ShellUtils.java|storm-server/src/main/java/org/apache/storm/daemon/nimbus/Nimbus.java",6,true,"1.0.0",true,"pronto per labeling [IV,FV)"
"STORM-3765",true,"2.0.0|2.1.0|2.2.0",true,"2.3.0",1,2,"storm-client/src/jvm/org/apache/storm/security/auth/authorizer/DRPCSimpleACLAuthorizer.java|storm-client/test/jvm/org/apache/storm/security/auth/authorizer/DRPCSimpleACLAuthorizerTest.java",3,true,"1.1.0",true,"pronto per labeling [IV,FV)"
"STORM-3763",true,"2.0.0|2.1.0|2.2.0",true,"2.3.0|2.2.1",1,2,"storm-client/src/jvm/org/apache/storm/messaging/IContext.java|storm-client/src/jvm/org/apache/storm/messaging/netty/Server.java",3,true,"1.0.6",true,"pronto per labeling [IV,FV)"
"STORM-3748",false,"",true,"2.3.0",1,1,"storm-client/src/jvm/org/apache/storm/metrics2/StormMetricRegistry.java",1,true,"2.2.0",true,"pronto per labeling [IV,FV)"
"STORM-3741",false,"",true,"2.3.0",2,0,"",0,false,"",false,"nessuna classe Java nei fixing commit"
"STORM-3740",false,"",true,"2.3.0",1,2,"storm-server/src/main/java/org/apache/storm/daemon/supervisor/Slot.java|storm-server/src/main/java/org/apache/storm/localizer/AsyncLocalizer.java",4,true,"1.0.5",true,"pronto per labeling [IV,FV)"
"STORM-3735",true,"2.0.0|2.1.0|2.2.0",true,"2.3.0",1,1,"storm-client/src/jvm/org/apache/storm/serialization/SerializationFactory.java",0,false,"",true,"SZZ non ha trovato un commit introducente"
"STORM-3733",false,"",true,"2.3.0",1,5,"storm-server/src/main/java/org/apache/storm/daemon/supervisor/Slot.java|storm-server/src/main/java/org/apache/storm/localizer/AsyncLocalizer.java|storm-server/src/main/java/org/apache/storm/localizer/LocallyCachedBlob.java|storm-server/src/main/java/org/apache/storm/localizer/PortAndAssignment.java|storm-server/src/main/java/org/apache/storm/utils/EquivalenceUtils.java",10,true,"1.1.0",true,"pronto per labeling [IV,FV)"
"STORM-3731",false,"",true,"2.3.0",1,1,"examples/storm-loadgen/src/main/java/org/apache/storm/loadgen/OutputStream.java",1,true,"1.0.5",true,"pronto per labeling [IV,FV)"
"STORM-3729",true,"2.0.0|2.1.0|2.2.0",true,"2.3.0",1,2,"storm-client/src/jvm/org/apache/storm/utils/Utils.java|storm-client/test/jvm/org/apache/storm/utils/UtilsTest.java",2,true,"1.0.4",true,"pronto per labeling [IV,FV)"
"STORM-3728",true,"2.0.0|2.1.0|2.2.0",true,"2.3.0",1,1,"storm-client/src/jvm/org/apache/storm/daemon/worker/Worker.java",0,false,"",true,"SZZ non ha trovato un commit introducente"
"STORM-3727",true,"2.2.0",true,"2.3.0",1,1,"storm-server/src/main/java/org/apache/storm/daemon/supervisor/SupervisorUtils.java",1,true,"2.2.0",true,"pronto per labeling [IV,FV)"
"STORM-3725",true,"2.0.0|2.1.0|2.2.0",true,"2.3.0",1,1,"storm-client/src/jvm/org/apache/storm/drpc/DRPCSpout.java",5,true,"1.1.0",true,"pronto per labeling [IV,FV)"
"STORM-3723",false,"",true,"2.3.0",1,1,"storm-server/src/main/java/org/apache/storm/utils/ServerUtils.java",2,true,"2.3.0",true,"pronto per labeling [IV,FV)"
"STORM-3720",false,"",true,"2.3.0",1,2,"external/storm-hdfs-blobstore/src/main/java/org/apache/storm/hdfs/blobstore/HdfsBlobStoreFile.java|storm-server/src/main/java/org/apache/storm/blobstore/LocalFsBlobStoreFile.java",4,true,"1.0.0",true,"pronto per labeling [IV,FV)"
"STORM-3713",false,"",true,"2.6.1",4,769,"storm-server/src/main/java/org/apache/storm/daemon/nimbus/Nimbus.java|storm-server/src/main/java/org/apache/storm/nimbus/LeaderListenerCallback.java|storm-server/src/main/java/org/apache/storm/zookeeper/LeaderListenerCallbackFactory.java|storm-server/src/main/java/org/apache/storm/zookeeper/Zookeeper.java|examples/storm-elasticsearch-examples/src/main/java/org/apache/storm/elasticsearch/bolt/EsIndexTopology.java|examples/storm-elasticsearch-examples/src/main/java/org/apache/storm/elasticsearch/common/EsConstants.java|examples/storm-elasticsearch-examples/src/main/java/org/apache/storm/elasticsearch/common/EsTestUtil.java|examples/storm-elasticsearch-examples/src/main/java/org/apache/storm/elasticsearch/trident/TridentEsTopology.java|examples/storm-hbase-examples/src/main/java/org/apache/storm/hbase/topology/LookupWordCount.java|examples/storm-hbase-examples/src/main/java/org/apache/storm/hbase/topology/PersistentWordCount.java|examples/storm-hbase-examples/src/main/java/org/apache/storm/hbase/topology/TotalWordCounter.java|examples/storm-hbase-examples/src/main/java/org/apache/storm/hbase/topology/WordCountClient.java|examples/storm-hbase-examples/src/main/java/org/apache/storm/hbase/topology/WordCountValueMapper.java|examples/storm-hbase-examples/src/main/java/org/apache/storm/hbase/topology/WordCounter.java|examples/storm-hbase-examples/src/main/java/org/apache/storm/hbase/topology/WordSpout.java|examples/storm-hbase-examples/src/main/java/org/apache/storm/hbase/trident/PrintFunction.java|examples/storm-hbase-examples/src/main/java/org/apache/storm/hbase/trident/WordCountTrident.java|examples/storm-loadgen/src/main/java/org/apache/storm/loadgen/CaptureLoad.java|examples/storm-loadgen/src/main/java/org/apache/storm/loadgen/OutputStream.java|examples/storm-loadgen/src/main/java/org/apache/storm/loadgen/ThroughputVsLatency.java|examples/storm-loadgen/src/main/java/org/apache/storm/loadgen/TopologyLoadConf.java|examples/storm-mongodb-examples/src/main/java/org/apache/storm/mongodb/topology/InsertWordCount.java|examples/storm-mongodb-examples/src/main/java/org/apache/storm/mongodb/topology/LookupWordCount.java|examples/storm-mongodb-examples/src/main/java/org/apache/storm/mongodb/topology/TotalWordCounter.java|examples/storm-mongodb-examples/src/main/java/org/apache/storm/mongodb/topology/UpdateWordCount.java|examples/storm-mongodb-examples/src/main/java/org/apache/storm/mongodb/topology/WordCounter.java|examples/storm-mongodb-examples/src/main/java/org/apache/storm/mongodb/topology/WordSpout.java|examples/storm-mongodb-examples/src/main/java/org/apache/storm/mongodb/trident/PrintFunction.java|examples/storm-mongodb-examples/src/main/java/org/apache/storm/mongodb/trident/WordCountTrident.java|examples/storm-mongodb-examples/src/main/java/org/apache/storm/mongodb/trident/WordCountTridentMap.java|examples/storm-mqtt-examples/src/main/java/org/apache/storm/mqtt/examples/CustomMessageMapper.java|examples/storm-mqtt-examples/src/main/java/org/apache/storm/mqtt/examples/MqttBrokerPublisher.java|examples/storm-mqtt-examples/src/main/java/org/apache/storm/mqtt/examples/package-info.java|examples/storm-opentsdb-examples/src/main/java/org/apache/storm/opentsdb/MetricGenBatchSpout.java|examples/storm-opentsdb-examples/src/main/java/org/apache/storm/opentsdb/MetricGenSpout.java|examples/storm-opentsdb-examples/src/main/java/org/apache/storm/opentsdb/SampleOpenTsdbBoltTopology.java|examples/storm-opentsdb-examples/src/main/java/org/apache/storm/opentsdb/SampleOpenTsdbTridentTopology.java|examples/storm-pmml-examples/src/main/java/org/apache/storm/pmml/JpmmlRunnerTestTopology.java|examples/storm-pmml-examples/src/main/java/org/apache/storm/pmml/RawInputFromCSVSpout.java|examples/storm-redis-examples/src/main/java/org/apache/storm/redis/tools/Base64ToBinaryStateMigrationUtil.java|examples/storm-rocketmq-examples/src/main/java/org/apache/storm/rocketmq/topology/WordCountTopology.java|examples/storm-rocketmq-examples/src/main/java/org/apache/storm/rocketmq/topology/WordCounter.java|examples/storm-rocketmq-examples/src/main/java/org/apache/storm/rocketmq/trident/WordCountTrident.java|examples/storm-solr-examples/src/main/java/org/apache/storm/solr/spout/SolrFieldsSpout.java|examples/storm-solr-examples/src/main/java/org/apache/storm/solr/spout/SolrJsonSpout.java|examples/storm-solr-examples/src/main/java/org/apache/storm/solr/topology/SolrFieldsTopology.java|examples/storm-solr-examples/src/main/java/org/apache/storm/solr/topology/SolrJsonTopology.java|examples/storm-solr-examples/src/main/java/org/apache/storm/solr/topology/SolrTopology.java|examples/storm-solr-examples/src/main/java/org/apache/storm/solr/trident/SolrFieldsTridentTopology.java|examples/storm-solr-examples/src/main/java/org/apache/storm/solr/trident/SolrJsonTridentTopology.java|examples/storm-solr-examples/src/main/java/org/apache/storm/solr/util/TestUtil.java|examples/storm-starter/src/jvm/org/apache/storm/starter/AnchoredWordCount.java|examples/storm-starter/src/jvm/org/apache/storm/starter/BlobStoreAPIWordCountTopology.java|examples/storm-starter/src/jvm/org/apache/storm/starter/ExclamationTopology.java|examples/storm-starter/src/jvm/org/apache/storm/starter/LambdaTopology.java|examples/storm-starter/src/jvm/org/apache/storm/starter/SlidingWindowTopology.java|examples/storm-starter/src/jvm/org/apache/storm/starter/WordCountTopology.java|examples/storm-starter/src/jvm/org/apache/storm/starter/streams/TypedTupleExample.java|examples/storm-starter/src/jvm/org/apache/storm/starter/tools/NthLastModifiedTimeTracker.java|examples/storm-starter/src/jvm/org/apache/storm/starter/tools/SlidingWindowCounter.java|examples/storm-starter/src/jvm/org/apache/storm/starter/trident/TridentHBaseWindowingStoreTopology.java|examples/storm-starter/test/jvm/org/apache/storm/starter/bolt/IntermediateRankingsBoltTest.java|examples/storm-starter/test/jvm/org/apache/storm/starter/bolt/RollingCountBoltTest.java|examples/storm-starter/test/jvm/org/apache/storm/starter/bolt/TotalRankingsBoltTest.java|examples/storm-starter/test/jvm/org/apache/storm/starter/tools/RankableObjectWithFieldsTest.java|external/storm-cassandra/src/main/java/org/apache/storm/cassandra/AbstractExecutionResultHandler.java|external/storm-cassandra/src/main/java/org/apache/storm/cassandra/BaseExecutionResultHandler.java|external/storm-cassandra/src/main/java/org/apache/storm/cassandra/CassandraContext.java|external/storm-cassandra/src/main/java/org/apache/storm/cassandra/DynamicStatementBuilder.java|external/storm-cassandra/src/main/java/org/apache/storm/cassandra/ExecutionResultHandler.java|external/storm-cassandra/src/main/java/org/apache/storm/cassandra/Murmur3StreamGrouping.java|external/storm-cassandra/src/main/java/org/apache/storm/cassandra/bolt/BaseCassandraBolt.java|external/storm-cassandra/src/main/java/org/apache/storm/cassandra/bolt/BatchCassandraWriterBolt.java|external/storm-cassandra/src/main/java/org/apache/storm/cassandra/bolt/CassandraWriterBolt.java|external/storm-cassandra/src/main/java/org/apache/storm/cassandra/bolt/GroupingBatchBuilder.java|external/storm-cassandra/src/main/java/org/apache/storm/cassandra/bolt/PairBatchStatementTuples.java|external/storm-cassandra/src/main/java/org/apache/storm/cassandra/bolt/PairStatementTuple.java|external/storm-cassandra/src/main/java/org/apache/storm/cassandra/client/CassandraConf.java|external/storm-cassandra/src/main/java/org/apache/storm/cassandra/client/ClusterFactory.java|external/storm-cassandra/src/main/java/org/apache/storm/cassandra/client/SimpleClient.java|external/storm-cassandra/src/main/java/org/apache/storm/cassandra/client/SimpleClientProvider.java|external/storm-cassandra/src/main/java/org/apache/storm/cassandra/client/impl/DefaultClient.java|external/storm-cassandra/src/main/java/org/apache/storm/cassandra/context/BaseBeanFactory.java|external/storm-cassandra/src/main/java/org/apache/storm/cassandra/context/BeanFactory.java|external/storm-cassandra/src/main/java/org/apache/storm/cassandra/context/WorkerCtx.java|external/storm-cassandra/src/main/java/org/apache/storm/cassandra/executor/AsyncExecutor.java|external/storm-cassandra/src/main/java/org/apache/storm/cassandra/executor/AsyncExecutorProvider.java|external/storm-cassandra/src/main/java/org/apache/storm/cassandra/executor/AsyncResultHandler.java|external/storm-cassandra/src/main/java/org/apache/storm/cassandra/executor/AsyncResultSetHandler.java|external/storm-cassandra/src/main/java/org/apache/storm/cassandra/executor/ExecutionResultCollector.java|external/storm-cassandra/src/main/java/org/apache/storm/cassandra/executor/impl/BatchAsyncResultHandler.java|external/storm-cassandra/src/main/java/org/apache/storm/cassandra/executor/impl/SingleAsyncResultHandler.java|external/storm-cassandra/src/main/java/org/apache/storm/cassandra/query/AyncCQLResultSetValuesMapper.java|external/storm-cassandra/src/main/java/org/apache/storm/cassandra/query/BaseCQLStatementTupleMapper.java|external/storm-cassandra/src/main/java/org/apache/storm/cassandra/query/CQLResultSetValuesMapper.java|external/storm-cassandra/src/main/java/org/apache/storm/cassandra/query/CQLStatementBuilder.java|external/storm-cassandra/src/main/java/org/apache/storm/cassandra/query/CQLStatementTupleMapper.java|external/storm-cassandra/src/main/java/org/apache/storm/cassandra/query/Column.java|external/storm-cassandra/src/main/java/org/apache/storm/cassandra/query/ContextQuery.java|external/storm-cassandra/src/main/java/org/apache/storm/cassandra/query/CqlMapper.java|external/storm-cassandra/src/main/java/org/apache/storm/cassandra/query/ObjectMapperOperation.java|external/storm-cassandra/src/main/java/org/apache/storm/cassandra/query/builder/BoundCQLStatementMapperBuilder.java|external/storm-cassandra/src/main/java/org/apache/storm/cassandra/query/builder/ObjectMapperCqlStatementMapperBuilder.java|external/storm-cassandra/src/main/java/org/apache/storm/cassandra/query/builder/SimpleCQLStatementMapperBuilder.java|external/storm-cassandra/src/main/java/org/apache/storm/cassandra/query/impl/BatchCQLStatementTupleMapper.java|external/storm-cassandra/src/main/java/org/apache/storm/cassandra/query/impl/BoundCQLStatementTupleMapper.java|external/storm-cassandra/src/main/java/org/apache/storm/cassandra/query/impl/ObjectMapperCqlStatementMapper.java|external/storm-cassandra/src/main/java/org/apache/storm/cassandra/query/impl/PreparedStatementBinder.java|external/storm-cassandra/src/main/java/org/apache/storm/cassandra/query/impl/RoutingKeyGenerator.java|external/storm-cassandra/src/main/java/org/apache/storm/cassandra/query/impl/SimpleCQLStatementMapper.java|external/storm-cassandra/src/main/java/org/apache/storm/cassandra/query/selector/FieldSelector.java|external/storm-cassandra/src/main/java/org/apache/storm/cassandra/trident/state/CassandraBackingMap.java|external/storm-cassandra/src/main/java/org/apache/storm/cassandra/trident/state/CassandraMapStateFactory.java|external/storm-cassandra/src/main/java/org/apache/storm/cassandra/trident/state/CassandraQuery.java|external/storm-cassandra/src/main/java/org/apache/storm/cassandra/trident/state/CassandraState.java|external/storm-cassandra/src/main/java/org/apache/storm/cassandra/trident/state/CassandraStateFactory.java|external/storm-cassandra/src/main/java/org/apache/storm/cassandra/trident/state/CassandraStateUpdater.java|external/storm-cassandra/src/main/java/org/apache/storm/cassandra/trident/state/MapStateFactoryBuilder.java|external/storm-cassandra/src/main/java/org/apache/storm/cassandra/trident/state/NonTransactionalTupleStateMapper.java|external/storm-cassandra/src/main/java/org/apache/storm/cassandra/trident/state/OpaqueTupleStateMapper.java|external/storm-cassandra/src/main/java/org/apache/storm/cassandra/trident/state/SerializedStateMapper.java|external/storm-cassandra/src/main/java/org/apache/storm/cassandra/trident/state/SimpleStateMapper.java|external/storm-cassandra/src/main/java/org/apache/storm/cassandra/trident/state/SimpleTuple.java|external/storm-cassandra/src/main/java/org/apache/storm/cassandra/trident/state/StateMapper.java|external/storm-cassandra/src/main/java/org/apache/storm/cassandra/trident/state/TransactionalTupleStateMapper.java|external/storm-cassandra/src/main/java/org/apache/storm/cassandra/trident/state/TridentAyncCQLResultSetValuesMapper.java|external/storm-cassandra/src/main/java/org/apache/storm/cassandra/trident/state/TridentResultSetValuesMapper.java|external/storm-elasticsearch/src/main/java/org/apache/storm/elasticsearch/bolt/EsIndexBolt.java|external/storm-elasticsearch/src/main/java/org/apache/storm/elasticsearch/bolt/EsLookupBolt.java|external/storm-elasticsearch/src/main/java/org/apache/storm/elasticsearch/bolt/EsPercolateBolt.java|external/storm-elasticsearch/src/main/java/org/apache/storm/elasticsearch/common/EsConfig.java|external/storm-elasticsearch/src/main/java/org/apache/storm/elasticsearch/common/StormElasticSearchClient.java|external/storm-elasticsearch/src/main/java/org/apache/storm/elasticsearch/trident/EsState.java|external/storm-eventhubs/src/main/java/org/apache/storm/eventhubs/bolt/DefaultEventDataFormat.java|external/storm-eventhubs/src/main/java/org/apache/storm/eventhubs/bolt/EventHubBolt.java|external/storm-eventhubs/src/main/java/org/apache/storm/eventhubs/bolt/EventHubBoltConfig.java|external/storm-eventhubs/src/main/java/org/apache/storm/eventhubs/bolt/IEventDataFormat.java|external/storm-eventhubs/src/main/java/org/apache/storm/eventhubs/spout/BinaryEventDataScheme.java|external/storm-eventhubs/src/main/java/org/apache/storm/eventhubs/spout/EventDataScheme.java|external/storm-eventhubs/src/main/java/org/apache/storm/eventhubs/spout/EventDataWrap.java|external/storm-eventhubs/src/main/java/org/apache/storm/eventhubs/spout/EventHubException.java|external/storm-eventhubs/src/main/java/org/apache/storm/eventhubs/spout/EventHubFilter.java|external/storm-eventhubs/src/main/java/org/apache/storm/eventhubs/spout/EventHubReceiverImpl.java|external/storm-eventhubs/src/main/java/org/apache/storm/eventhubs/spout/EventHubSpout.java|external/storm-eventhubs/src/main/java/org/apache/storm/eventhubs/spout/EventHubSpoutConfig.java|external/storm-eventhubs/src/main/java/org/apache/storm/eventhubs/spout/FieldConstants.java|external/storm-eventhubs/src/main/java/org/apache/storm/eventhubs/spout/IEventDataScheme.java|external/storm-eventhubs/src/main/java/org/apache/storm/eventhubs/spout/IEventFilter.java|external/storm-eventhubs/src/main/java/org/apache/storm/eventhubs/spout/IEventHubReceiver.java|external/storm-eventhubs/src/main/java/org/apache/storm/eventhubs/spout/IEventHubReceiverFactory.java|external/storm-eventhubs/src/main/java/org/apache/storm/eventhubs/spout/IPartitionCoordinator.java|external/storm-eventhubs/src/main/java/org/apache/storm/eventhubs/spout/IPartitionManager.java|external/storm-eventhubs/src/main/java/org/apache/storm/eventhubs/spout/IPartitionManagerFactory.java|external/storm-eventhubs/src/main/java/org/apache/storm/eventhubs/spout/IStateStore.java|external/storm-eventhubs/src/main/java/org/apache/storm/eventhubs/spout/MessageId.java|external/storm-eventhubs/src/main/java/org/apache/storm/eventhubs/spout/PartitionManager.java|external/storm-eventhubs/src/main/java/org/apache/storm/eventhubs/spout/SerializeDeserializeUtil.java|external/storm-eventhubs/src/main/java/org/apache/storm/eventhubs/spout/SimplePartitionManager.java|external/storm-eventhubs/src/main/java/org/apache/storm/eventhubs/spout/StaticPartitionCoordinator.java|external/storm-eventhubs/src/main/java/org/apache/storm/eventhubs/spout/StringEventDataScheme.java|external/storm-eventhubs/src/main/java/org/apache/storm/eventhubs/spout/ZookeeperStateStore.java|external/storm-eventhubs/src/main/java/org/apache/storm/eventhubs/trident/Coordinator.java|external/storm-eventhubs/src/main/java/org/apache/storm/eventhubs/trident/ITridentPartitionManager.java|external/storm-eventhubs/src/main/java/org/apache/storm/eventhubs/trident/ITridentPartitionManagerFactory.java|external/storm-eventhubs/src/main/java/org/apache/storm/eventhubs/trident/OpaqueTridentEventHubEmitter.java|external/storm-eventhubs/src/main/java/org/apache/storm/eventhubs/trident/OpaqueTridentEventHubSpout.java|external/storm-eventhubs/src/main/java/org/apache/storm/eventhubs/trident/Partition.java|external/storm-eventhubs/src/main/java/org/apache/storm/eventhubs/trident/Partitions.java|external/storm-eventhubs/src/main/java/org/apache/storm/eventhubs/trident/TransactionalTridentEventHubEmitter.java|external/storm-eventhubs/src/main/java/org/apache/storm/eventhubs/trident/TransactionalTridentEventHubSpout.java|external/storm-eventhubs/src/main/java/org/apache/storm/eventhubs/trident/TridentPartitionManager.java|external/storm-hbase/src/main/java/org/apache/storm/hbase/bolt/AbstractHBaseBolt.java|external/storm-hbase/src/main/java/org/apache/storm/hbase/bolt/HBaseBolt.java|external/storm-hbase/src/main/java/org/apache/storm/hbase/bolt/HBaseLookupBolt.java|external/storm-hbase/src/main/java/org/apache/storm/hbase/bolt/mapper/HBaseMapper.java|external/storm-hbase/src/main/java/org/apache/storm/hbase/bolt/mapper/HBaseProjectionCriteria.java|external/storm-hbase/src/main/java/org/apache/storm/hbase/bolt/mapper/HBaseValueMapper.java|external/storm-hbase/src/main/java/org/apache/storm/hbase/bolt/mapper/SimpleHBaseMapper.java|external/storm-hbase/src/main/java/org/apache/storm/hbase/common/ColumnList.java|external/storm-hbase/src/main/java/org/apache/storm/hbase/common/HBaseClient.java|external/storm-hbase/src/main/java/org/apache/storm/hbase/common/IColumn.java|external/storm-hbase/src/main/java/org/apache/storm/hbase/common/ICounter.java|external/storm-hbase/src/main/java/org/apache/storm/hbase/common/Utils.java|external/storm-hbase/src/main/java/org/apache/storm/hbase/state/HBaseKeyValueState.java|external/storm-hbase/src/main/java/org/apache/storm/hbase/state/HBaseKeyValueStateIterator.java|external/storm-hbase/src/main/java/org/apache/storm/hbase/state/HBaseKeyValueStateProvider.java|external/storm-hbase/src/main/java/org/apache/storm/hbase/trident/mapper/SimpleTridentHBaseMapMapper.java|external/storm-hbase/src/main/java/org/apache/storm/hbase/trident/mapper/SimpleTridentHBaseMapper.java|external/storm-hbase/src/main/java/org/apache/storm/hbase/trident/mapper/TridentHBaseMapMapper.java|external/storm-hbase/src/main/java/org/apache/storm/hbase/trident/mapper/TridentHBaseMapper.java|external/storm-hbase/src/main/java/org/apache/storm/hbase/trident/state/HBaseMapState.java|external/storm-hbase/src/main/java/org/apache/storm/hbase/trident/state/HBaseQuery.java|external/storm-hbase/src/main/java/org/apache/storm/hbase/trident/state/HBaseState.java|external/storm-hbase/src/main/java/org/apache/storm/hbase/trident/state/HBaseStateFactory.java|external/storm-hbase/src/main/java/org/apache/storm/hbase/trident/state/HBaseUpdater.java|external/storm-hbase/src/main/java/org/apache/storm/hbase/trident/windowing/HBaseWindowsStore.java|external/storm-hbase/src/main/java/org/apache/storm/hbase/trident/windowing/HBaseWindowsStoreFactory.java|external/storm-hdfs-blobstore/src/main/java/org/apache/storm/hdfs/blobstore/HdfsBlobStore.java|external/storm-hdfs-blobstore/src/main/java/org/apache/storm/hdfs/blobstore/HdfsBlobStoreFile.java|external/storm-hdfs-blobstore/src/main/java/org/apache/storm/hdfs/blobstore/HdfsBlobStoreImpl.java|external/storm-hdfs-blobstore/src/main/java/org/apache/storm/hdfs/blobstore/HdfsClientBlobStore.java|external/storm-hdfs-oci/src/main/java/org/apache/storm/container/oci/HdfsManifestToResourcesPlugin.java|external/storm-hdfs-oci/src/main/java/org/apache/storm/container/oci/HdfsOciResourcesLocalizer.java|external/storm-hdfs-oci/src/main/java/org/apache/storm/container/oci/LocalOrHdfsImageTagToManifestPlugin.java|external/storm-hdfs/src/main/java/org/apache/storm/hdfs/avro/AbstractAvroSerializer.java|external/storm-hive/src/main/java/org/apache/storm/hive/bolt/mapper/JsonRecordHiveMapper.java|external/storm-jdbc/src/main/java/org/apache/storm/jdbc/bolt/AbstractJdbcBolt.java|external/storm-jdbc/src/main/java/org/apache/storm/jdbc/bolt/JdbcInsertBolt.java|external/storm-jdbc/src/main/java/org/apache/storm/jdbc/bolt/JdbcLookupBolt.java|external/storm-jdbc/src/main/java/org/apache/storm/jdbc/common/HikariCPConnectionProvider.java|external/storm-jdbc/src/main/java/org/apache/storm/jdbc/common/JdbcClient.java|external/storm-jdbc/src/main/java/org/apache/storm/jdbc/mapper/SimpleJdbcLookupMapper.java|external/storm-jdbc/src/main/java/org/apache/storm/jdbc/mapper/SimpleJdbcMapper.java|external/storm-kafka-client/src/main/java/org/apache/storm/kafka/bolt/KafkaBolt.java|external/storm-kafka-client/src/main/java/org/apache/storm/kafka/spout/KafkaSpout.java|external/storm-kafka-client/src/main/java/org/apache/storm/kafka/spout/KafkaSpoutConfig.java|external/storm-kafka-client/src/main/java/org/apache/storm/kafka/spout/KafkaTuple.java|external/storm-kafka-client/src/main/java/org/apache/storm/kafka/spout/metrics/KafkaOffsetMetric.java|external/storm-kafka-client/src/main/java/org/apache/storm/kafka/spout/metrics2/KafkaOffsetMetricManager.java|external/storm-kafka-client/src/main/java/org/apache/storm/kafka/spout/metrics2/KafkaOffsetPartitionMetrics.java|external/storm-kafka-client/src/main/java/org/apache/storm/kafka/spout/metrics2/KafkaOffsetTopicMetrics.java|external/storm-kafka-client/src/main/java/org/apache/storm/kafka/spout/subscription/TopicAssigner.java|external/storm-kafka-monitor/src/main/java/org/apache/storm/kafka/monitor/KafkaOffsetLagResult.java|external/storm-kafka-monitor/src/main/java/org/apache/storm/kafka/monitor/KafkaOffsetLagUtil.java|external/storm-kafka-monitor/src/main/java/org/apache/storm/kafka/monitor/NewKafkaSpoutOffsetQuery.java|external/storm-kinesis/src/main/java/org/apache/storm/kinesis/spout/CredentialsProviderChain.java|external/storm-kinesis/src/main/java/org/apache/storm/kinesis/spout/ExponentialBackoffRetrier.java|external/storm-kinesis/src/main/java/org/apache/storm/kinesis/spout/FailedMessageRetryHandler.java|external/storm-kinesis/src/main/java/org/apache/storm/kinesis/spout/KinesisConfig.java|external/storm-kinesis/src/main/java/org/apache/storm/kinesis/spout/KinesisConnection.java|external/storm-kinesis/src/main/java/org/apache/storm/kinesis/spout/KinesisConnectionInfo.java|external/storm-kinesis/src/main/java/org/apache/storm/kinesis/spout/KinesisMessageId.java|external/storm-kinesis/src/main/java/org/apache/storm/kinesis/spout/KinesisRecordsManager.java|external/storm-kinesis/src/main/java/org/apache/storm/kinesis/spout/KinesisSpout.java|external/storm-kinesis/src/main/java/org/apache/storm/kinesis/spout/RecordToTupleMapper.java|external/storm-kinesis/src/main/java/org/apache/storm/kinesis/spout/ZkConnection.java|external/storm-kinesis/src/main/java/org/apache/storm/kinesis/spout/ZkInfo.java|external/storm-mongodb/src/main/java/org/apache/storm/mongodb/bolt/AbstractMongoBolt.java|external/storm-mongodb/src/main/java/org/apache/storm/mongodb/bolt/MongoInsertBolt.java|external/storm-mongodb/src/main/java/org/apache/storm/mongodb/bolt/MongoLookupBolt.java|external/storm-mongodb/src/main/java/org/apache/storm/mongodb/bolt/MongoUpdateBolt.java|external/storm-mongodb/src/main/java/org/apache/storm/mongodb/common/MongoDbClient.java|external/storm-mongodb/src/main/java/org/apache/storm/mongodb/common/MongoUtils.java|external/storm-mongodb/src/main/java/org/apache/storm/mongodb/common/QueryFilterCreator.java|external/storm-mongodb/src/main/java/org/apache/storm/mongodb/common/SimpleQueryFilterCreator.java|external/storm-mongodb/src/main/java/org/apache/storm/mongodb/common/mapper/MongoLookupMapper.java|external/storm-mongodb/src/main/java/org/apache/storm/mongodb/common/mapper/MongoMapper.java|external/storm-mongodb/src/main/java/org/apache/storm/mongodb/common/mapper/MongoUpdateMapper.java|external/storm-mongodb/src/main/java/org/apache/storm/mongodb/common/mapper/SimpleMongoLookupMapper.java|external/storm-mongodb/src/main/java/org/apache/storm/mongodb/common/mapper/SimpleMongoMapper.java|external/storm-mongodb/src/main/java/org/apache/storm/mongodb/common/mapper/SimpleMongoUpdateMapper.java|external/storm-mongodb/src/main/java/org/apache/storm/mongodb/trident/state/MongoMapState.java|external/storm-mongodb/src/main/java/org/apache/storm/mongodb/trident/state/MongoState.java|external/storm-mongodb/src/main/java/org/apache/storm/mongodb/trident/state/MongoStateFactory.java|external/storm-mongodb/src/main/java/org/apache/storm/mongodb/trident/state/MongoStateQuery.java|external/storm-mongodb/src/main/java/org/apache/storm/mongodb/trident/state/MongoStateUpdater.java|external/storm-mqtt/src/main/java/org/apache/storm/mqtt/MqttLogger.java|external/storm-mqtt/src/main/java/org/apache/storm/mqtt/MqttMessage.java|external/storm-mqtt/src/main/java/org/apache/storm/mqtt/MqttMessageMapper.java|external/storm-mqtt/src/main/java/org/apache/storm/mqtt/MqttTupleMapper.java|external/storm-mqtt/src/main/java/org/apache/storm/mqtt/bolt/MqttBolt.java|external/storm-mqtt/src/main/java/org/apache/storm/mqtt/common/MqttOptions.java|external/storm-mqtt/src/main/java/org/apache/storm/mqtt/common/MqttPublisher.java|external/storm-mqtt/src/main/java/org/apache/storm/mqtt/common/MqttUtils.java|external/storm-mqtt/src/main/java/org/apache/storm/mqtt/common/SslUtils.java|external/storm-mqtt/src/main/java/org/apache/storm/mqtt/mappers/ByteArrayMessageMapper.java|external/storm-mqtt/src/main/java/org/apache/storm/mqtt/mappers/StringMessageMapper.java|external/storm-mqtt/src/main/java/org/apache/storm/mqtt/spout/AckableMessage.java|external/storm-mqtt/src/main/java/org/apache/storm/mqtt/spout/MqttSpout.java|external/storm-mqtt/src/main/java/org/apache/storm/mqtt/ssl/DefaultKeyStoreLoader.java|external/storm-mqtt/src/main/java/org/apache/storm/mqtt/ssl/KeyStoreLoader.java|external/storm-mqtt/src/main/java/org/apache/storm/mqtt/trident/MqttPublishFunction.java|external/storm-opentsdb/src/main/java/org/apache/storm/opentsdb/OpenTsdbMetricDatapoint.java|external/storm-opentsdb/src/main/java/org/apache/storm/opentsdb/bolt/ITupleOpenTsdbDatapointMapper.java|external/storm-opentsdb/src/main/java/org/apache/storm/opentsdb/bolt/OpenTsdbBolt.java|external/storm-opentsdb/src/main/java/org/apache/storm/opentsdb/bolt/TupleOpenTsdbDatapointMapper.java|external/storm-opentsdb/src/main/java/org/apache/storm/opentsdb/client/ClientResponse.java|external/storm-opentsdb/src/main/java/org/apache/storm/opentsdb/client/OpenTsdbClient.java|external/storm-opentsdb/src/main/java/org/apache/storm/opentsdb/trident/OpenTsdbState.java|external/storm-opentsdb/src/main/java/org/apache/storm/opentsdb/trident/OpenTsdbStateFactory.java|external/storm-opentsdb/src/main/java/org/apache/storm/opentsdb/trident/OpenTsdbStateUpdater.java|external/storm-pmml/src/main/java/org/apache/storm/pmml/PMMLPredictorBolt.java|external/storm-pmml/src/main/java/org/apache/storm/pmml/model/ModelOutputs.java|external/storm-pmml/src/main/java/org/apache/storm/pmml/model/jpmml/JpmmlModelOutputs.java|external/storm-pmml/src/main/java/org/apache/storm/pmml/runner/ModelRunner.java|external/storm-pmml/src/main/java/org/apache/storm/pmml/runner/ModelRunnerFactory.java|external/storm-pmml/src/main/java/org/apache/storm/pmml/runner/PmmlModelRunner.java|external/storm-pmml/src/main/java/org/apache/storm/pmml/runner/jpmml/JPmmlModelRunner.java|external/storm-pmml/src/main/java/org/apache/storm/pmml/runner/jpmml/JpmmlFactory.java|external/storm-redis/src/main/java/org/apache/storm/redis/bolt/AbstractRedisBolt.java|external/storm-redis/src/main/java/org/apache/storm/redis/bolt/RedisFilterBolt.java|external/storm-redis/src/main/java/org/apache/storm/redis/bolt/RedisLookupBolt.java|external/storm-redis/src/main/java/org/apache/storm/redis/bolt/RedisStoreBolt.java|external/storm-redis/src/main/java/org/apache/storm/redis/common/adapter/RedisCommandsAdapterJedis.java|external/storm-redis/src/main/java/org/apache/storm/redis/common/adapter/RedisCommandsAdapterJedisCluster.java|external/storm-redis/src/main/java/org/apache/storm/redis/common/commands/RedisCommands.java|external/storm-redis/src/main/java/org/apache/storm/redis/common/container/JedisClusterContainer.java|external/storm-redis/src/main/java/org/apache/storm/redis/common/container/JedisCommandsContainer.java|external/storm-redis/src/main/java/org/apache/storm/redis/common/container/JedisCommandsContainerBuilder.java|external/storm-redis/src/main/java/org/apache/storm/redis/common/container/JedisCommandsInstanceContainer.java|external/storm-redis/src/main/java/org/apache/storm/redis/common/container/JedisContainer.java|external/storm-redis/src/main/java/org/apache/storm/redis/common/container/RedisClusterContainer.java|external/storm-redis/src/main/java/org/apache/storm/redis/common/container/RedisCommandsContainerBuilder.java|external/storm-redis/src/main/java/org/apache/storm/redis/state/RedisKeyValueState.java|external/storm-redis/src/main/java/org/apache/storm/redis/state/RedisKeyValueStateIterator.java|external/storm-redis/src/main/java/org/apache/storm/redis/trident/state/RedisClusterMapState.java|external/storm-redis/src/main/java/org/apache/storm/redis/trident/state/RedisClusterState.java|external/storm-rocketmq/src/main/java/org/apache/storm/rocketmq/ConsumerBatchMessage.java|external/storm-rocketmq/src/main/java/org/apache/storm/rocketmq/DefaultMessageBodySerializer.java|external/storm-rocketmq/src/main/java/org/apache/storm/rocketmq/MessageBodySerializer.java|external/storm-rocketmq/src/main/java/org/apache/storm/rocketmq/RocketMqConfig.java|external/storm-rocketmq/src/main/java/org/apache/storm/rocketmq/RocketMqUtils.java|external/storm-rocketmq/src/main/java/org/apache/storm/rocketmq/SpoutConfig.java|external/storm-rocketmq/src/main/java/org/apache/storm/rocketmq/bolt/RocketMqBolt.java|external/storm-rocketmq/src/main/java/org/apache/storm/rocketmq/common/mapper/FieldNameBasedTupleToMessageMapper.java|external/storm-rocketmq/src/main/java/org/apache/storm/rocketmq/common/mapper/TupleToMessageMapper.java|external/storm-rocketmq/src/main/java/org/apache/storm/rocketmq/common/selector/DefaultTopicSelector.java|external/storm-rocketmq/src/main/java/org/apache/storm/rocketmq/common/selector/FieldNameBasedTopicSelector.java|external/storm-rocketmq/src/main/java/org/apache/storm/rocketmq/common/selector/TopicSelector.java|external/storm-rocketmq/src/main/java/org/apache/storm/rocketmq/spout/RocketMqSpout.java|external/storm-rocketmq/src/main/java/org/apache/storm/rocketmq/spout/scheme/KeyValueScheme.java|external/storm-rocketmq/src/main/java/org/apache/storm/rocketmq/spout/scheme/StringKeyValueScheme.java|external/storm-rocketmq/src/main/java/org/apache/storm/rocketmq/spout/scheme/StringScheme.java|external/storm-rocketmq/src/main/java/org/apache/storm/rocketmq/trident/state/RocketMqState.java|external/storm-rocketmq/src/main/java/org/apache/storm/rocketmq/trident/state/RocketMqStateFactory.java|external/storm-rocketmq/src/main/java/org/apache/storm/rocketmq/trident/state/RocketMqStateUpdater.java|external/storm-solr/src/main/java/org/apache/storm/solr/bolt/SolrUpdateBolt.java|external/storm-solr/src/main/java/org/apache/storm/solr/config/CountBasedCommit.java|external/storm-solr/src/main/java/org/apache/storm/solr/config/SolrCommitStrategy.java|external/storm-solr/src/main/java/org/apache/storm/solr/config/SolrConfig.java|external/storm-solr/src/main/java/org/apache/storm/solr/mapper/SolrFieldsMapper.java|external/storm-solr/src/main/java/org/apache/storm/solr/mapper/SolrJsonMapper.java|external/storm-solr/src/main/java/org/apache/storm/solr/mapper/SolrMapper.java|external/storm-solr/src/main/java/org/apache/storm/solr/mapper/SolrMapperException.java|external/storm-solr/src/main/java/org/apache/storm/solr/schema/CopyField.java|external/storm-solr/src/main/java/org/apache/storm/solr/schema/Field.java|external/storm-solr/src/main/java/org/apache/storm/solr/schema/FieldType.java|external/storm-solr/src/main/java/org/apache/storm/solr/schema/Schema.java|external/storm-solr/src/main/java/org/apache/storm/solr/schema/SolrFieldTypeFinder.java|external/storm-solr/src/main/java/org/apache/storm/solr/schema/builder/RestJsonSchemaBuilder.java|external/storm-solr/src/main/java/org/apache/storm/solr/schema/builder/RestJsonSchemaBuilderV2.java|external/storm-solr/src/main/java/org/apache/storm/solr/schema/builder/SchemaBuilder.java|external/storm-solr/src/main/java/org/apache/storm/solr/trident/SolrState.java|external/storm-solr/src/main/java/org/apache/storm/solr/trident/SolrStateFactory.java|external/storm-solr/src/main/java/org/apache/storm/solr/trident/SolrUpdater.java|flux/flux-core/src/main/java/org/apache/storm/flux/Flux.java|flux/flux-core/src/main/java/org/apache/storm/flux/FluxBuilder.java|flux/flux-core/src/main/java/org/apache/storm/flux/model/TopologyDef.java|flux/flux-core/src/main/java/org/apache/storm/flux/model/WorkerHookDef.java|flux/flux-core/src/main/java/org/apache/storm/flux/parser/FluxParser.java|flux/flux-wrappers/src/main/java/org/apache/storm/flux/wrappers/bolts/FluxShellBolt.java|flux/flux-wrappers/src/main/java/org/apache/storm/flux/wrappers/spouts/FluxShellSpout.java|sql/storm-sql-external/storm-sql-mongodb/src/jvm/org/apache/storm/sql/mongodb/MongoDataSourcesProvider.java|sql/storm-sql-external/storm-sql-redis/src/jvm/org/apache/storm/sql/redis/RedisDataSourcesProvider.java|storm-client/src/jvm/org/apache/storm/Config.java|storm-client/src/jvm/org/apache/storm/Constants.java|storm-client/src/jvm/org/apache/storm/ILocalCluster.java|storm-client/src/jvm/org/apache/storm/StormSubmitter.java|storm-client/src/jvm/org/apache/storm/StormTimer.java|storm-client/src/jvm/org/apache/storm/Thrift.java|storm-client/src/jvm/org/apache/storm/blobstore/BlobStore.java|storm-client/src/jvm/org/apache/storm/blobstore/ClientBlobStore.java|storm-client/src/jvm/org/apache/storm/blobstore/LocalModeClientBlobStore.java|storm-client/src/jvm/org/apache/storm/blobstore/NimbusBlobStore.java|storm-client/src/jvm/org/apache/storm/cluster/IStateStorage.java|storm-client/src/jvm/org/apache/storm/cluster/IStormClusterState.java|storm-client/src/jvm/org/apache/storm/cluster/StormClusterStateImpl.java|storm-client/src/jvm/org/apache/storm/container/cgroup/core/CpuCore.java|storm-client/src/jvm/org/apache/storm/daemon/StormCommon.java|storm-client/src/jvm/org/apache/storm/daemon/metrics/BuiltinMetrics.java|storm-client/src/jvm/org/apache/storm/daemon/metrics/BuiltinMetricsUtil.java|storm-client/src/jvm/org/apache/storm/daemon/metrics/ErrorReportingMetrics.java|storm-client/src/jvm/org/apache/storm/daemon/metrics/SpoutThrottlingMetrics.java|storm-client/src/jvm/org/apache/storm/daemon/supervisor/ClientSupervisorUtils.java|storm-client/src/jvm/org/apache/storm/daemon/worker/BackPressureTracker.java|storm-client/src/jvm/org/apache/storm/daemon/worker/Worker.java|storm-client/src/jvm/org/apache/storm/daemon/worker/WorkerState.java|storm-client/src/jvm/org/apache/storm/dependency/DependencyPropertiesParser.java|storm-client/src/jvm/org/apache/storm/drpc/DRPCSpout.java|storm-client/src/jvm/org/apache/storm/drpc/ReturnResults.java|storm-client/src/jvm/org/apache/storm/executor/Executor.java|storm-client/src/jvm/org/apache/storm/executor/bolt/BoltExecutor.java|storm-client/src/jvm/org/apache/storm/executor/bolt/BoltOutputCollectorImpl.java|storm-client/src/jvm/org/apache/storm/executor/spout/SpoutExecutor.java|storm-client/src/jvm/org/apache/storm/executor/spout/SpoutOutputCollectorImpl.java|storm-client/src/jvm/org/apache/storm/generated/AccessControl.java|storm-client/src/jvm/org/apache/storm/generated/AccessControlType.java|storm-client/src/jvm/org/apache/storm/generated/AlreadyAliveException.java|storm-client/src/jvm/org/apache/storm/generated/Assignment.java|storm-client/src/jvm/org/apache/storm/generated/AuthorizationException.java|storm-client/src/jvm/org/apache/storm/generated/BeginDownloadResult.java|storm-client/src/jvm/org/apache/storm/generated/Bolt.java|storm-client/src/jvm/org/apache/storm/generated/BoltAggregateStats.java|storm-client/src/jvm/org/apache/storm/generated/BoltStats.java|storm-client/src/jvm/org/apache/storm/generated/ClusterSummary.java|storm-client/src/jvm/org/apache/storm/generated/ClusterWorkerHeartbeat.java|storm-client/src/jvm/org/apache/storm/generated/CommonAggregateStats.java|storm-client/src/jvm/org/apache/storm/generated/ComponentAggregateStats.java|storm-client/src/jvm/org/apache/storm/generated/ComponentCommon.java|storm-client/src/jvm/org/apache/storm/generated/ComponentObject.java|storm-client/src/jvm/org/apache/storm/generated/ComponentPageInfo.java|storm-client/src/jvm/org/apache/storm/generated/ComponentType.java|storm-client/src/jvm/org/apache/storm/generated/Credentials.java|storm-client/src/jvm/org/apache/storm/generated/DRPCExceptionType.java|storm-client/src/jvm/org/apache/storm/generated/DRPCExecutionException.java|storm-client/src/jvm/org/apache/storm/generated/DRPCRequest.java|storm-client/src/jvm/org/apache/storm/generated/DebugOptions.java|storm-client/src/jvm/org/apache/storm/generated/DistributedRPC.java|storm-client/src/jvm/org/apache/storm/generated/DistributedRPCInvocations.java|storm-client/src/jvm/org/apache/storm/generated/ErrorInfo.java|storm-client/src/jvm/org/apache/storm/generated/ExecutorAggregateStats.java|storm-client/src/jvm/org/apache/storm/generated/ExecutorInfo.java|storm-client/src/jvm/org/apache/storm/generated/ExecutorSpecificStats.java|storm-client/src/jvm/org/apache/storm/generated/ExecutorStats.java|storm-client/src/jvm/org/apache/storm/generated/ExecutorSummary.java|storm-client/src/jvm/org/apache/storm/generated/GetInfoOptions.java|storm-client/src/jvm/org/apache/storm/generated/GlobalStreamId.java|storm-client/src/jvm/org/apache/storm/generated/Grouping.java|storm-client/src/jvm/org/apache/storm/generated/HBAuthorizationException.java|storm-client/src/jvm/org/apache/storm/generated/HBExecutionException.java|storm-client/src/jvm/org/apache/storm/generated/HBMessage.java|storm-client/src/jvm/org/apache/storm/generated/HBMessageData.java|storm-client/src/jvm/org/apache/storm/generated/HBNodes.java|storm-client/src/jvm/org/apache/storm/generated/HBPulse.java|storm-client/src/jvm/org/apache/storm/generated/HBRecords.java|storm-client/src/jvm/org/apache/storm/generated/HBServerMessageType.java|storm-client/src/jvm/org/apache/storm/generated/IllegalStateException.java|storm-client/src/jvm/org/apache/storm/generated/InvalidTopologyException.java|storm-client/src/jvm/org/apache/storm/generated/JavaObject.java|storm-client/src/jvm/org/apache/storm/generated/JavaObjectArg.java|storm-client/src/jvm/org/apache/storm/generated/KeyAlreadyExistsException.java|storm-client/src/jvm/org/apache/storm/generated/KeyNotFoundException.java|storm-client/src/jvm/org/apache/storm/generated/KillOptions.java|storm-client/src/jvm/org/apache/storm/generated/LSApprovedWorkers.java|storm-client/src/jvm/org/apache/storm/generated/LSSupervisorAssignments.java|storm-client/src/jvm/org/apache/storm/generated/LSSupervisorId.java|storm-client/src/jvm/org/apache/storm/generated/LSTopoHistory.java|storm-client/src/jvm/org/apache/storm/generated/LSTopoHistoryList.java|storm-client/src/jvm/org/apache/storm/generated/LSWorkerHeartbeat.java|storm-client/src/jvm/org/apache/storm/generated/ListBlobsResult.java|storm-client/src/jvm/org/apache/storm/generated/LocalAssignment.java|storm-client/src/jvm/org/apache/storm/generated/LocalStateData.java|storm-client/src/jvm/org/apache/storm/generated/LogConfig.java|storm-client/src/jvm/org/apache/storm/generated/LogLevel.java|storm-client/src/jvm/org/apache/storm/generated/LogLevelAction.java|storm-client/src/jvm/org/apache/storm/generated/Nimbus.java|storm-client/src/jvm/org/apache/storm/generated/NimbusSummary.java|storm-client/src/jvm/org/apache/storm/generated/NodeInfo.java|storm-client/src/jvm/org/apache/storm/generated/NotAliveException.java|storm-client/src/jvm/org/apache/storm/generated/NullStruct.java|storm-client/src/jvm/org/apache/storm/generated/NumErrorsChoice.java|storm-client/src/jvm/org/apache/storm/generated/OwnerResourceSummary.java|storm-client/src/jvm/org/apache/storm/generated/PrivateWorkerKey.java|storm-client/src/jvm/org/apache/storm/generated/ProfileAction.java|storm-client/src/jvm/org/apache/storm/generated/ProfileRequest.java|storm-client/src/jvm/org/apache/storm/generated/ReadableBlobMeta.java|storm-client/src/jvm/org/apache/storm/generated/RebalanceOptions.java|storm-client/src/jvm/org/apache/storm/generated/SettableBlobMeta.java|storm-client/src/jvm/org/apache/storm/generated/SharedMemory.java|storm-client/src/jvm/org/apache/storm/generated/ShellComponent.java|storm-client/src/jvm/org/apache/storm/generated/SpecificAggregateStats.java|storm-client/src/jvm/org/apache/storm/generated/SpoutAggregateStats.java|storm-client/src/jvm/org/apache/storm/generated/SpoutSpec.java|storm-client/src/jvm/org/apache/storm/generated/SpoutStats.java|storm-client/src/jvm/org/apache/storm/generated/StateSpoutSpec.java|storm-client/src/jvm/org/apache/storm/generated/StormBase.java|storm-client/src/jvm/org/apache/storm/generated/StormTopology.java|storm-client/src/jvm/org/apache/storm/generated/StreamInfo.java|storm-client/src/jvm/org/apache/storm/generated/SubmitOptions.java|storm-client/src/jvm/org/apache/storm/generated/Supervisor.java|storm-client/src/jvm/org/apache/storm/generated/SupervisorAssignments.java|storm-client/src/jvm/org/apache/storm/generated/SupervisorInfo.java|storm-client/src/jvm/org/apache/storm/generated/SupervisorPageInfo.java|storm-client/src/jvm/org/apache/storm/generated/SupervisorSummary.java|storm-client/src/jvm/org/apache/storm/generated/SupervisorWorkerHeartbeat.java|storm-client/src/jvm/org/apache/storm/generated/SupervisorWorkerHeartbeats.java|storm-client/src/jvm/org/apache/storm/generated/ThriftSerializedObject.java|storm-client/src/jvm/org/apache/storm/generated/TopologyActionOptions.java|storm-client/src/jvm/org/apache/storm/generated/TopologyHistoryInfo.java|storm-client/src/jvm/org/apache/storm/generated/TopologyInfo.java|storm-client/src/jvm/org/apache/storm/generated/TopologyInitialStatus.java|storm-client/src/jvm/org/apache/storm/generated/TopologyPageInfo.java|storm-client/src/jvm/org/apache/storm/generated/TopologyStats.java|storm-client/src/jvm/org/apache/storm/generated/TopologyStatus.java|storm-client/src/jvm/org/apache/storm/generated/TopologySummary.java|storm-client/src/jvm/org/apache/storm/generated/WorkerMetricList.java|storm-client/src/jvm/org/apache/storm/generated/WorkerMetricPoint.java|storm-client/src/jvm/org/apache/storm/generated/WorkerMetrics.java|storm-client/src/jvm/org/apache/storm/generated/WorkerResources.java|storm-client/src/jvm/org/apache/storm/generated/WorkerSummary.java|storm-client/src/jvm/org/apache/storm/generated/WorkerToken.java|storm-client/src/jvm/org/apache/storm/generated/WorkerTokenInfo.java|storm-client/src/jvm/org/apache/storm/generated/WorkerTokenServiceType.java|storm-client/src/jvm/org/apache/storm/hooks/BaseWorkerHook.java|storm-client/src/jvm/org/apache/storm/hooks/IWorkerHook.java|storm-client/src/jvm/org/apache/storm/messaging/IContext.java|storm-client/src/jvm/org/apache/storm/messaging/TransportFactory.java|storm-client/src/jvm/org/apache/storm/messaging/netty/Client.java|storm-client/src/jvm/org/apache/storm/messaging/netty/Context.java|storm-client/src/jvm/org/apache/storm/messaging/netty/Login.java|storm-client/src/jvm/org/apache/storm/messaging/netty/MessageDecoder.java|storm-client/src/jvm/org/apache/storm/messaging/netty/Server.java|storm-client/src/jvm/org/apache/storm/messaging/netty/StormServerHandler.java|storm-client/src/jvm/org/apache/storm/metric/SystemBolt.java|storm-client/src/jvm/org/apache/storm/metric/api/IMetric.java|storm-client/src/jvm/org/apache/storm/metric/api/IMetricsConsumer.java|storm-client/src/jvm/org/apache/storm/metric/api/MultiCountMetric.java|storm-client/src/jvm/org/apache/storm/metric/api/MultiReducedMetric.java|storm-client/src/jvm/org/apache/storm/metric/api/rpc/CountShellMetric.java|storm-client/src/jvm/org/apache/storm/metric/cgroup/CGroupCpu.java|storm-client/src/jvm/org/apache/storm/metric/cgroup/CGroupCpuGuarantee.java|storm-client/src/jvm/org/apache/storm/metric/cgroup/CGroupCpuGuaranteeByCfsQuota.java|storm-client/src/jvm/org/apache/storm/metric/cgroup/CGroupMemoryLimit.java|storm-client/src/jvm/org/apache/storm/metric/cgroup/CGroupMemoryUsage.java|storm-client/src/jvm/org/apache/storm/metric/cgroup/CGroupMetricsBase.java|storm-client/src/jvm/org/apache/storm/metrics2/PerReporterGauge.java|storm-client/src/jvm/org/apache/storm/metrics2/RateCounter.java|storm-client/src/jvm/org/apache/storm/metrics2/StormMetricRegistry.java|storm-client/src/jvm/org/apache/storm/metrics2/TaskMetricRepo.java|storm-client/src/jvm/org/apache/storm/metrics2/TaskMetrics.java|storm-client/src/jvm/org/apache/storm/metrics2/WorkerMetricRegistrant.java|storm-client/src/jvm/org/apache/storm/metrics2/cgroup/CGroupCpu.java|storm-client/src/jvm/org/apache/storm/metrics2/cgroup/CGroupCpuGuarantee.java|storm-client/src/jvm/org/apache/storm/metrics2/cgroup/CGroupCpuGuaranteeByCfsQuota.java|storm-client/src/jvm/org/apache/storm/metrics2/cgroup/CGroupCpuStat.java|storm-client/src/jvm/org/apache/storm/metrics2/cgroup/CGroupMemoryLimit.java|storm-client/src/jvm/org/apache/storm/metrics2/cgroup/CGroupMemoryUsage.java|storm-client/src/jvm/org/apache/storm/metrics2/cgroup/CGroupMetricsBase.java|storm-client/src/jvm/org/apache/storm/multilang/JsonSerializer.java|storm-client/src/jvm/org/apache/storm/security/auth/ShellBasedGroupsMapping.java|storm-client/src/jvm/org/apache/storm/security/auth/SimpleTransportPlugin.java|storm-client/src/jvm/org/apache/storm/security/auth/authorizer/DRPCSimpleACLAuthorizer.java|storm-client/src/jvm/org/apache/storm/security/auth/kerberos/KerberosSaslTransportPlugin.java|storm-client/src/jvm/org/apache/storm/security/auth/kerberos/NoOpTTrasport.java|storm-client/src/jvm/org/apache/storm/security/auth/workertoken/WorkerTokenAuthorizer.java|storm-client/src/jvm/org/apache/storm/security/serialization/BlowfishTupleSerializer.java|storm-client/src/jvm/org/apache/storm/serialization/KryoTupleSerializer.java|storm-client/src/jvm/org/apache/storm/serialization/KryoValuesSerializer.java|storm-client/src/jvm/org/apache/storm/serialization/SerializationFactory.java|storm-client/src/jvm/org/apache/storm/serialization/types/ArrayListSerializer.java|storm-client/src/jvm/org/apache/storm/serialization/types/HashMapSerializer.java|storm-client/src/jvm/org/apache/storm/serialization/types/HashSetSerializer.java|storm-client/src/jvm/org/apache/storm/serialization/types/ListDelegateSerializer.java|storm-client/src/jvm/org/apache/storm/state/DefaultStateSerializer.java|storm-client/src/jvm/org/apache/storm/streams/Pair.java|storm-client/src/jvm/org/apache/storm/streams/PairStream.java|storm-client/src/jvm/org/apache/storm/streams/StreamBuilder.java|storm-client/src/jvm/org/apache/storm/streams/operations/CombinerAggregator.java|storm-client/src/jvm/org/apache/storm/streams/operations/StateUpdater.java|storm-client/src/jvm/org/apache/storm/streams/processors/ChainedProcessorContext.java|storm-client/src/jvm/org/apache/storm/streams/processors/EmittingProcessorContext.java|storm-client/src/jvm/org/apache/storm/streams/processors/ForwardingProcessorContext.java|storm-client/src/jvm/org/apache/storm/streams/processors/ProcessorContext.java|storm-client/src/jvm/org/apache/storm/task/GeneralTopologyContext.java|storm-client/src/jvm/org/apache/storm/task/ShellBolt.java|storm-client/src/jvm/org/apache/storm/task/TopologyContext.java|storm-client/src/jvm/org/apache/storm/task/WorkerTopologyContext.java|storm-client/src/jvm/org/apache/storm/task/WorkerUserContext.java|storm-client/src/jvm/org/apache/storm/topology/BaseConfigurationDeclarer.java|storm-client/src/jvm/org/apache/storm/topology/ConfigurableTopology.java|storm-client/src/jvm/org/apache/storm/topology/TopologyBuilder.java|storm-client/src/jvm/org/apache/storm/trident/Stream.java|storm-client/src/jvm/org/apache/storm/trident/drpc/ReturnResultsReducer.java|storm-client/src/jvm/org/apache/storm/trident/operation/ITridentResource.java|storm-client/src/jvm/org/apache/storm/trident/state/JSONNonTransactionalSerializer.java|storm-client/src/jvm/org/apache/storm/trident/state/JSONOpaqueSerializer.java|storm-client/src/jvm/org/apache/storm/trident/state/JSONTransactionalSerializer.java|storm-client/src/jvm/org/apache/storm/trident/testing/MemoryBackingMap.java|storm-client/src/jvm/org/apache/storm/trident/testing/TuplifyArgs.java|storm-client/src/jvm/org/apache/storm/trident/topology/state/TransactionalState.java|storm-client/src/jvm/org/apache/storm/trident/windowing/WindowKryoSerializer.java|storm-client/src/jvm/org/apache/storm/tuple/Values.java|storm-client/src/jvm/org/apache/storm/utils/ConfigUtils.java|storm-client/src/jvm/org/apache/storm/utils/CuratorUtils.java|storm-client/src/jvm/org/apache/storm/utils/DefaultShellLogHandler.java|storm-client/src/jvm/org/apache/storm/utils/JCQueue.java|storm-client/src/jvm/org/apache/storm/utils/LocalState.java|storm-client/src/jvm/org/apache/storm/utils/ShellUtils.java|storm-client/src/jvm/org/apache/storm/utils/Utils.java|storm-client/src/jvm/org/apache/storm/utils/VersionInfo.java|storm-client/src/jvm/org/apache/storm/utils/VersionedStore.java|storm-client/src/jvm/org/apache/storm/windowing/persistence/SimpleWindowPartitionCache.java|storm-client/test/jvm/org/apache/storm/PaceMakerStateStorageFactoryTest.java|storm-client/test/jvm/org/apache/storm/TestConfigValidate.java|storm-client/test/jvm/org/apache/storm/TestStormSubmitter.java|storm-client/test/jvm/org/apache/storm/TestStormTimer.java|storm-client/test/jvm/org/apache/storm/assignments/LocalAssignmentsBackendTest.java|storm-client/test/jvm/org/apache/storm/blobstore/ClientBlobStoreTest.java|storm-client/test/jvm/org/apache/storm/bolt/TestJoinBolt.java|storm-client/test/jvm/org/apache/storm/cluster/DaemonTypeTest.java|storm-client/test/jvm/org/apache/storm/cluster/StormClusterStateImplTest.java|storm-client/test/jvm/org/apache/storm/daemon/metrics/ClientMetricsUtilsTest.java|storm-client/test/jvm/org/apache/storm/daemon/worker/BackPressureTrackerTest.java|storm-client/test/jvm/org/apache/storm/daemon/worker/LogConfigManagerTest.java|storm-client/test/jvm/org/apache/storm/daemon/worker/TestUtilsForWorkerState.java|storm-client/test/jvm/org/apache/storm/daemon/worker/WorkerStateTest.java|storm-client/test/jvm/org/apache/storm/daemon/worker/WorkerTest.java|storm-client/test/jvm/org/apache/storm/dependency/DependencyPropertiesParserTest.java|storm-client/test/jvm/org/apache/storm/dependency/DependencyUploaderTest.java|storm-client/test/jvm/org/apache/storm/executor/ExecutorTransferMultiThreadingTest.java|storm-client/test/jvm/org/apache/storm/executor/error/ReportErrorTest.java|storm-client/test/jvm/org/apache/storm/grouping/LoadAwareShuffleGroupingTest.java|storm-client/test/jvm/org/apache/storm/grouping/ShuffleGroupingTest.java|storm-client/test/jvm/org/apache/storm/grouping/partialKeyGrouping/BalancedTargetSelectorTest.java|storm-client/test/jvm/org/apache/storm/grouping/partialKeyGrouping/PartialKeyGroupingTest.java|storm-client/test/jvm/org/apache/storm/grouping/partialKeyGrouping/RandomTwoTaskAssignmentCreatorTest.java|storm-client/test/jvm/org/apache/storm/messaging/DeserializingConnectionCallbackTest.java|storm-client/test/jvm/org/apache/storm/metric/filter/FilterByMetricNameTest.java|storm-client/test/jvm/org/apache/storm/metric/internal/CountStatTest.java|storm-client/test/jvm/org/apache/storm/metric/internal/LatencyStatTest.java|storm-client/test/jvm/org/apache/storm/metric/internal/RateTrackerTest.java|storm-client/test/jvm/org/apache/storm/metric/util/DataPointExpanderTest.java|storm-client/test/jvm/org/apache/storm/metrics2/RollingAverageGaugeTest.java|storm-client/test/jvm/org/apache/storm/security/auth/AutoSSLTest.java|storm-client/test/jvm/org/apache/storm/security/auth/ClientAuthUtilsTest.java|storm-client/test/jvm/org/apache/storm/security/auth/ReqContextTest.java|storm-client/test/jvm/org/apache/storm/security/auth/SaslTransportPluginTest.java|storm-client/test/jvm/org/apache/storm/security/auth/ShellBasedGroupsMappingTest.java|storm-client/test/jvm/org/apache/storm/security/auth/ThriftClientTest.java|storm-client/test/jvm/org/apache/storm/security/auth/authorizer/DRPCSimpleACLAuthorizerTest.java|storm-client/test/jvm/org/apache/storm/security/auth/authorizer/SimpleACLAuthorizerTest.java|storm-client/test/jvm/org/apache/storm/security/auth/kerberos/AutoLoginModuleTest.java|storm-client/test/jvm/org/apache/storm/security/serialization/BlowfishTupleSerializerTest.java|storm-client/test/jvm/org/apache/storm/serialization/GzipBridgeThriftSerializationDelegateTest.java|storm-client/test/jvm/org/apache/storm/serialization/SerializationFactoryTest.java|storm-client/test/jvm/org/apache/storm/serialization/ThriftBridgeSerializationDelegateTest.java|storm-client/test/jvm/org/apache/storm/spout/CheckpointSpoutTest.java|storm-client/test/jvm/org/apache/storm/state/BaseBinaryStateIteratorTest.java|storm-client/test/jvm/org/apache/storm/state/DefaultStateSerializerTest.java|storm-client/test/jvm/org/apache/storm/state/InMemoryKeyValueStateTest.java|storm-client/test/jvm/org/apache/storm/streams/ProcessorBoltTest.java|storm-client/test/jvm/org/apache/storm/streams/StatefulProcessorBoltTest.java|storm-client/test/jvm/org/apache/storm/streams/StreamBuilderTest.java|storm-client/test/jvm/org/apache/storm/streams/WindowedProcessorBoltTest.java|storm-client/test/jvm/org/apache/storm/streams/processors/CoGroupByKeyProcessorTest.java|storm-client/test/jvm/org/apache/storm/streams/processors/JoinProcessorTest.java|storm-client/test/jvm/org/apache/storm/testing/PerformanceTest.java|storm-client/test/jvm/org/apache/storm/topology/PersistentWindowedBoltExecutorTest.java|storm-client/test/jvm/org/apache/storm/topology/SimpleWindowPartitionCacheTest.java|storm-client/test/jvm/org/apache/storm/topology/StatefulBoltExecutorTest.java|storm-client/test/jvm/org/apache/storm/topology/StatefulWindowedBoltExecutorTest.java|storm-client/test/jvm/org/apache/storm/topology/TopologyBuilderTest.java|storm-client/test/jvm/org/apache/storm/topology/WindowedBoltExecutorTest.java|storm-client/test/jvm/org/apache/storm/trident/TestTridentTopology.java|storm-client/test/jvm/org/apache/storm/trident/TridentWindowingTest.java|storm-client/test/jvm/org/apache/storm/tuple/FieldsTest.java|storm-client/test/jvm/org/apache/storm/tuple/ValuesTest.java|storm-client/test/jvm/org/apache/storm/utils/ConfigUtilsTest.java|storm-client/test/jvm/org/apache/storm/utils/CuratorUtilsTest.java|storm-client/test/jvm/org/apache/storm/utils/DefaultShellLogHandlerTest.java|storm-client/test/jvm/org/apache/storm/utils/JCQueueBackpressureTest.java|storm-client/test/jvm/org/apache/storm/utils/JCQueueTest.java|storm-client/test/jvm/org/apache/storm/utils/ShellBoltMessageQueueTest.java|storm-client/test/jvm/org/apache/storm/utils/ShellUtilsTest.java|storm-client/test/jvm/org/apache/storm/utils/SimpleVersionTest.java|storm-client/test/jvm/org/apache/storm/utils/StormBoundedExponentialBackoffRetryTest.java|storm-client/test/jvm/org/apache/storm/utils/ThriftTopologyUtilsTest.java|storm-client/test/jvm/org/apache/storm/utils/TimeTest.java|storm-client/test/jvm/org/apache/storm/utils/UtilsTest.java|storm-client/test/jvm/org/apache/storm/windowing/WaterMarkEventGeneratorTest.java|storm-client/test/jvm/org/apache/storm/windowing/WindowManagerTest.java|storm-client/test/jvm/org/apache/storm/windowing/persistence/WindowStateTest.java|storm-core/src/jvm/org/apache/storm/command/Activate.java|storm-core/src/jvm/org/apache/storm/command/AdminCommands.java|storm-core/src/jvm/org/apache/storm/command/BasicDrpcClient.java|storm-core/src/jvm/org/apache/storm/command/Blobstore.java|storm-core/src/jvm/org/apache/storm/command/CLI.java|storm-core/src/jvm/org/apache/storm/command/Deactivate.java|storm-core/src/jvm/org/apache/storm/command/GetErrors.java|storm-core/src/jvm/org/apache/storm/command/Heartbeats.java|storm-core/src/jvm/org/apache/storm/command/KillTopology.java|storm-core/src/jvm/org/apache/storm/command/ListTopologies.java|storm-core/src/jvm/org/apache/storm/command/Monitor.java|storm-core/src/jvm/org/apache/storm/command/Rebalance.java|storm-core/src/jvm/org/apache/storm/command/SetLogLevel.java|storm-core/src/jvm/org/apache/storm/command/UploadCredentials.java|storm-core/src/jvm/org/apache/storm/utils/TopologySpoutLag.java|storm-core/test/jvm/org/apache/storm/SubmitterTest.java|storm-core/test/jvm/org/apache/storm/command/RebalanceTest.java|storm-core/test/jvm/org/apache/storm/command/SetLogLevelTest.java|storm-core/test/jvm/org/apache/storm/command/TestCLI.java|storm-core/test/jvm/org/apache/storm/integration/AckTrackingFeeder.java|storm-core/test/jvm/org/apache/storm/integration/TestingTest.java|storm-core/test/jvm/org/apache/storm/integration/TopologyIntegrationTest.java|storm-core/test/jvm/org/apache/storm/messaging/NettyIntegrationTest.java|storm-core/test/jvm/org/apache/storm/messaging/netty/NettyTest.java|storm-core/test/jvm/org/apache/storm/serialization/SerializationTest.java|storm-core/test/jvm/org/apache/storm/stats/TestStatsUtil.java|storm-core/test/jvm/org/apache/storm/trident/StateTest.java|storm-server/src/main/java/org/apache/storm/DaemonConfig.java|storm-server/src/main/java/org/apache/storm/LocalCluster.java|storm-server/src/main/java/org/apache/storm/blobstore/BlobStoreUtils.java|storm-server/src/main/java/org/apache/storm/blobstore/LocalFsBlobStoreFile.java|storm-server/src/main/java/org/apache/storm/container/DefaultResourceIsolationManager.java|storm-server/src/main/java/org/apache/storm/container/ResourceIsolationInterface.java|storm-server/src/main/java/org/apache/storm/container/cgroup/CgroupManager.java|storm-server/src/main/java/org/apache/storm/container/docker/DockerManager.java|storm-server/src/main/java/org/apache/storm/container/oci/ImageManifest.java|storm-server/src/main/java/org/apache/storm/container/oci/OciContainerExecutorConfig.java|storm-server/src/main/java/org/apache/storm/container/oci/OciContainerManager.java|storm-server/src/main/java/org/apache/storm/container/oci/OciImageTagToManifestPluginInterface.java|storm-server/src/main/java/org/apache/storm/container/oci/OciManifestToResourcesPluginInterface.java|storm-server/src/main/java/org/apache/storm/container/oci/OciResource.java|storm-server/src/main/java/org/apache/storm/container/oci/OciResourcesLocalizerInterface.java|storm-server/src/main/java/org/apache/storm/container/oci/RuncLibContainerManager.java|storm-server/src/main/java/org/apache/storm/daemon/metrics/reporters/ConsolePreparableReporter.java|storm-server/src/main/java/org/apache/storm/daemon/metrics/reporters/CsvPreparableReporter.java|storm-server/src/main/java/org/apache/storm/daemon/supervisor/BasicContainer.java|storm-server/src/main/java/org/apache/storm/daemon/supervisor/Container.java|storm-server/src/main/java/org/apache/storm/daemon/supervisor/Slot.java|storm-server/src/main/java/org/apache/storm/daemon/supervisor/Supervisor.java|storm-server/src/main/java/org/apache/storm/daemon/supervisor/SupervisorUtils.java|storm-server/src/main/java/org/apache/storm/daemon/supervisor/timer/SupervisorHeartbeat.java|storm-server/src/main/java/org/apache/storm/localizer/AsyncLocalizer.java|storm-server/src/main/java/org/apache/storm/localizer/LocalizedResource.java|storm-server/src/main/java/org/apache/storm/localizer/LocalizedResourceRetentionSet.java|storm-server/src/main/java/org/apache/storm/localizer/LocallyCachedBlob.java|storm-server/src/main/java/org/apache/storm/localizer/PortAndAssignment.java|storm-server/src/main/java/org/apache/storm/metric/timed/TimerDecorated.java|storm-server/src/main/java/org/apache/storm/metricstore/MetricStoreConfig.java|storm-server/src/main/java/org/apache/storm/metricstore/rocksdb/RocksDbStore.java|storm-server/src/main/java/org/apache/storm/metricstore/rocksdb/StringMetadataCache.java|storm-server/src/main/java/org/apache/storm/nimbus/AssignmentDistributionService.java|storm-server/src/main/java/org/apache/storm/nimbus/TimeOutWorkerHeartbeatsRecoveryStrategy.java|storm-server/src/main/java/org/apache/storm/scheduler/Cluster.java|storm-server/src/main/java/org/apache/storm/scheduler/ISchedulingState.java|storm-server/src/main/java/org/apache/storm/scheduler/SchedulerAssignmentImpl.java|storm-server/src/main/java/org/apache/storm/scheduler/TopologyDetails.java|storm-server/src/main/java/org/apache/storm/scheduler/blacklist/BlacklistScheduler.java|storm-server/src/main/java/org/apache/storm/scheduler/resource/RasNode.java|storm-server/src/main/java/org/apache/storm/scheduler/resource/RasNodes.java|storm-server/src/main/java/org/apache/storm/scheduler/resource/ResourceUtils.java|storm-server/src/main/java/org/apache/storm/scheduler/resource/normalization/NormalizedResourceRequest.java|storm-server/src/main/java/org/apache/storm/scheduler/resource/normalization/NormalizedResources.java|storm-server/src/main/java/org/apache/storm/scheduler/resource/strategies/scheduling/BaseResourceAwareStrategy.java|storm-server/src/main/java/org/apache/storm/scheduler/resource/strategies/scheduling/ConstraintSolverConfig.java|storm-server/src/main/java/org/apache/storm/scheduler/resource/strategies/scheduling/ConstraintSolverStrategy.java|storm-server/src/main/java/org/apache/storm/scheduler/resource/strategies/scheduling/IStrategy.java|storm-server/src/main/java/org/apache/storm/scheduler/resource/strategies/scheduling/ObjectResourcesItem.java|storm-server/src/main/java/org/apache/storm/scheduler/resource/strategies/scheduling/RoundRobinResourceAwareStrategy.java|storm-server/src/main/java/org/apache/storm/scheduler/resource/strategies/scheduling/SchedulingSearcherState.java|storm-server/src/main/java/org/apache/storm/scheduler/resource/strategies/scheduling/sorter/ExecSorterByConnectionCount.java|storm-server/src/main/java/org/apache/storm/scheduler/resource/strategies/scheduling/sorter/ExecSorterByProximity.java|storm-server/src/main/java/org/apache/storm/scheduler/resource/strategies/scheduling/sorter/INodeSorter.java|storm-server/src/main/java/org/apache/storm/scheduler/resource/strategies/scheduling/sorter/NodeSorter.java|storm-server/src/main/java/org/apache/storm/scheduler/resource/strategies/scheduling/sorter/NodeSorterHostProximity.java|storm-server/src/main/java/org/apache/storm/scheduler/utils/ArtifactoryConfigLoader.java|storm-server/src/main/java/org/apache/storm/stats/StatsUtil.java|storm-server/src/main/java/org/apache/storm/utils/EnumUtil.java|storm-server/src/main/java/org/apache/storm/utils/EquivalenceUtils.java|storm-server/src/main/java/org/apache/storm/utils/ServerConfigUtils.java|storm-server/src/main/java/org/apache/storm/utils/ServerUtils.java|storm-server/src/main/java/org/apache/storm/utils/ZookeeperServerCnxnFactory.java|storm-submit-tools/src/main/java/org/apache/storm/submit/command/DependencyResolverMain.java|storm-webapp/src/main/java/org/apache/storm/daemon/common/AuthorizationExceptionMapper.java|storm-webapp/src/main/java/org/apache/storm/daemon/drpc/webapp/DRPCExceptionMapper.java|storm-webapp/src/main/java/org/apache/storm/daemon/logviewer/handler/LogviewerLogDownloadHandler.java|storm-webapp/src/main/java/org/apache/storm/daemon/logviewer/handler/LogviewerLogPageHandler.java|storm-webapp/src/main/java/org/apache/storm/daemon/logviewer/handler/LogviewerLogSearchHandler.java|storm-webapp/src/main/java/org/apache/storm/daemon/logviewer/handler/LogviewerProfileHandler.java|storm-webapp/src/main/java/org/apache/storm/daemon/logviewer/utils/DirectoryCleaner.java|storm-webapp/src/main/java/org/apache/storm/daemon/logviewer/utils/LogCleaner.java|storm-webapp/src/main/java/org/apache/storm/daemon/logviewer/utils/LogviewerResponseBuilder.java|storm-webapp/src/main/java/org/apache/storm/daemon/logviewer/utils/WorkerLogs.java|storm-webapp/src/main/java/org/apache/storm/daemon/ui/UIHelpers.java|storm-webapp/src/main/java/org/apache/storm/daemon/ui/filters/AuthorizedUserFilter.java|storm-webapp/src/main/java/org/apache/storm/daemon/ui/resources/StormApiResource.java|storm-webapp/src/main/java/org/apache/storm/daemon/utils/ListFunctionalSupport.java|storm-webapp/src/main/java/org/apache/storm/daemon/utils/StreamUtil.java",404,true,"0.9.2-incubating",true,"pronto per labeling [IV,FV)"
"STORM-3712",false,"",true,"2.3.0",1,0,"",0,false,"",false,"nessuna classe Java nei fixing commit"
"STORM-3704",true,"2.2.0",true,"2.3.0|2.2.1",1,0,"",0,false,"",false,"nessuna classe Java nei fixing commit"
"STORM-3701",true,"2.0.0|2.1.0|2.2.0",true,"2.3.0",1,1,"storm-server/src/main/java/org/apache/storm/localizer/AsyncLocalizer.java",2,true,"2.0.0",true,"pronto per labeling [IV,FV)"
"STORM-3699",true,"2.0.0|2.1.0|2.2.0",true,"2.3.0",1,0,"",0,false,"",false,"nessuna classe Java nei fixing commit"
"STORM-3696",false,"",true,"2.3.0",2,1,"storm-client/src/jvm/org/apache/storm/daemon/supervisor/ClientSupervisorUtils.java",1,true,"1.1.0",true,"pronto per labeling [IV,FV)"
"STORM-3695",false,"",true,"2.3.0",1,1,"storm-client/src/jvm/org/apache/storm/executor/Executor.java",2,true,"2.1.0",true,"pronto per labeling [IV,FV)"
"STORM-3693",true,"2.1.0",true,"2.8.0",0,0,"",0,false,"",false,"nessuna classe Java nei fixing commit"
"STORM-3690",true,"2.3.0",true,"2.3.0",1,1,"storm-server/src/main/java/org/apache/storm/scheduler/resource/normalization/NormalizedResourceRequest.java",2,true,"2.2.0",true,"pronto per labeling [IV,FV)"
"STORM-3684",true,"2.0.0|2.1.0|2.2.0",true,"2.3.0",1,1,"storm-client/src/jvm/org/apache/storm/daemon/worker/WorkerState.java",3,true,"1.0.6",true,"pronto per labeling [IV,FV)"
"STORM-3679",true,"2.0.0|2.1.0|2.2.0",true,"2.3.0",1,4,"storm-client/src/jvm/org/apache/storm/daemon/worker/WorkerState.java|storm-client/src/jvm/org/apache/storm/grouping/LoadAwareShuffleGrouping.java|storm-client/src/jvm/org/apache/storm/task/WorkerTopologyContext.java|storm-client/test/jvm/org/apache/storm/grouping/LoadAwareShuffleGroupingTest.java",5,true,"1.1.0",true,"pronto per labeling [IV,FV)"
"STORM-3677",true,"2.0.0|2.1.0|2.2.0",true,"2.3.0",1,1,"storm-client/src/jvm/org/apache/storm/daemon/worker/WorkerState.java",1,true,"2.2.0",true,"pronto per labeling [IV,FV)"
"STORM-3666",true,"2.0.0|2.1.0|2.2.0",true,"2.3.0",1,1,"storm-server/src/main/java/org/apache/storm/daemon/nimbus/Nimbus.java",4,true,"1.1.0",true,"pronto per labeling [IV,FV)"
"STORM-3663",true,"2.2.0",true,"2.3.0|2.2.1",2,0,"",0,false,"",false,"nessuna classe Java nei fixing commit"
"STORM-3658",true,"2.0.0|2.1.0|2.2.0",true,"2.3.0",1,3,"storm-client/src/jvm/org/apache/storm/daemon/worker/Worker.java|storm-client/src/jvm/org/apache/storm/executor/ExecutorShutdown.java|storm-client/src/jvm/org/apache/storm/utils/Utils.java",7,true,"0.10.1",true,"pronto per labeling [IV,FV)"
"STORM-3655",true,"2.0.0|2.1.0|2.2.0",true,"2.3.0",2,1,"storm-client/src/jvm/org/apache/storm/daemon/worker/WorkerState.java",4,true,"1.1.0",true,"pronto per labeling [IV,FV)"
"STORM-3652",true,"2.0.0|2.1.0|2.2.0",true,"2.3.0",1,3,"storm-core/test/jvm/org/apache/storm/stats/TestStatsUtil.java|storm-server/src/main/java/org/apache/storm/stats/StatsUtil.java|storm-webapp/src/main/java/org/apache/storm/daemon/ui/UIHelpers.java",3,true,"2.0.0",true,"pronto per labeling [IV,FV)"
"STORM-3649",true,"2.0.0|2.1.0|2.2.0",true,"2.3.0",2,1,"storm-server/src/main/java/org/apache/storm/daemon/supervisor/BasicContainer.java",1,true,"1.1.3",true,"pronto per labeling [IV,FV)"
"STORM-3631",true,"2.0.0|2.1.0",true,"2.2.0",2,8,"storm-client/src/jvm/org/apache/storm/Config.java|storm-client/src/jvm/org/apache/storm/security/auth/authorizer/SimpleACLAuthorizer.java|storm-client/src/jvm/org/apache/storm/security/auth/authorizer/SupervisorSimpleACLAuthorizer.java|storm-client/src/jvm/org/apache/storm/utils/ObjectReader.java|storm-server/src/main/java/org/apache/storm/DaemonConfig.java|storm-server/src/main/java/org/apache/storm/daemon/nimbus/Nimbus.java|storm-server/src/main/java/org/apache/storm/daemon/supervisor/Container.java|storm-server/src/main/java/org/apache/storm/utils/ServerConfigUtils.java",7,true,"1.1.0",true,"pronto per labeling [IV,FV)"
"STORM-3629",true,"2.0.0|2.1.0",true,"2.2.0|2.1.1",2,2,"storm-webapp/src/main/java/org/apache/storm/daemon/logviewer/handler/LogviewerLogPageHandler.java|storm-webapp/src/main/java/org/apache/storm/daemon/logviewer/utils/ResourceAuthorizer.java",5,true,"1.0.4",true,"pronto per labeling [IV,FV)"
"STORM-3626",true,"2.0.0|2.1.0",true,"2.2.0|2.1.1",2,0,"",0,false,"",false,"nessuna classe Java nei fixing commit"
"STORM-3624",true,"2.0.0|2.1.0|2.2.0",true,"2.3.0",1,8,"storm-server/src/main/java/org/apache/storm/DaemonConfig.java|storm-server/src/main/java/org/apache/storm/scheduler/DefaultScheduler.java|storm-server/src/main/java/org/apache/storm/scheduler/EvenScheduler.java|storm-server/src/main/java/org/apache/storm/scheduler/IsolationScheduler.java|storm-server/src/main/java/org/apache/storm/scheduler/multitenant/MultitenantScheduler.java|storm-server/src/main/java/org/apache/storm/scheduler/resource/ResourceAwareScheduler.java|storm-server/src/main/java/org/apache/storm/scheduler/utils/ArtifactoryConfigLoader.java|storm-server/src/main/java/org/apache/storm/scheduler/utils/SchedulerConfigCache.java",4,true,"1.1.0",true,"pronto per labeling [IV,FV)"
"STORM-3623",true,"2.0.0|2.1.0",true,"2.2.0",2,5,"storm-client/src/jvm/org/apache/storm/executor/Executor.java|storm-client/src/jvm/org/apache/storm/metrics2/StormMetricRegistry.java|storm-client/src/jvm/org/apache/storm/task/IMetricsContext.java|storm-client/src/jvm/org/apache/storm/task/TopologyContext.java|storm-client/src/jvm/org/apache/storm/trident/operation/TridentOperationContext.java",6,true,"1.1.3",true,"pronto per labeling [IV,FV)"
"STORM-3622",true,"2.2.0",true,"2.2.0",2,1,"storm-client/src/jvm/org/apache/storm/metric/SystemBolt.java",2,true,"1.1.3",true,"pronto per labeling [IV,FV)"
"STORM-3620",true,"2.0.0|2.1.0",true,"2.2.0",1,6,"examples/storm-starter/src/jvm/org/apache/storm/starter/MultiThreadWordCountTopology.java|examples/storm-starter/src/jvm/org/apache/storm/starter/WordCountTopology.java|examples/storm-starter/src/jvm/org/apache/storm/starter/bolt/WordCountBolt.java|storm-client/src/jvm/org/apache/storm/daemon/worker/WorkerTransfer.java|storm-client/src/jvm/org/apache/storm/executor/ExecutorTransfer.java|storm-client/test/jvm/org/apache/storm/executor/ExecutorTransferMultiThreadingTest.java",6,true,"1.0.0",true,"pronto per labeling [IV,FV)"
"STORM-3613",true,"2.0.0|2.1.0",true,"2.2.0|2.1.1",2,0,"",0,false,"",false,"nessuna classe Java nei fixing commit"
"STORM-3609",true,"2.0.0|2.1.0",true,"2.2.0|2.1.1",2,2,"storm-client/src/jvm/org/apache/storm/executor/bolt/BoltExecutor.java|storm-client/src/jvm/org/apache/storm/executor/spout/SpoutExecutor.java",1,true,"1.1.0",true,"pronto per labeling [IV,FV)"
"STORM-3606",true,"2.0.0|1.2.3|2.1.0",true,"2.2.0|2.1.1",2,1,"storm-client/src/jvm/org/apache/storm/security/auth/kerberos/AutoTGT.java",3,true,"1.0.4",true,"pronto per labeling [IV,FV)"
"STORM-3603",false,"",false,"",0,0,"",0,false,"",false,"nessuna classe Java nei fixing commit"
"STORM-3602",true,"2.0.0|2.1.0",true,"2.2.0|2.1.1",1,2,"storm-client/src/jvm/org/apache/storm/grouping/LoadAwareShuffleGrouping.java|storm-client/test/jvm/org/apache/storm/grouping/LoadAwareShuffleGroupingTest.java",1,true,"1.0.6",true,"pronto per labeling [IV,FV)"
"STORM-3598",true,"2.0.0|2.1.0",true,"2.2.0|2.1.1",2,1,"storm-server/src/main/java/org/apache/storm/stats/StatsUtil.java",2,true,"1.1.0",true,"pronto per labeling [IV,FV)"
"STORM-3583",false,"",true,"2.2.0",1,1,"storm-server/src/main/java/org/apache/storm/localizer/AsyncLocalizer.java",2,true,"1.1.3",true,"pronto per labeling [IV,FV)"
"STORM-3580",true,"2.0.0|2.1.0",true,"2.2.0|2.1.1",1,1,"storm-core/src/jvm/org/apache/storm/command/Rebalance.java",0,false,"",true,"SZZ non ha trovato un commit introducente"
"STORM-3577",true,"2.0.0|2.1.0",true,"2.2.0|2.1.1",1,2,"storm-client/src/jvm/org/apache/storm/security/auth/ClientAuthUtils.java|storm-client/src/jvm/org/apache/storm/security/auth/kerberos/AutoTGT.java",1,true,"1.1.3",true,"pronto per labeling [IV,FV)"
"STORM-3572",false,"",true,"2.2.0",2,2,"storm-server/src/main/java/org/apache/storm/stats/StatsUtil.java|storm-webapp/src/main/java/org/apache/storm/daemon/ui/resources/StormApiResource.java",1,true,"1.1.3",true,"pronto per labeling [IV,FV)"
"STORM-3568",false,"",true,"2.2.0|2.1.1",2,0,"",0,false,"",false,"nessuna classe Java nei fixing commit"
"STORM-3567",true,"2.1.0",true,"2.2.0|2.1.1",2,2,"storm-server/src/main/java/org/apache/storm/daemon/nimbus/Nimbus.java|storm-webapp/src/main/java/org/apache/storm/daemon/ui/UIHelpers.java",8,true,"1.1.0",true,"pronto per labeling [IV,FV)"
"STORM-3563",true,"2.1.0|2.2.0",false,"",2,0,"",0,false,"",false,"nessuna classe Java nei fixing commit"
"STORM-3559",true,"2.0.1",false,"",0,0,"",0,false,"",false,"nessuna classe Java nei fixing commit"
"STORM-3553",true,"2.0.0|1.2.3|2.1.0|2.2.0",true,"2.3.0|2.2.1",1,0,"",0,false,"",false,"nessuna classe Java nei fixing commit"
"STORM-3552",true,"2.0.0|2.1.0",true,"2.2.0|2.1.1",2,3,"storm-client/test/jvm/org/apache/storm/daemon/worker/LogConfigManagerTest.java|storm-core/src/jvm/org/apache/storm/command/SetLogLevel.java|storm-core/test/jvm/org/apache/storm/command/SetLogLevelTest.java",1,true,"1.0.0",true,"pronto per labeling [IV,FV)"
"STORM-3551",true,"2.1.0",true,"2.2.0",2,1,"storm-server/src/main/java/org/apache/storm/daemon/supervisor/Slot.java",4,true,"1.1.0",true,"pronto per labeling [IV,FV)"
"STORM-3549",true,"2.1.0",true,"2.2.0",3,18,"storm-client/src/jvm/org/apache/storm/messaging/netty/KerberosSaslNettyClient.java|storm-client/src/jvm/org/apache/storm/messaging/netty/KerberosSaslNettyServer.java|storm-client/src/jvm/org/apache/storm/messaging/netty/Login.java|storm-client/src/jvm/org/apache/storm/pacemaker/PacemakerClient.java|storm-client/src/jvm/org/apache/storm/security/auth/ClientAuthUtils.java|storm-client/src/jvm/org/apache/storm/security/auth/ITransportPlugin.java|storm-client/src/jvm/org/apache/storm/security/auth/SimpleTransportPlugin.java|storm-client/src/jvm/org/apache/storm/security/auth/ThriftClient.java|storm-client/src/jvm/org/apache/storm/security/auth/ThriftServer.java|storm-client/src/jvm/org/apache/storm/security/auth/digest/DigestSaslTransportPlugin.java|storm-client/src/jvm/org/apache/storm/security/auth/digest/JassPasswordProvider.java|storm-client/src/jvm/org/apache/storm/security/auth/kerberos/AutoTGT.java|storm-client/src/jvm/org/apache/storm/security/auth/kerberos/ClientCallbackHandler.java|storm-client/src/jvm/org/apache/storm/security/auth/kerberos/KerberosSaslTransportPlugin.java|storm-client/src/jvm/org/apache/storm/security/auth/kerberos/ServerCallbackHandler.java|storm-client/src/jvm/org/apache/storm/security/auth/sasl/SaslTransportPlugin.java|storm-client/test/jvm/org/apache/storm/security/auth/ClientAuthUtilsTest.java|storm-server/src/main/java/org/apache/storm/pacemaker/PacemakerServer.java",15,true,"1.0.0",true,"pronto per labeling [IV,FV)"
"STORM-3540",true,"2.1.0",true,"2.2.0",2,2,"storm-client/src/jvm/org/apache/storm/pacemaker/PacemakerClientHandler.java|storm-client/src/jvm/org/apache/storm/pacemaker/codec/ThriftNettyClientCodec.java",1,true,"1.1.3",true,"pronto per labeling [IV,FV)"
"STORM-3527",false,"",true,"2.2.0",2,1,"storm-server/src/main/java/org/apache/storm/daemon/supervisor/Container.java",2,true,"1.1.0",true,"pronto per labeling [IV,FV)"
"STORM-3524",true,"2.0.0",true,"2.1.0",1,1,"storm-server/src/main/java/org/apache/storm/localizer/LocalizedResource.java",2,true,"1.0.6",true,"pronto per labeling [IV,FV)"
"STORM-3523",true,"2.0.0",true,"2.2.0",3,1,"storm-server/src/main/java/org/apache/storm/localizer/AsyncLocalizer.java",6,true,"1.0.5",true,"pronto per labeling [IV,FV)"
"STORM-3521",true,"2.0.0",true,"2.1.0",2,0,"",0,false,"",false,"nessuna classe Java nei fixing commit"
"STORM-3520",true,"2.0.0",true,"2.1.0",2,0,"",0,false,"",false,"nessuna classe Java nei fixing commit"
"STORM-3519",true,"2.0.0",true,"2.2.0",1,1,"storm-server/src/main/java/org/apache/storm/scheduler/resource/strategies/scheduling/ConstraintSolverStrategy.java",4,true,"1.1.3",true,"pronto per labeling [IV,FV)"
"STORM-3516",false,"",true,"2.1.0",1,2,"storm-server/src/main/java/org/apache/storm/daemon/nimbus/Nimbus.java|storm-server/src/main/java/org/apache/storm/daemon/nimbus/TopologyActions.java",4,true,"1.0.3",true,"pronto per labeling [IV,FV)"
"STORM-3515",true,"2.0.0",true,"2.1.0",5,0,"",0,false,"",false,"nessuna classe Java nei fixing commit"
"STORM-3512",true,"2.0.0",true,"2.2.0",1,1,"storm-server/src/main/java/org/apache/storm/metricstore/NoOpMetricStore.java",0,false,"",true,"SZZ non ha trovato un commit introducente"
"STORM-3511",true,"2.0.0|2.1.0",true,"2.2.0|2.1.1",2,110,"storm-client/src/jvm/org/apache/storm/generated/AccessControl.java|storm-client/src/jvm/org/apache/storm/generated/AccessControlType.java|storm-client/src/jvm/org/apache/storm/generated/AlreadyAliveException.java|storm-client/src/jvm/org/apache/storm/generated/Assignment.java|storm-client/src/jvm/org/apache/storm/generated/AuthorizationException.java|storm-client/src/jvm/org/apache/storm/generated/BeginDownloadResult.java|storm-client/src/jvm/org/apache/storm/generated/Bolt.java|storm-client/src/jvm/org/apache/storm/generated/BoltAggregateStats.java|storm-client/src/jvm/org/apache/storm/generated/BoltStats.java|storm-client/src/jvm/org/apache/storm/generated/ClusterSummary.java|storm-client/src/jvm/org/apache/storm/generated/ClusterWorkerHeartbeat.java|storm-client/src/jvm/org/apache/storm/generated/CommonAggregateStats.java|storm-client/src/jvm/org/apache/storm/generated/ComponentAggregateStats.java|storm-client/src/jvm/org/apache/storm/generated/ComponentCommon.java|storm-client/src/jvm/org/apache/storm/generated/ComponentObject.java|storm-client/src/jvm/org/apache/storm/generated/ComponentPageInfo.java|storm-client/src/jvm/org/apache/storm/generated/ComponentType.java|storm-client/src/jvm/org/apache/storm/generated/Credentials.java|storm-client/src/jvm/org/apache/storm/generated/DRPCExceptionType.java|storm-client/src/jvm/org/apache/storm/generated/DRPCExecutionException.java|storm-client/src/jvm/org/apache/storm/generated/DRPCRequest.java|storm-client/src/jvm/org/apache/storm/generated/DebugOptions.java|storm-client/src/jvm/org/apache/storm/generated/DistributedRPC.java|storm-client/src/jvm/org/apache/storm/generated/DistributedRPCInvocations.java|storm-client/src/jvm/org/apache/storm/generated/ErrorInfo.java|storm-client/src/jvm/org/apache/storm/generated/ExecutorAggregateStats.java|storm-client/src/jvm/org/apache/storm/generated/ExecutorInfo.java|storm-client/src/jvm/org/apache/storm/generated/ExecutorSpecificStats.java|storm-client/src/jvm/org/apache/storm/generated/ExecutorStats.java|storm-client/src/jvm/org/apache/storm/generated/ExecutorSummary.java|storm-client/src/jvm/org/apache/storm/generated/GetInfoOptions.java|storm-client/src/jvm/org/apache/storm/generated/GlobalStreamId.java|storm-client/src/jvm/org/apache/storm/generated/Grouping.java|storm-client/src/jvm/org/apache/storm/generated/HBAuthorizationException.java|storm-client/src/jvm/org/apache/storm/generated/HBExecutionException.java|storm-client/src/jvm/org/apache/storm/generated/HBMessage.java|storm-client/src/jvm/org/apache/storm/generated/HBMessageData.java|storm-client/src/jvm/org/apache/storm/generated/HBNodes.java|storm-client/src/jvm/org/apache/storm/generated/HBPulse.java|storm-client/src/jvm/org/apache/storm/generated/HBRecords.java|storm-client/src/jvm/org/apache/storm/generated/HBServerMessageType.java|storm-client/src/jvm/org/apache/storm/generated/IllegalStateException.java|storm-client/src/jvm/org/apache/storm/generated/InvalidTopologyException.java|storm-client/src/jvm/org/apache/storm/generated/JavaObject.java|storm-client/src/jvm/org/apache/storm/generated/JavaObjectArg.java|storm-client/src/jvm/org/apache/storm/generated/KeyAlreadyExistsException.java|storm-client/src/jvm/org/apache/storm/generated/KeyNotFoundException.java|storm-client/src/jvm/org/apache/storm/generated/KillOptions.java|storm-client/src/jvm/org/apache/storm/generated/LSApprovedWorkers.java|storm-client/src/jvm/org/apache/storm/generated/LSSupervisorAssignments.java|storm-client/src/jvm/org/apache/storm/generated/LSSupervisorId.java|storm-client/src/jvm/org/apache/storm/generated/LSTopoHistory.java|storm-client/src/jvm/org/apache/storm/generated/LSTopoHistoryList.java|storm-client/src/jvm/org/apache/storm/generated/LSWorkerHeartbeat.java|storm-client/src/jvm/org/apache/storm/generated/ListBlobsResult.java|storm-client/src/jvm/org/apache/storm/generated/LocalAssignment.java|storm-client/src/jvm/org/apache/storm/generated/LocalStateData.java|storm-client/src/jvm/org/apache/storm/generated/LogConfig.java|storm-client/src/jvm/org/apache/storm/generated/LogLevel.java|storm-client/src/jvm/org/apache/storm/generated/LogLevelAction.java|storm-client/src/jvm/org/apache/storm/generated/Nimbus.java|storm-client/src/jvm/org/apache/storm/generated/NimbusSummary.java|storm-client/src/jvm/org/apache/storm/generated/NodeInfo.java|storm-client/src/jvm/org/apache/storm/generated/NotAliveException.java|storm-client/src/jvm/org/apache/storm/generated/NullStruct.java|storm-client/src/jvm/org/apache/storm/generated/NumErrorsChoice.java|storm-client/src/jvm/org/apache/storm/generated/OwnerResourceSummary.java|storm-client/src/jvm/org/apache/storm/generated/PrivateWorkerKey.java|storm-client/src/jvm/org/apache/storm/generated/ProfileAction.java|storm-client/src/jvm/org/apache/storm/generated/ProfileRequest.java|storm-client/src/jvm/org/apache/storm/generated/ReadableBlobMeta.java|storm-client/src/jvm/org/apache/storm/generated/RebalanceOptions.java|storm-client/src/jvm/org/apache/storm/generated/SettableBlobMeta.java|storm-client/src/jvm/org/apache/storm/generated/SharedMemory.java|storm-client/src/jvm/org/apache/storm/generated/ShellComponent.java|storm-client/src/jvm/org/apache/storm/generated/SpecificAggregateStats.java|storm-client/src/jvm/org/apache/storm/generated/SpoutAggregateStats.java|storm-client/src/jvm/org/apache/storm/generated/SpoutSpec.java|storm-client/src/jvm/org/apache/storm/generated/SpoutStats.java|storm-client/src/jvm/org/apache/storm/generated/StateSpoutSpec.java|storm-client/src/jvm/org/apache/storm/generated/StormBase.java|storm-client/src/jvm/org/apache/storm/generated/StormTopology.java|storm-client/src/jvm/org/apache/storm/generated/StreamInfo.java|storm-client/src/jvm/org/apache/storm/generated/SubmitOptions.java|storm-client/src/jvm/org/apache/storm/generated/Supervisor.java|storm-client/src/jvm/org/apache/storm/generated/SupervisorAssignments.java|storm-client/src/jvm/org/apache/storm/generated/SupervisorInfo.java|storm-client/src/jvm/org/apache/storm/generated/SupervisorPageInfo.java|storm-client/src/jvm/org/apache/storm/generated/SupervisorSummary.java|storm-client/src/jvm/org/apache/storm/generated/SupervisorWorkerHeartbeat.java|storm-client/src/jvm/org/apache/storm/generated/SupervisorWorkerHeartbeats.java|storm-client/src/jvm/org/apache/storm/generated/ThriftSerializedObject.java|storm-client/src/jvm/org/apache/storm/generated/TopologyActionOptions.java|storm-client/src/jvm/org/apache/storm/generated/TopologyHistoryInfo.java|storm-client/src/jvm/org/apache/storm/generated/TopologyInfo.java|storm-client/src/jvm/org/apache/storm/generated/TopologyInitialStatus.java|storm-client/src/jvm/org/apache/storm/generated/TopologyPageInfo.java|storm-client/src/jvm/org/apache/storm/generated/TopologyStats.java|storm-client/src/jvm/org/apache/storm/generated/TopologyStatus.java|storm-client/src/jvm/org/apache/storm/generated/TopologySummary.java|storm-client/src/jvm/org/apache/storm/generated/WorkerMetricList.java|storm-client/src/jvm/org/apache/storm/generated/WorkerMetricPoint.java|storm-client/src/jvm/org/apache/storm/generated/WorkerMetrics.java|storm-client/src/jvm/org/apache/storm/generated/WorkerResources.java|storm-client/src/jvm/org/apache/storm/generated/WorkerSummary.java|storm-client/src/jvm/org/apache/storm/generated/WorkerToken.java|storm-client/src/jvm/org/apache/storm/generated/WorkerTokenInfo.java|storm-client/src/jvm/org/apache/storm/generated/WorkerTokenServiceType.java|storm-client/src/jvm/org/apache/storm/security/auth/SimpleTransportPlugin.java|storm-client/src/jvm/org/apache/storm/security/auth/sasl/SaslTransportPlugin.java",2,true,"1.0.0",true,"pronto per labeling [IV,FV)"
"STORM-3510",true,"2.2.0",true,"2.2.0",1,3,"storm-client/src/jvm/org/apache/storm/daemon/worker/BackPressureTracker.java|storm-client/src/jvm/org/apache/storm/daemon/worker/WorkerState.java|storm-client/test/jvm/org/apache/storm/daemon/worker/BackPressureTrackerTest.java",3,true,"1.0.6",true,"pronto per labeling [IV,FV)"
"STORM-3504",true,"2.0.0",true,"2.2.0",1,0,"",0,false,"",false,"nessuna classe Java nei fixing commit"
"STORM-3501",true,"2.0.0|2.1.0",true,"2.1.0",1,4,"storm-client/src/jvm/org/apache/storm/daemon/supervisor/AdvancedFSOps.java|storm-client/src/jvm/org/apache/storm/daemon/supervisor/IAdvancedFSOps.java|storm-server/src/main/java/org/apache/storm/localizer/LocallyCachedTopologyBlob.java|storm-server/src/main/java/org/apache/storm/utils/ServerUtils.java",1,true,"1.0.6",true,"pronto per labeling [IV,FV)"
"STORM-3500",true,"2.1.0",true,"2.1.0",2,2,"storm-client/src/jvm/org/apache/storm/Config.java|storm-client/src/jvm/org/apache/storm/dependency/DependencyUploader.java",2,true,"2.0.0",true,"pronto per labeling [IV,FV)"
"STORM-3498",false,"",true,"2.2.0",1,0,"",0,false,"",false,"nessuna classe Java nei fixing commit"
"STORM-3491",true,"2.1.0",true,"2.1.0",2,1,"storm-client/src/jvm/org/apache/storm/task/ShellBolt.java",1,true,"1.2.3",true,"pronto per labeling [IV,FV)"
"STORM-3488",false,"",true,"2.1.0",2,1,"storm-server/src/main/java/org/apache/storm/scheduler/Cluster.java",4,true,"1.0.4",true,"pronto per labeling [IV,FV)"
"STORM-3485",true,"2.1.0",true,"2.1.0",2,2,"storm-buildtools/storm-maven-plugins/src/main/java/org/apache/storm/maven/plugin/versioninfo/VersionInfoMojo.java|storm-webapp/src/main/java/org/apache/storm/daemon/ui/UIHelpers.java",1,true,"2.0.0",true,"pronto per labeling [IV,FV)"
"STORM-3481",true,"2.0.0",true,"2.1.0",2,2,"storm-client/src/jvm/org/apache/storm/Config.java|storm-server/src/main/java/org/apache/storm/scheduler/resource/strategies/scheduling/ConstraintSolverStrategy.java",3,true,"1.1.3",true,"pronto per labeling [IV,FV)"
"STORM-3470",true,"2.0.0",true,"2.1.0",2,1,"storm-client/src/jvm/org/apache/storm/security/auth/sasl/SimpleSaslServerCallbackHandler.java",1,true,"1.0.6",true,"pronto per labeling [IV,FV)"
"STORM-3469",false,"",false,"",0,0,"",0,false,"",false,"nessuna classe Java nei fixing commit"
"STORM-3468",false,"",false,"",2,0,"",0,false,"",false,"nessuna classe Java nei fixing commit"
"STORM-3467",false,"",false,"",0,0,"",0,false,"",false,"nessuna classe Java nei fixing commit"
"STORM-3466",true,"2.0.0",true,"2.1.0",2,0,"",0,false,"",false,"nessuna classe Java nei fixing commit"
"STORM-3436",true,"2.0.0",true,"2.1.0",2,3,"storm-client/src/jvm/org/apache/storm/executor/TupleInfo.java|storm-client/src/jvm/org/apache/storm/executor/spout/SpoutExecutor.java|storm-client/src/jvm/org/apache/storm/executor/spout/SpoutOutputCollectorImpl.java",3,true,"0.10.1",true,"pronto per labeling [IV,FV)"
"STORM-3422",true,"2.0.0|1.2.2",true,"2.1.0",2,1,"storm-client/src/jvm/org/apache/storm/testing/TupleCaptureBolt.java",3,true,"1.0.0",true,"pronto per labeling [IV,FV)"
"STORM-3408",true,"2.0.0",true,"2.1.0",1,2,"storm-server/src/main/java/org/apache/storm/metricstore/rocksdb/RocksDbMetricsWriter.java|storm-server/src/main/java/org/apache/storm/metricstore/rocksdb/RocksDbStore.java",2,true,"1.0.6",true,"pronto per labeling [IV,FV)"
"STORM-3404",true,"1.2.2",true,"2.6.0",1,2,"external/storm-kafka-monitor/src/main/java/org/apache/storm/kafka/monitor/KafkaOffsetLagUtil.java|external/storm-kafka-monitor/src/main/java/org/apache/storm/kafka/monitor/NewKafkaSpoutOffsetQuery.java",2,true,"2.0.0",true,"pronto per labeling [IV,FV)"
"STORM-3400",false,"",false,"",0,0,"",0,false,"",false,"nessuna classe Java nei fixing commit"
"STORM-3398",true,"1.1.0|1.2.2",false,"",0,0,"",0,false,"",false,"nessuna classe Java nei fixing commit"
"STORM-3390",true,"2.0.0",true,"2.1.0",2,0,"",0,false,"",false,"nessuna classe Java nei fixing commit"
"STORM-3385",false,"",true,"2.1.0",2,1,"storm-client/src/jvm/org/apache/storm/daemon/supervisor/ClientSupervisorUtils.java",1,true,"1.1.0",true,"pronto per labeling [IV,FV)"
"STORM-3384",true,"1.0.6|1.1.3|1.2.2",true,"1.2.3|1.1.4",0,0,"",0,false,"",false,"nessuna classe Java nei fixing commit"
"STORM-3381",true,"2.0.0|1.2.3|1.1.4",true,"2.0.0|1.2.3|1.1.4",2,0,"",0,false,"",false,"nessuna classe Java nei fixing commit"
"STORM-3379",true,"2.0.0",true,"2.1.0",2,12,"storm-client/src/jvm/org/apache/storm/daemon/worker/Worker.java|storm-client/src/jvm/org/apache/storm/daemon/worker/WorkerState.java|storm-client/src/jvm/org/apache/storm/security/auth/workertoken/WorkerTokenAuthorizer.java|storm-client/src/jvm/org/apache/storm/utils/SupervisorClient.java|storm-client/src/jvm/org/apache/storm/utils/SupervisorIfaceFactory.java|storm-server/src/main/java/org/apache/storm/daemon/supervisor/Container.java|storm-server/src/main/java/org/apache/storm/daemon/supervisor/ContainerLauncher.java|storm-server/src/main/java/org/apache/storm/daemon/supervisor/LocalContainer.java|storm-server/src/main/java/org/apache/storm/daemon/supervisor/LocalContainerLauncher.java|storm-server/src/main/java/org/apache/storm/daemon/supervisor/ReadClusterState.java|storm-server/src/main/java/org/apache/storm/daemon/supervisor/Supervisor.java|storm-server/src/main/java/org/apache/storm/nimbus/AssignmentDistributionService.java",10,true,"1.0.6",true,"pronto per labeling [IV,FV)"
"STORM-3377",true,"2.0.0",true,"2.0.0",2,4,"storm-server/src/main/java/org/apache/storm/scheduler/Cluster.java|storm-server/src/main/java/org/apache/storm/scheduler/resource/RAS_Node.java|storm-server/src/main/java/org/apache/storm/scheduler/resource/normalization/NormalizedResourceOffer.java|storm-server/src/main/java/org/apache/storm/scheduler/resource/normalization/NormalizedResources.java",2,true,"1.0.6",true,"pronto per labeling [IV,FV)"
"STORM-3376",true,"2.0.0",true,"2.1.0",2,20,"storm-client/src/jvm/org/apache/storm/cluster/IStateStorage.java|storm-client/src/jvm/org/apache/storm/cluster/StormClusterStateImpl.java|storm-client/src/jvm/org/apache/storm/daemon/worker/Worker.java|storm-client/src/jvm/org/apache/storm/daemon/worker/WorkerState.java|storm-client/src/jvm/org/apache/storm/messaging/IConnection.java|storm-client/src/jvm/org/apache/storm/messaging/IContext.java|storm-client/src/jvm/org/apache/storm/messaging/local/Context.java|storm-client/src/jvm/org/apache/storm/messaging/netty/Client.java|storm-client/src/jvm/org/apache/storm/messaging/netty/Context.java|storm-client/src/jvm/org/apache/storm/messaging/netty/Server.java|storm-client/src/jvm/org/apache/storm/security/auth/ThriftServer.java|storm-client/src/jvm/org/apache/storm/security/auth/digest/DigestSaslTransportPlugin.java|storm-client/src/jvm/org/apache/storm/security/auth/kerberos/KerberosSaslTransportPlugin.java|storm-client/src/jvm/org/apache/storm/security/auth/sasl/SaslTransportPlugin.java|storm-client/src/jvm/org/apache/storm/security/auth/workertoken/WorkerTokenAuthorizer.java|storm-core/test/jvm/org/apache/storm/messaging/netty/NettyTest.java|storm-server/src/main/java/org/apache/storm/LocalCluster.java|storm-server/src/main/java/org/apache/storm/blobstore/LocalFsBlobStore.java|storm-server/src/main/java/org/apache/storm/daemon/supervisor/Slot.java|storm-server/src/main/java/org/apache/storm/localizer/AsyncLocalizer.java",15,true,"1.0.0",true,"pronto per labeling [IV,FV)"
"STORM-3375",false,"",true,"2.0.0",2,2,"external/storm-hive/src/main/java/org/apache/storm/hive/bolt/mapper/DelimitedRecordHiveMapper.java|external/storm-hive/src/main/java/org/apache/storm/hive/bolt/mapper/JsonRecordHiveMapper.java",1,true,"0.9.4",true,"pronto per labeling [IV,FV)"
"STORM-3372",true,"2.0.0",true,"2.1.0",2,1,"external/storm-hdfs/src/main/java/org/apache/storm/hdfs/bolt/AbstractHdfsBolt.java",1,true,"1.0.6",true,"pronto per labeling [IV,FV)"
"STORM-3371",true,"2.0.0",true,"2.1.0",2,3,"storm-client/src/jvm/org/apache/storm/task/IMetricsContext.java|storm-client/src/jvm/org/apache/storm/task/TopologyContext.java|storm-client/src/jvm/org/apache/storm/trident/operation/TridentOperationContext.java",1,true,"1.1.3",true,"pronto per labeling [IV,FV)"
"STORM-3362",false,"",true,"2.0.0",2,2,"external/storm-eventhubs/src/main/java/org/apache/storm/eventhubs/spout/EventHubReceiverImpl.java|external/storm-eventhubs/src/main/java/org/apache/storm/eventhubs/spout/EventHubSpoutConfig.java",0,false,"",true,"SZZ non ha trovato un commit introducente"
"STORM-3356",true,"2.0.0",true,"2.0.0",2,0,"",0,false,"",false,"nessuna classe Java nei fixing commit"
"STORM-3354",true,"2.0.0",true,"2.0.0",2,10,"storm-client/src/jvm/org/apache/storm/messaging/netty/StormServerHandler.java|storm-client/src/jvm/org/apache/storm/nimbus/ILeaderElector.java|storm-client/src/jvm/org/apache/storm/utils/Utils.java|storm-core/src/jvm/org/apache/storm/testing/MockLeaderElector.java|storm-server/src/main/java/org/apache/storm/blobstore/LocalFsBlobStore.java|storm-server/src/main/java/org/apache/storm/daemon/nimbus/Nimbus.java|storm-server/src/main/java/org/apache/storm/nimbus/LeaderListenerCallback.java|storm-server/src/main/java/org/apache/storm/zookeeper/LeaderElectorImp.java|storm-server/src/main/java/org/apache/storm/zookeeper/LeaderListenerCallbackFactory.java|storm-server/src/main/java/org/apache/storm/zookeeper/Zookeeper.java",16,true,"1.0.0",true,"pronto per labeling [IV,FV)"
"STORM-3352",true,"2.0.0",true,"2.0.0",2,0,"",0,false,"",false,"nessuna classe Java nei fixing commit"
"STORM-3348",true,"2.0.0|1.x|1.2.2",true,"2.0.0|1.2.4",2,1,"storm-core/src/jvm/org/apache/storm/utils/TopologySpoutLag.java",4,true,"1.0.2",true,"pronto per labeling [IV,FV)"
"STORM-3343",true,"2.0.0",true,"2.0.0",2,1,"storm-client/test/jvm/org/apache/storm/utils/JCQueueTest.java",2,true,"1.0.6",true,"pronto per labeling [IV,FV)"
"STORM-3333",true,"2.0.0",true,"2.0.0",1,0,"",0,false,"",false,"nessuna classe Java nei fixing commit"
"STORM-3327",true,"2.0.0",true,"2.0.0",2,7,"storm-client/src/jvm/org/apache/storm/cluster/ClusterUtils.java|storm-client/src/jvm/org/apache/storm/utils/ConfigUtils.java|storm-client/src/jvm/org/apache/storm/utils/Utils.java|storm-webapp/src/main/java/org/apache/storm/daemon/logviewer/webapp/LogviewerResource.java|storm-webapp/src/main/java/org/apache/storm/daemon/ui/UIHelpers.java|storm-webapp/src/main/java/org/apache/storm/daemon/ui/resources/StormApiResource.java|storm-webapp/src/main/java/org/apache/storm/daemon/utils/UrlBuilder.java",8,true,"1.1.0",true,"pronto per labeling [IV,FV)"
"STORM-3321",true,"2.0.0",true,"2.0.0",2,9,"storm-client/src/jvm/org/apache/storm/metric/cgroup/CGroupMetricsBase.java|storm-client/src/jvm/org/apache/storm/nimbus/ILeaderElector.java|storm-client/src/jvm/org/apache/storm/testing/FixedTupleSpout.java|storm-core/src/jvm/org/apache/storm/testing/MockLeaderElector.java|storm-server/src/main/java/org/apache/storm/LocalCluster.java|storm-server/src/main/java/org/apache/storm/daemon/nimbus/Nimbus.java|storm-server/src/main/java/org/apache/storm/daemon/supervisor/ReadClusterState.java|storm-server/src/main/java/org/apache/storm/daemon/supervisor/Supervisor.java|storm-server/src/main/java/org/apache/storm/zookeeper/LeaderElectorImp.java",3,true,"1.1.0",true,"pronto per labeling [IV,FV)"
"STORM-3320",true,"2.0.0",true,"2.0.0",2,4,"storm-client/src/jvm/org/apache/storm/daemon/worker/WorkerState.java|storm-client/src/jvm/org/apache/storm/executor/Executor.java|storm-client/src/jvm/org/apache/storm/executor/bolt/BoltExecutor.java|storm-client/src/jvm/org/apache/storm/executor/spout/SpoutExecutor.java",2,true,"1.0.6",true,"pronto per labeling [IV,FV)"
"STORM-3319",true,"2.0.0",true,"2.0.0",2,5,"storm-server/src/main/java/org/apache/storm/daemon/supervisor/Slot.java|storm-server/src/main/java/org/apache/storm/localizer/AsyncLocalizer.java|storm-server/src/main/java/org/apache/storm/localizer/LocalizedResource.java|storm-server/src/main/java/org/apache/storm/localizer/LocallyCachedBlob.java|storm-server/src/main/java/org/apache/storm/localizer/LocallyCachedTopologyBlob.java",10,true,"1.1.0",true,"pronto per labeling [IV,FV)"
"STORM-3317",true,"2.0.0",true,"2.0.0",2,1,"storm-core/src/jvm/org/apache/storm/command/UploadCredentials.java",0,false,"",true,"SZZ non ha trovato un commit introducente"
"STORM-3310",true,"2.0.0",true,"2.0.0",3,1,"storm-client/test/jvm/org/apache/storm/utils/JCQueueTest.java",3,true,"1.0.6",true,"pronto per labeling [IV,FV)"
"STORM-3309",true,"2.0.0",true,"2.0.0",3,10,"storm-client/src/jvm/org/apache/storm/executor/Executor.java|storm-client/src/jvm/org/apache/storm/executor/bolt/BoltExecutor.java|storm-client/src/jvm/org/apache/storm/executor/spout/SpoutExecutor.java|storm-client/src/jvm/org/apache/storm/utils/InprocMessaging.java|storm-client/src/jvm/org/apache/storm/utils/Utils.java|storm-client/src/jvm/org/apache/storm/zookeeper/ClientZookeeper.java|storm-core/test/jvm/org/apache/storm/integration/AssertLoop.java|storm-core/test/jvm/org/apache/storm/integration/TestingTest.java|storm-core/test/jvm/org/apache/storm/integration/TopologyIntegrationTest.java|storm-server/src/main/java/org/apache/storm/LocalCluster.java",4,true,"1.0.2",true,"pronto per labeling [IV,FV)"
"STORM-3307",true,"2.0.0",false,"",2,1,"storm-webapp/src/main/java/org/apache/storm/daemon/ui/UIHelpers.java",1,true,"2.0.0",true,"pronto per labeling [IV,FV)"
"STORM-3303",false,"",true,"2.0.0",2,5,"storm-client/src/jvm/org/apache/storm/pacemaker/PacemakerClient.java|storm-client/src/jvm/org/apache/storm/utils/StormBoundedExponentialBackoffRetry.java|storm-server/src/main/java/org/apache/storm/daemon/nimbus/Nimbus.java|storm-server/src/main/java/org/apache/storm/daemon/supervisor/Supervisor.java|storm-server/src/main/java/org/apache/storm/security/auth/workertoken/WorkerTokenManager.java",6,true,"1.0.3",true,"pronto per labeling [IV,FV)"
"STORM-3302",false,"",true,"2.0.0",2,4,"storm-client/src/jvm/org/apache/storm/blobstore/BlobStore.java|storm-client/src/jvm/org/apache/storm/dependency/DependencyUploader.java|storm-server/src/main/java/org/apache/storm/blobstore/BlobStoreUtils.java|storm-server/src/main/java/org/apache/storm/nimbus/LeaderListenerCallback.java",5,true,"1.0.0",true,"pronto per labeling [IV,FV)"
"STORM-3301",true,"2.0.0|1.2.2",true,"2.0.0|1.2.3",2,2,"external/storm-kafka-client/src/main/java/org/apache/storm/kafka/spout/KafkaSpout.java|external/storm-kafka-client/src/main/java/org/apache/storm/kafka/spout/internal/OffsetManager.java",6,true,"1.1.1",true,"pronto per labeling [IV,FV)"
"STORM-3300",true,"2.0.0",true,"2.0.0",2,1,"storm-client/src/jvm/org/apache/storm/daemon/Acker.java",1,true,"1.0.6",true,"pronto per labeling [IV,FV)"
"STORM-3297",true,"2.0.0",true,"2.0.0",1,1,"storm-server/src/main/java/org/apache/storm/metricstore/NimbusMetricProcessor.java",1,true,"1.0.6",true,"pronto per labeling [IV,FV)"
"STORM-3295",true,"2.0.0",true,"2.0.0",3,2,"storm-server/src/main/java/org/apache/storm/scheduler/blacklist/strategies/DefaultBlacklistStrategy.java|storm-server/src/main/java/org/apache/storm/scheduler/blacklist/strategies/RasBlacklistStrategy.java",4,true,"1.0.2",true,"pronto per labeling [IV,FV)"
"STORM-3288",true,"2.0.0",true,"2.0.0",2,1,"storm-server/src/main/java/org/apache/storm/localizer/LocallyCachedTopologyBlob.java",1,true,"1.0.6",true,"pronto per labeling [IV,FV)"
"STORM-3284",false,"",true,"2.0.0",1,2,"storm-server/src/main/java/org/apache/storm/DaemonConfig.java|storm-server/src/main/java/org/apache/storm/container/cgroup/CgroupManager.java",0,false,"",true,"SZZ non ha trovato un commit introducente"
"STORM-3282",false,"",true,"2.0.0",0,0,"",0,false,"",false,"nessuna classe Java nei fixing commit"
"STORM-3279",true,"2.0.0",true,"2.0.0",1,2,"external/storm-kafka-client/src/main/java/org/apache/storm/kafka/spout/trident/KafkaTridentSpoutBatchMetadata.java|external/storm-kafka-client/src/main/java/org/apache/storm/kafka/spout/trident/KafkaTridentSpoutEmitter.java",5,true,"1.0.2",true,"pronto per labeling [IV,FV)"
"STORM-3278",false,"",true,"2.0.0",2,0,"",0,false,"",false,"nessuna classe Java nei fixing commit"
"STORM-3277",true,"1.2.2",false,"",0,0,"",0,false,"",false,"nessuna classe Java nei fixing commit"
"STORM-3276",true,"2.0.0",true,"2.0.0",2,2,"flux/flux-core/src/main/java/org/apache/storm/flux/Flux.java|storm-server/src/main/java/org/apache/storm/LocalCluster.java",9,true,"0.9.4",true,"pronto per labeling [IV,FV)"
"STORM-3275",false,"",true,"2.0.0",1,1,"storm-webapp/src/main/java/org/apache/storm/daemon/ui/UIHelpers.java",2,true,"1.1.3",true,"pronto per labeling [IV,FV)"
"STORM-3273",true,"2.0.0",true,"2.0.0",2,1,"storm-server/src/main/java/org/apache/storm/daemon/nimbus/Nimbus.java",0,false,"",true,"SZZ non ha trovato un commit introducente"
"STORM-3272",false,"",false,"",3,0,"",0,false,"",false,"nessuna classe Java nei fixing commit"
"STORM-3269",true,"2.0.0",true,"2.0.0",2,4,"storm-client/src/jvm/org/apache/storm/utils/VersionInfo.java|storm-server/src/main/java/org/apache/storm/metricstore/rocksdb/ReadOnlyStringMetadataCache.java|storm-server/src/main/java/org/apache/storm/metricstore/rocksdb/RocksDbMetricsWriter.java|storm-server/src/main/java/org/apache/storm/metricstore/rocksdb/WritableStringMetadataCache.java",3,true,"1.0.6",true,"pronto per labeling [IV,FV)"
"STORM-3265",false,"",true,"2.0.0",2,0,"",0,false,"",false,"nessuna classe Java nei fixing commit"
"STORM-3264",false,"",false,"",2,0,"",0,false,"",false,"nessuna classe Java nei fixing commit"
"STORM-3262",false,"",true,"2.0.0",2,1,"storm-server/src/main/java/org/apache/storm/daemon/nimbus/Nimbus.java",1,true,"1.1.3",true,"pronto per labeling [IV,FV)"
"STORM-3255",false,"",true,"2.0.0",1,0,"",0,false,"",false,"nessuna classe Java nei fixing commit"
"STORM-3254",false,"",true,"2.0.0",1,1,"storm-server/src/main/java/org/apache/storm/daemon/supervisor/Slot.java",2,true,"1.1.0",true,"pronto per labeling [IV,FV)"
"STORM-3252",true,"1.2.2",true,"2.0.0",2,2,"storm-server/src/main/java/org/apache/storm/blobstore/BlobStoreUtils.java|storm-server/src/main/java/org/apache/storm/blobstore/LocalFsBlobStore.java",3,true,"1.1.0",true,"pronto per labeling [IV,FV)"
"STORM-3251",false,"",true,"2.0.0",2,1,"storm-webapp/src/main/java/org/apache/storm/daemon/logviewer/utils/ResourceAuthorizer.java",3,true,"1.0.4",true,"pronto per labeling [IV,FV)"
"STORM-3249",true,"2.0.0",true,"2.0.0",2,6,"external/storm-hdfs/src/main/java/org/apache/storm/hdfs/spout/HdfsSpout.java|external/storm-hive/src/main/java/org/apache/storm/hive/bolt/HiveBolt.java|external/storm-hive/src/main/java/org/apache/storm/hive/trident/HiveState.java|storm-client/src/jvm/org/apache/storm/utils/Utils.java|storm-server/src/main/java/org/apache/storm/blobstore/LocalFsBlobStore.java|storm-server/src/main/java/org/apache/storm/daemon/drpc/DRPC.java",7,true,"0.9.4",true,"pronto per labeling [IV,FV)"
"STORM-3248",false,"",true,"2.0.0",1,1,"storm-webapp/src/main/java/org/apache/storm/daemon/ui/UIHelpers.java",1,true,"2.0.0",true,"pronto per labeling [IV,FV)"
"STORM-3247",true,"2.0.0",true,"2.0.0",2,2,"storm-client/src/jvm/org/apache/storm/Config.java|storm-server/src/main/java/org/apache/storm/LocalCluster.java",3,true,"1.1.0",true,"pronto per labeling [IV,FV)"
"STORM-3246",false,"",true,"2.0.0",1,0,"",0,false,"",false,"nessuna classe Java nei fixing commit"
"STORM-3245",true,"2.0.0",true,"2.0.0",2,3,"storm-webapp/src/main/java/org/apache/storm/daemon/logviewer/utils/DirectoryCleaner.java|storm-webapp/src/main/java/org/apache/storm/daemon/logviewer/utils/LogCleaner.java|storm-webapp/src/main/java/org/apache/storm/daemon/logviewer/utils/WorkerLogs.java",5,true,"1.0.4",true,"pronto per labeling [IV,FV)"
"STORM-3244",false,"",true,"2.0.0",3,2,"storm-server/src/main/java/org/apache/storm/DaemonConfig.java|storm-webapp/src/main/java/org/apache/storm/daemon/logviewer/LogviewerServer.java",5,true,"1.0.4",true,"pronto per labeling [IV,FV)"
"STORM-3241",false,"",true,"2.0.0",1,1,"storm-webapp/src/main/java/org/apache/storm/daemon/ui/UIHelpers.java",1,true,"1.1.3",true,"pronto per labeling [IV,FV)"
"STORM-3240",true,"2.0.0",true,"2.0.0",5,1,"storm-server/src/main/java/org/apache/storm/healthcheck/HealthChecker.java",3,true,"1.1.0",true,"pronto per labeling [IV,FV)"
"STORM-3239",true,"2.0.0",true,"2.0.0",2,2,"storm-webapp/src/main/java/org/apache/storm/daemon/ui/UIHelpers.java|storm-webapp/src/main/java/org/apache/storm/daemon/ui/resources/StormApiResource.java",1,true,"1.1.3",true,"pronto per labeling [IV,FV)"
"STORM-3238",true,"2.0.0",true,"2.0.0",1,0,"",0,false,"",false,"nessuna classe Java nei fixing commit"
"STORM-3237",true,"2.0.0",true,"2.0.0",2,1,"storm-server/src/main/java/org/apache/storm/daemon/nimbus/Nimbus.java",7,true,"1.1.0",true,"pronto per labeling [IV,FV)"
"STORM-3236",true,"2.0.0",true,"2.0.0",2,2,"storm-webapp/src/main/java/org/apache/storm/daemon/drpc/DRPCServer.java|storm-webapp/src/main/java/org/apache/storm/daemon/logviewer/LogviewerServer.java",2,true,"1.1.0",true,"pronto per labeling [IV,FV)"
"STORM-3235",false,"",true,"2.0.0",1,2,"storm-server/src/main/java/org/apache/storm/daemon/nimbus/Nimbus.java|storm-server/src/main/java/org/apache/storm/security/auth/workertoken/WorkerTokenManager.java",2,true,"1.0.6",true,"pronto per labeling [IV,FV)"
"STORM-3230",true,"2.0.0",true,"2.0.0",3,2,"storm-client/src/jvm/org/apache/storm/cluster/StormClusterStateImpl.java|storm-client/src/jvm/org/apache/storm/security/auth/workertoken/WorkerTokenAuthorizer.java",2,true,"1.0.6",true,"pronto per labeling [IV,FV)"
"STORM-3228",true,"2.0.0",true,"2.0.0",3,3,"storm-server/src/main/java/org/apache/storm/localizer/PortAndAssignmentImpl.java|storm-server/src/main/java/org/apache/storm/localizer/TimePortAndAssignment.java|storm-server/src/main/java/org/apache/storm/localizer/LocallyCachedBlob.java",2,true,"2.0.0",true,"pronto per labeling [IV,FV)"
"STORM-3225",true,"2.0.0",true,"2.0.0",2,1,"storm-webapp/src/main/java/org/apache/storm/daemon/ui/filters/AuthorizedUserFilter.java",1,true,"1.1.3",true,"pronto per labeling [IV,FV)"
"STORM-3224",false,"",true,"2.0.0",1,0,"",0,false,"",false,"nessuna classe Java nei fixing commit"
"STORM-3223",true,"2.0.0",true,"2.0.0",2,1,"storm-server/src/main/java/org/apache/storm/scheduler/resource/strategies/scheduling/BaseResourceAwareStrategy.java",1,true,"1.1.3",true,"pronto per labeling [IV,FV)"
"STORM-3221",true,"2.0.0",true,"2.0.0",2,1,"storm-webapp/src/main/java/org/apache/storm/daemon/ui/UIHelpers.java",1,true,"1.1.3",true,"pronto per labeling [IV,FV)"
"STORM-3220",false,"",true,"2.0.0",1,5,"storm-server/src/main/java/org/apache/storm/DaemonConfig.java|storm-webapp/src/main/java/org/apache/storm/daemon/drpc/DRPCServer.java|storm-webapp/src/main/java/org/apache/storm/daemon/logviewer/LogviewerServer.java|storm-webapp/src/main/java/org/apache/storm/daemon/ui/UIHelpers.java|storm-webapp/src/main/java/org/apache/storm/daemon/ui/UIServer.java",4,true,"1.1.0",true,"pronto per labeling [IV,FV)"
"STORM-3219",true,"2.0.0",true,"2.0.0",2,0,"",0,false,"",false,"nessuna classe Java nei fixing commit"
"STORM-3218",true,"2.0.0",true,"2.0.0",2,2,"storm-client/src/jvm/org/apache/storm/security/auth/ReqContext.java|storm-webapp/src/main/java/org/apache/storm/daemon/ui/filters/AuthorizedUserFilter.java",4,true,"1.0.0",true,"pronto per labeling [IV,FV)"
"STORM-3217",true,"2.0.0",true,"2.0.0",3,3,"storm-webapp/src/main/java/org/apache/storm/daemon/logviewer/utils/LogFileDownloader.java|storm-webapp/src/main/java/org/apache/storm/daemon/ui/UIHelpers.java|storm-webapp/src/main/java/org/apache/storm/daemon/ui/exceptionmappers/DefaultExceptionMapper.java",3,true,"1.1.3",true,"pronto per labeling [IV,FV)"
"STORM-3216",false,"",true,"2.0.0",2,11,"storm-server/src/main/java/org/apache/storm/DaemonConfig.java|storm-server/src/main/java/org/apache/storm/scheduler/Cluster.java|storm-server/src/main/java/org/apache/storm/scheduler/ISchedulingState.java|storm-server/src/main/java/org/apache/storm/scheduler/TopologyDetails.java|storm-server/src/main/java/org/apache/storm/scheduler/blacklist/strategies/DefaultBlacklistStrategy.java|storm-server/src/main/java/org/apache/storm/scheduler/blacklist/strategies/RasBlacklistStrategy.java|storm-server/src/main/java/org/apache/storm/scheduler/resource/normalization/NormalizedResourceOffer.java|storm-server/src/main/java/org/apache/storm/scheduler/resource/normalization/NormalizedResourceRequest.java|storm-server/src/main/java/org/apache/storm/scheduler/resource/normalization/NormalizedResources.java|storm-server/src/main/java/org/apache/storm/scheduler/resource/normalization/NormalizedResourcesWithMemory.java|storm-server/src/main/java/org/apache/storm/scheduler/resource/strategies/scheduling/BaseResourceAwareStrategy.java",5,true,"1.0.2",true,"pronto per labeling [IV,FV)"
"STORM-3215",true,"2.0.0",true,"2.0.0",3,3,"storm-client/src/jvm/org/apache/storm/utils/NimbusClient.java|storm-server/src/main/java/org/apache/storm/security/auth/DefaultHttpCredentialsPlugin.java|storm-webapp/src/main/java/org/apache/storm/daemon/ui/TestingFilter.java",7,true,"1.0.0",true,"pronto per labeling [IV,FV)"
"STORM-3213",false,"",true,"2.0.0",2,1,"storm-server/src/main/java/org/apache/storm/daemon/nimbus/Nimbus.java",2,true,"1.1.0",true,"pronto per labeling [IV,FV)"
"STORM-3210",false,"",true,"2.0.0",2,1,"storm-webapp/src/main/java/org/apache/storm/daemon/ui/filters/AuthorizedUserFilter.java",1,true,"1.1.3",true,"pronto per labeling [IV,FV)"
"STORM-3208",true,"2.0.0",true,"2.0.0",3,1,"storm-server/src/main/java/org/apache/storm/daemon/supervisor/BasicContainer.java",1,true,"1.1.0",true,"pronto per labeling [IV,FV)"
"STORM-3207",false,"",true,"2.0.0",1,1,"storm-client/src/jvm/org/apache/storm/security/auth/kerberos/KerberosSaslTransportPlugin.java",2,true,"1.0.6",true,"pronto per labeling [IV,FV)"
"STORM-3206",false,"",true,"2.0.0",2,3,"storm-client/src/jvm/org/apache/storm/StormSubmitter.java|storm-client/src/jvm/org/apache/storm/validation/ConfigValidation.java|storm-server/src/main/java/org/apache/storm/daemon/nimbus/Nimbus.java",2,true,"1.1.0",true,"pronto per labeling [IV,FV)"
"STORM-3203",true,"2.0.0",true,"2.0.0",3,2,"storm-server/src/main/java/org/apache/storm/localizer/AsyncLocalizer.java|storm-server/src/main/java/org/apache/storm/localizer/LocallyCachedTopologyBlob.java",4,true,"1.0.6",true,"pronto per labeling [IV,FV)"
"STORM-3201",false,"",true,"2.0.0|1.2.3|1.1.4",2,3,"storm-client/src/jvm/org/apache/storm/utils/Utils.java|storm-client/test/jvm/org/apache/storm/PaceMakerStateStorageFactoryTest.java|storm-core/src/jvm/org/apache/storm/utils/TopologySpoutLag.java",5,true,"1.0.2",true,"pronto per labeling [IV,FV)"
"STORM-3200",false,"",true,"2.0.0",2,1,"external/storm-hdfs-blobstore/src/main/java/org/apache/storm/hdfs/blobstore/HdfsBlobStore.java",1,true,"1.0.0",true,"pronto per labeling [IV,FV)"
"STORM-3194",true,"2.0.0",true,"2.0.0",2,1,"storm-server/src/main/java/org/apache/storm/scheduler/resource/strategies/priority/FIFOSchedulingPriorityStrategy.java",1,true,"1.0.6",true,"pronto per labeling [IV,FV)"
"STORM-3184",true,"1.1.1",true,"2.0.0|1.2.3",5,9,"external/storm-autocreds/src/main/java/org/apache/storm/common/AbstractHadoopNimbusPluginAutoCreds.java|storm-client/src/jvm/org/apache/storm/Config.java|storm-client/src/jvm/org/apache/storm/daemon/worker/Worker.java|storm-client/src/jvm/org/apache/storm/utils/ConfigUtils.java|storm-client/src/jvm/org/apache/storm/validation/ConfigValidation.java|storm-client/src/jvm/org/apache/storm/validation/ConfigValidationAnnotations.java|storm-server/src/main/java/org/apache/storm/DaemonConfig.java|storm-server/src/main/java/org/apache/storm/daemon/nimbus/Nimbus.java|storm-server/src/main/java/org/apache/storm/daemon/supervisor/Supervisor.java",8,true,"1.1.0",true,"pronto per labeling [IV,FV)"
"STORM-3183",true,"2.0.0",true,"2.0.0",2,1,"storm-webapp/src/main/java/org/apache/storm/daemon/ui/UIHelpers.java",1,true,"1.1.3",true,"pronto per labeling [IV,FV)"
"STORM-3182",true,"2.0.0",true,"2.0.0",2,2,"storm-webapp/src/main/java/org/apache/storm/daemon/ui/filters/AuthorizedUserFilter.java|storm-webapp/src/main/java/org/apache/storm/daemon/ui/resources/StormApiResource.java",1,true,"1.1.3",true,"pronto per labeling [IV,FV)"
"STORM-3181",true,"2.0.0",true,"2.0.0",2,1,"storm-webapp/src/main/java/org/apache/storm/daemon/ui/UIHelpers.java",1,true,"1.1.3",true,"pronto per labeling [IV,FV)"
"STORM-3180",true,"2.0.0",true,"2.0.0",2,1,"storm-webapp/src/main/java/org/apache/storm/daemon/ui/UIHelpers.java",1,true,"1.1.3",true,"pronto per labeling [IV,FV)"
"STORM-3179",true,"2.0.0",true,"2.0.0",2,1,"storm-webapp/src/main/java/org/apache/storm/daemon/ui/UIHelpers.java",1,true,"1.1.3",true,"pronto per labeling [IV,FV)"
"STORM-3176",true,"1.1.2",true,"1.2.0",0,0,"",0,false,"",false,"nessuna classe Java nei fixing commit"
"STORM-3170",true,"2.0.0",true,"2.0.0",2,1,"storm-webapp/src/main/java/org/apache/storm/daemon/logviewer/utils/DirectoryCleaner.java",4,true,"1.0.0",true,"pronto per labeling [IV,FV)"
"STORM-3169",true,"2.0.0",true,"2.0.0",2,1,"storm-webapp/src/main/java/org/apache/storm/daemon/logviewer/utils/LogCleaner.java",2,true,"1.0.4",true,"pronto per labeling [IV,FV)"
"STORM-3168",true,"2.0.0",true,"2.0.0",2,1,"storm-server/src/main/java/org/apache/storm/localizer/AsyncLocalizer.java",1,true,"1.1.3",true,"pronto per labeling [IV,FV)"
"STORM-3167",true,"2.0.0",true,"2.0.0",2,1,"storm-core/test/jvm/org/apache/storm/metric/FakeMetricConsumer.java",2,true,"1.0.0",true,"pronto per labeling [IV,FV)"
"STORM-3166",true,"2.0.0",true,"2.0.0",2,1,"storm-client/src/jvm/org/apache/storm/utils/Utils.java",0,false,"",true,"SZZ non ha trovato un commit introducente"
"STORM-3164",true,"1.2.2",true,"2.0.0|1.0.7|1.2.3|1.1.4",1,0,"",0,false,"",false,"nessuna classe Java nei fixing commit"
"STORM-3162",true,"2.0.0",true,"2.0.0",2,10,"storm-client/src/jvm/org/apache/storm/daemon/worker/Worker.java|storm-client/src/jvm/org/apache/storm/executor/Executor.java|storm-client/src/jvm/org/apache/storm/executor/bolt/BoltExecutor.java|storm-client/src/jvm/org/apache/storm/executor/spout/SpoutExecutor.java|storm-client/src/jvm/org/apache/storm/stats/BoltExecutorStats.java|storm-client/src/jvm/org/apache/storm/stats/ClientStatsUtil.java|storm-client/src/jvm/org/apache/storm/stats/StatsUtil.java|storm-server/src/main/java/org/apache/storm/daemon/nimbus/HeartbeatCache.java|storm-server/src/main/java/org/apache/storm/daemon/nimbus/Nimbus.java|storm-server/src/main/java/org/apache/storm/stats/StatsUtil.java",8,true,"1.1.0",true,"pronto per labeling [IV,FV)"
"STORM-3161",true,"2.0.0|1.2.3",true,"2.0.0|1.2.3",2,1,"storm-server/src/main/java/org/apache/storm/LocalCluster.java",0,false,"",true,"SZZ non ha trovato un commit introducente"
"STORM-3159",true,"2.0.0",true,"2.0.0",2,1,"storm-server/src/main/java/org/apache/storm/utils/ServerUtils.java",1,true,"1.1.0",true,"pronto per labeling [IV,FV)"
"STORM-3158",true,"2.0.0",true,"2.0.0",2,1,"storm-client/src/jvm/org/apache/storm/security/auth/kerberos/ServerCallbackHandler.java",1,true,"1.0.6",true,"pronto per labeling [IV,FV)"
"STORM-3148",true,"2.0.0",true,"2.0.0",4,7,"storm-client/src/jvm/org/apache/storm/daemon/worker/BackPressureTracker.java|storm-client/src/jvm/org/apache/storm/messaging/netty/Client.java|storm-client/src/jvm/org/apache/storm/messaging/netty/Server.java|storm-client/src/jvm/org/apache/storm/messaging/netty/StormClientHandler.java|storm-client/src/jvm/org/apache/storm/messaging/netty/StormClientPipelineFactory.java|storm-client/src/jvm/org/apache/storm/messaging/netty/StormServerPipelineFactory.java|storm-client/test/jvm/org/apache/storm/messaging/netty/BackPressureStatusTest.java",5,true,"1.0.6",true,"pronto per labeling [IV,FV)"
"STORM-3143",true,"2.0.0",true,"2.0.0",2,1,"storm-webapp/src/main/java/org/apache/storm/daemon/logviewer/handler/LogviewerLogSearchHandler.java",1,true,"1.0.4",true,"pronto per labeling [IV,FV)"
"STORM-3141",true,"2.0.0",true,"2.0.0",2,3,"storm-client/src/jvm/org/apache/storm/daemon/worker/BackPressureTracker.java|storm-client/src/jvm/org/apache/storm/daemon/worker/WorkerState.java|storm-client/test/jvm/org/apache/storm/daemon/worker/BackPressureTrackerTest.java",3,true,"1.0.6",true,"pronto per labeling [IV,FV)"
"STORM-3137",true,"2.0.0",true,"2.0.0",2,0,"",0,false,"",false,"nessuna classe Java nei fixing commit"
"STORM-3136",true,"2.0.0",true,"2.0.0",2,12,"integration-test/src/main/java/org/apache/storm/st/topology/TestableTopology.java|integration-test/src/main/java/org/apache/storm/st/topology/window/IncrementingSpout.java|integration-test/src/main/java/org/apache/storm/st/topology/window/SlidingTimeCorrectness.java|integration-test/src/main/java/org/apache/storm/st/topology/window/SlidingWindowCorrectness.java|integration-test/src/main/java/org/apache/storm/st/topology/window/TimeDataIncrementingSpout.java|integration-test/src/main/java/org/apache/storm/st/topology/window/TimeDataVerificationBolt.java|integration-test/src/main/java/org/apache/storm/st/topology/window/TumblingTimeCorrectness.java|integration-test/src/main/java/org/apache/storm/st/topology/window/TumblingWindowCorrectness.java|integration-test/src/main/java/org/apache/storm/st/topology/window/VerificationBolt.java|integration-test/src/main/java/org/apache/storm/st/topology/window/data/TimeData.java|integration-test/src/main/java/org/apache/storm/st/topology/window/data/TimeDataWindow.java|integration-test/src/main/java/org/apache/storm/st/utils/StringDecorator.java",3,true,"1.0.3",true,"pronto per labeling [IV,FV)"
"STORM-3135",true,"2.0.0",true,"2.0.0",2,8,"storm-client/src/jvm/org/apache/storm/daemon/worker/WorkerTransfer.java|storm-client/src/jvm/org/apache/storm/executor/Executor.java|storm-client/src/jvm/org/apache/storm/executor/ExecutorShutdown.java|storm-client/src/jvm/org/apache/storm/metric/internal/RateTracker.java|storm-client/src/jvm/org/apache/storm/utils/JCQueue.java|storm-client/src/jvm/org/apache/storm/utils/Utils.java|storm-client/test/jvm/org/apache/storm/utils/JCQueueBackpressureTest.java|storm-client/test/jvm/org/apache/storm/utils/JCQueueTest.java",3,true,"0.10.1",true,"pronto per labeling [IV,FV)"
"STORM-3132",false,"",true,"2.6.1",1,2,"storm-client/src/jvm/org/apache/storm/tuple/Values.java|storm-client/test/jvm/org/apache/storm/tuple/ValuesTest.java",2,true,"1.0.0",true,"pronto per labeling [IV,FV)"
"STORM-3129",true,"2.0.0",true,"2.0.0",2,1,"storm-server/src/main/java/org/apache/storm/daemon/supervisor/Slot.java",1,true,"1.1.3",true,"pronto per labeling [IV,FV)"
"STORM-3127",true,"2.0.0",true,"2.0.0",1,1,"storm-server/src/main/java/org/apache/storm/localizer/AsyncLocalizer.java",1,true,"1.1.3",true,"pronto per labeling [IV,FV)"
"STORM-3126",true,"2.0.0",true,"2.0.0",1,1,"storm-server/src/main/java/org/apache/storm/daemon/supervisor/Supervisor.java",1,true,"1.1.0",true,"pronto per labeling [IV,FV)"
"STORM-3124",true,"2.0.0",true,"2.0.0",2,3,"storm-client/src/jvm/org/apache/storm/messaging/netty/KerberosSaslClientHandler.java|storm-client/src/jvm/org/apache/storm/pacemaker/PacemakerClient.java|storm-client/src/jvm/org/apache/storm/pacemaker/PacemakerClientPool.java",5,true,"0.10.0",true,"pronto per labeling [IV,FV)"
"STORM-3123",true,"1.2.2",true,"2.0.0|1.2.3",4,4,"external/storm-kafka-client/src/main/java/org/apache/storm/kafka/spout/KafkaSpout.java|external/storm-kafka-monitor/src/main/java/org/apache/storm/kafka/monitor/KafkaOffsetLagUtil.java|external/storm-kafka-monitor/src/main/java/org/apache/storm/kafka/monitor/NewKafkaSpoutOffsetQuery.java|storm-core/src/jvm/org/apache/storm/utils/TopologySpoutLag.java",9,true,"1.0.2",true,"pronto per labeling [IV,FV)"
"STORM-3122",true,"1.x",true,"1.2.3",0,0,"",0,false,"",false,"nessuna classe Java nei fixing commit"
"STORM-3121",true,"2.0.0",true,"2.0.0|1.2.3",2,0,"",0,false,"",false,"nessuna classe Java nei fixing commit"
"STORM-3120",true,"2.0.0",true,"2.0.0",2,3,"storm-client/src/jvm/org/apache/storm/utils/Time.java|storm-server/src/main/java/org/apache/storm/LocalCluster.java|storm-server/src/main/java/org/apache/storm/Testing.java",9,true,"1.0.0",true,"pronto per labeling [IV,FV)"
"STORM-3118",true,"2.0.0",true,"2.0.0",2,1,"storm-client/src/jvm/org/apache/storm/pacemaker/codec/ThriftEncoder.java",0,false,"",true,"SZZ non ha trovato un commit introducente"
"STORM-3117",true,"2.0.0",true,"2.0.0",2,4,"storm-client/src/jvm/org/apache/storm/generated/IllegalStateException.java|storm-client/src/jvm/org/apache/storm/generated/Nimbus.java|storm-client/src/jvm/org/apache/storm/utils/WrappedIllegalStateException.java|storm-server/src/main/java/org/apache/storm/daemon/nimbus/Nimbus.java",4,true,"1.0.0",true,"pronto per labeling [IV,FV)"
"STORM-3116",true,"2.0.0",true,"2.0.0",2,8,"storm-client/src/jvm/org/apache/storm/daemon/supervisor/ClientSupervisorUtils.java|storm-client/src/jvm/org/apache/storm/utils/ConfigUtils.java|storm-server/src/main/java/org/apache/storm/LocalCluster.java|storm-server/src/main/java/org/apache/storm/daemon/supervisor/BasicContainer.java|storm-server/src/main/java/org/apache/storm/localizer/LocalizedResource.java|storm-server/src/main/java/org/apache/storm/metricstore/rocksdb/RocksDbStore.java|storm-server/src/main/java/org/apache/storm/utils/ServerConfigUtils.java|storm-webapp/src/main/java/org/apache/storm/daemon/logviewer/LogviewerServer.java",4,true,"1.1.0",true,"pronto per labeling [IV,FV)"
"STORM-3110",false,"",true,"2.0.0|1.2.3",2,2,"storm-server/src/main/java/org/apache/storm/daemon/supervisor/Container.java|storm-server/src/main/java/org/apache/storm/daemon/supervisor/RunAsUserContainer.java",2,true,"1.1.0",true,"pronto per labeling [IV,FV)"
"STORM-3109",true,"2.0.0|1.1.0|1.0.3|1.x|1.0.4|1.1.1|1.2.0|1.1.2|1.0.5|1.0.6|1.2.1|1.1.3|1.2.2",true,"2.0.0|1.2.3|1.1.4",2,1,"storm-core/src/jvm/org/apache/storm/command/KillWorkers.java",1,true,"1.1.3",true,"pronto per labeling [IV,FV)"
"STORM-3103",true,"2.0.0",true,"2.0.0",2,1,"storm-client/src/jvm/org/apache/storm/StormTimer.java",2,true,"1.1.0",true,"pronto per labeling [IV,FV)"
"STORM-3102",true,"2.0.0|1.0.6|1.1.3|1.2.2",true,"2.0.0|1.2.3|1.1.4",2,1,"external/storm-kafka-client/src/main/java/org/apache/storm/kafka/spout/KafkaSpout.java",5,true,"1.0.6",true,"pronto per labeling [IV,FV)"
"STORM-3098",true,"2.0.0",true,"2.0.0",3,1,"storm-server/src/main/java/org/apache/storm/daemon/supervisor/Slot.java",1,true,"1.0.6",true,"pronto per labeling [IV,FV)"
"STORM-3097",true,"2.0.0|1.1.2|1.2.1",true,"2.0.0|1.2.3|1.1.4",2,8,"external/storm-druid/src/main/java/org/apache/storm/druid/bolt/DruidBeamBolt.java|external/storm-druid/src/main/java/org/apache/storm/druid/bolt/DruidBeamFactory.java|external/storm-druid/src/main/java/org/apache/storm/druid/bolt/DruidConfig.java|external/storm-druid/src/main/java/org/apache/storm/druid/bolt/ITupleDruidEventMapper.java|external/storm-druid/src/main/java/org/apache/storm/druid/bolt/TupleDruidEventMapper.java|external/storm-druid/src/main/java/org/apache/storm/druid/trident/DruidBeamState.java|external/storm-druid/src/main/java/org/apache/storm/druid/trident/DruidBeamStateFactory.java|external/storm-druid/src/main/java/org/apache/storm/druid/trident/DruidBeamStateUpdater.java",6,true,"1.0.2",true,"pronto per labeling [IV,FV)"
"STORM-3096",false,"",true,"2.0.0",2,1,"storm-server/src/main/java/org/apache/storm/daemon/nimbus/Nimbus.java",2,true,"1.1.3",true,"pronto per labeling [IV,FV)"
"STORM-3095",false,"",false,"",0,0,"",0,false,"",false,"nessuna classe Java nei fixing commit"
"STORM-3092",true,"2.0.0",true,"2.0.0",2,1,"storm-server/src/main/java/org/apache/storm/daemon/supervisor/Supervisor.java",1,true,"1.1.3",true,"pronto per labeling [IV,FV)"
"STORM-3091",true,"2.0.0",true,"2.0.0",2,5,"storm-client/src/jvm/org/apache/storm/utils/ConfigUtils.java|storm-client/src/jvm/org/apache/storm/utils/LocalState.java|storm-client/src/jvm/org/apache/storm/utils/VersionedStore.java|storm-server/src/main/java/org/apache/storm/daemon/supervisor/StandaloneSupervisor.java|storm-server/src/main/java/org/apache/storm/utils/ServerConfigUtils.java",3,true,"1.0.0",true,"pronto per labeling [IV,FV)"
"STORM-3090",true,"1.1.0|1.0.4|1.2.2",true,"1.2.3|1.1.4",0,0,"",0,false,"",false,"nessuna classe Java nei fixing commit"
"STORM-3087",true,"2.0.0|1.2.1",true,"2.0.0|1.2.3",2,1,"flux/flux-core/src/main/java/org/apache/storm/flux/FluxBuilder.java",1,true,"0.9.4",true,"pronto per labeling [IV,FV)"
"STORM-3084",true,"2.0.0",false,"",2,1,"storm-client/src/jvm/org/apache/storm/cluster/IStormClusterState.java",4,true,"1.0.3",true,"pronto per labeling [IV,FV)"
"STORM-3082",true,"2.0.0|1.2.1|1.1.3",true,"2.0.0|1.2.3|1.1.4",3,1,"external/storm-kafka-client/src/main/java/org/apache/storm/kafka/spout/subscription/NamedTopicFilter.java",2,true,"1.0.4",true,"pronto per labeling [IV,FV)"
"STORM-3079",true,"2.0.0",true,"2.0.0",2,24,"external/storm-hdfs-blobstore/src/main/java/org/apache/storm/hdfs/blobstore/HdfsBlobStore.java|storm-client/src/jvm/org/apache/storm/blobstore/BlobStoreAclHandler.java|storm-client/src/jvm/org/apache/storm/cluster/PaceMakerStateStorage.java|storm-client/src/jvm/org/apache/storm/daemon/StormCommon.java|storm-client/src/jvm/org/apache/storm/utils/Utils.java|storm-client/src/jvm/org/apache/storm/utils/WrappedAlreadyAliveException.java|storm-client/src/jvm/org/apache/storm/utils/WrappedAuthorizationException.java|storm-client/src/jvm/org/apache/storm/utils/WrappedDRPCExecutionException.java|storm-client/src/jvm/org/apache/storm/utils/WrappedHBExecutionException.java|storm-client/src/jvm/org/apache/storm/utils/WrappedInvalidTopologyException.java|storm-client/src/jvm/org/apache/storm/utils/WrappedKeyAlreadyExistsException.java|storm-client/src/jvm/org/apache/storm/utils/WrappedKeyNotFoundException.java|storm-client/src/jvm/org/apache/storm/utils/WrappedNotAliveException.java|storm-server/src/main/java/org/apache/storm/LocalCluster.java|storm-server/src/main/java/org/apache/storm/blobstore/BlobStoreUtils.java|storm-server/src/main/java/org/apache/storm/blobstore/KeySequenceNumber.java|storm-server/src/main/java/org/apache/storm/blobstore/LocalFsBlobStore.java|storm-server/src/main/java/org/apache/storm/daemon/drpc/BlockingOutstandingRequest.java|storm-server/src/main/java/org/apache/storm/daemon/drpc/DRPC.java|storm-server/src/main/java/org/apache/storm/daemon/nimbus/Nimbus.java|storm-server/src/main/java/org/apache/storm/daemon/supervisor/Supervisor.java|storm-server/src/main/java/org/apache/storm/localizer/AsyncLocalizer.java|storm-server/src/main/java/org/apache/storm/localizer/LocalizedResource.java|storm-server/src/main/java/org/apache/storm/nimbus/StrictTopologyValidator.java",15,true,"1.0.0",true,"pronto per labeling [IV,FV)"
"STORM-3075",true,"2.0.0",true,"2.0.0",2,1,"storm-server/src/main/java/org/apache/storm/daemon/nimbus/Nimbus.java",2,true,"1.1.3",true,"pronto per labeling [IV,FV)"
"STORM-3073",true,"2.0.0",true,"2.0.0",2,3,"examples/storm-loadgen/src/main/java/org/apache/storm/loadgen/LoadSpout.java|storm-client/src/jvm/org/apache/storm/executor/Executor.java|storm-client/src/jvm/org/apache/storm/executor/spout/SpoutExecutor.java",2,true,"1.0.5",true,"pronto per labeling [IV,FV)"
"STORM-3072",true,"2.0.0",true,"2.0.0",2,0,"",0,false,"",false,"nessuna classe Java nei fixing commit"
"STORM-3070",true,"2.0.0",true,"2.0.0",2,1,"storm-client/src/jvm/org/apache/storm/messaging/netty/MessageDecoder.java",0,false,"",true,"SZZ non ha trovato un commit introducente"
"STORM-3068",true,"1.1.0",true,"2.0.0|1.2.3",2,0,"",0,false,"",false,"nessuna classe Java nei fixing commit"
"STORM-3065",true,"2.0.0",true,"2.0.0",2,3,"storm-client/src/jvm/org/apache/storm/zookeeper/ClientZookeeper.java|storm-server/src/main/java/org/apache/storm/testing/InProcessZookeeper.java|storm-server/src/main/java/org/apache/storm/zookeeper/Zookeeper.java",2,true,"1.0.3",true,"pronto per labeling [IV,FV)"
"STORM-3063",true,"2.0.0",true,"2.0.0",2,0,"",0,false,"",false,"nessuna classe Java nei fixing commit"
"STORM-3059",true,"2.0.0|1.1.3|1.0.7|1.2.2",true,"2.0.0|1.1.3|1.0.7|1.2.2",2,1,"external/storm-kafka-client/src/main/java/org/apache/storm/kafka/spout/KafkaSpout.java",2,true,"1.1.0",true,"pronto per labeling [IV,FV)"
"STORM-3056",true,"1.1.2|1.2.1",true,"2.0.0",2,1,"storm-core/test/jvm/org/apache/storm/messaging/netty/NettyTest.java",0,false,"",true,"SZZ non ha trovato un commit introducente"
"STORM-3055",true,"2.0.0|1.1.1",true,"2.0.0|1.1.3|1.2.3",1,3,"storm-client/src/jvm/org/apache/storm/messaging/IContext.java|storm-client/src/jvm/org/apache/storm/messaging/netty/Client.java|storm-client/src/jvm/org/apache/storm/messaging/netty/Context.java",6,true,"1.1.0",true,"pronto per labeling [IV,FV)"
"STORM-3053",true,"2.0.0",true,"2.0.0",2,2,"storm-server/src/main/java/org/apache/storm/DaemonConfig.java|storm-server/src/main/java/org/apache/storm/daemon/nimbus/Nimbus.java",2,true,"1.1.0",true,"pronto per labeling [IV,FV)"
"STORM-3052",true,"1.0.0",true,"2.0.0|1.1.3|1.0.7|1.2.2",1,2,"storm-server/src/main/java/org/apache/storm/localizer/LocalizedResource.java|storm-server/src/main/java/org/apache/storm/utils/ServerUtils.java",3,true,"1.1.0",true,"pronto per labeling [IV,FV)"
"STORM-3050",false,"",false,"",0,0,"",0,false,"",false,"nessuna classe Java nei fixing commit"
"STORM-3048",false,"",true,"2.0.0",2,1,"storm-server/src/main/java/org/apache/storm/scheduler/resource/strategies/scheduling/ConstraintSolverStrategy.java",0,false,"",true,"SZZ non ha trovato un commit introducente"
"STORM-3047",true,"1.1.2|1.2.1",true,"1.2.3|1.1.4",0,0,"",0,false,"",false,"nessuna classe Java nei fixing commit"
"STORM-3046",true,"1.2.1",true,"2.0.0|1.2.3",2,1,"external/storm-kafka-client/src/main/java/org/apache/storm/kafka/spout/trident/KafkaTridentSpoutEmitter.java",1,true,"1.0.5",true,"pronto per labeling [IV,FV)"
"STORM-3043",true,"2.0.0|1.1.2|1.0.6|1.2.1",true,"2.0.0|1.1.3|1.0.7|1.2.2",2,1,"external/storm-kafka-client/src/main/java/org/apache/storm/kafka/spout/SimpleRecordTranslator.java",1,true,"1.0.3",true,"pronto per labeling [IV,FV)"
"STORM-3042",false,"",true,"2.0.0",2,7,"storm-server/src/main/java/org/apache/storm/daemon/nimbus/Nimbus.java|storm-server/src/main/java/org/apache/storm/scheduler/TopologyDetails.java|storm-server/src/main/java/org/apache/storm/scheduler/resource/RAS_Node.java|storm-server/src/main/java/org/apache/storm/scheduler/resource/ResourceUtils.java|storm-server/src/main/java/org/apache/storm/scheduler/resource/normalization/NormalizedResourceOffer.java|storm-server/src/main/java/org/apache/storm/scheduler/resource/normalization/NormalizedResourceRequest.java|storm-server/src/main/java/org/apache/storm/scheduler/resource/normalization/NormalizedResources.java",8,true,"1.0.4",true,"pronto per labeling [IV,FV)"
"STORM-3035",false,"",true,"2.0.0",2,2,"examples/storm-jms-examples/src/main/java/org/apache/storm/jms/example/ExampleJmsTopology.java|external/storm-jms/src/main/java/org/apache/storm/jms/spout/JmsSpout.java",5,true,"1.0.3",true,"pronto per labeling [IV,FV)"
"STORM-3028",true,"1.2.1",true,"2.0.0|1.2.3",4,1,"external/storm-hdfs/src/main/java/org/apache/storm/hdfs/spout/HdfsSpout.java",2,true,"1.0.6",true,"pronto per labeling [IV,FV)"
"STORM-3023",false,"",true,"2.0.0",2,1,"storm-client/src/jvm/org/apache/storm/stats/StatsUtil.java",1,true,"1.1.0",true,"pronto per labeling [IV,FV)"
"STORM-3021",false,"",true,"2.0.0",2,5,"storm-client/src/jvm/org/apache/storm/Config.java|storm-client/src/jvm/org/apache/storm/daemon/worker/Worker.java|storm-client/src/jvm/org/apache/storm/daemon/worker/WorkerState.java|storm-server/src/main/java/org/apache/storm/DaemonConfig.java|storm-server/src/main/java/org/apache/storm/daemon/nimbus/Nimbus.java",6,true,"1.1.0",true,"pronto per labeling [IV,FV)"
"STORM-3020",true,"2.0.0",true,"2.0.0",2,3,"storm-server/src/main/java/org/apache/storm/localizer/AsyncLocalizer.java|storm-server/src/main/java/org/apache/storm/localizer/LocalizedResource.java|storm-server/src/main/java/org/apache/storm/localizer/LocallyCachedBlob.java",4,true,"1.1.0",true,"pronto per labeling [IV,FV)"
"STORM-3018",true,"2.0.0",true,"2.0.0",2,0,"",0,false,"",false,"nessuna classe Java nei fixing commit"
"STORM-3013",true,"2.0.0|1.2.1",true,"2.0.0|1.2.3",2,2,"external/storm-kafka-client/src/main/java/org/apache/storm/kafka/spout/KafkaSpout.java|external/storm-kafka-client/src/main/java/org/apache/storm/kafka/spout/metrics/KafkaOffsetMetric.java",9,true,"1.0.0",true,"pronto per labeling [IV,FV)"
"STORM-3012",false,"",true,"2.0.0",2,1,"storm-client/src/jvm/org/apache/storm/pacemaker/PacemakerClient.java",1,true,"1.1.3",true,"pronto per labeling [IV,FV)"
"STORM-3009",true,"2.0.0",true,"2.0.0",2,0,"",0,false,"",false,"nessuna classe Java nei fixing commit"
"STORM-3002",true,"2.0.0",false,"",0,0,"",0,false,"",false,"nessuna classe Java nei fixing commit"
"STORM-2994",true,"2.0.0|1.1.2|1.0.6|1.2.1",true,"2.0.0|1.1.3|1.0.7|1.2.2",3,2,"external/storm-kafka-client/src/main/java/org/apache/storm/kafka/spout/KafkaSpout.java|external/storm-kafka-client/src/main/java/org/apache/storm/kafka/spout/KafkaSpoutMessageId.java",7,true,"1.1.0",true,"pronto per labeling [IV,FV)"
"STORM-2993",false,"",true,"2.0.0|1.2.2",2,1,"external/storm-hdfs/src/main/java/org/apache/storm/hdfs/bolt/AbstractHdfsBolt.java",3,true,"1.0.3",true,"pronto per labeling [IV,FV)"
"STORM-2989",true,"2.0.0|1.1.2|1.2.1",true,"2.0.0|1.1.3|1.2.2",2,1,"storm-webapp/src/main/java/org/apache/storm/daemon/logviewer/utils/DirectoryCleaner.java",1,true,"1.0.0",true,"pronto per labeling [IV,FV)"
"STORM-2988",true,"2.0.0|1.2.1",true,"2.0.0|1.2.2",2,1,"storm-client/src/jvm/org/apache/storm/metrics2/reporters/JmxStormReporter.java",1,true,"1.1.3",true,"pronto per labeling [IV,FV)"
"STORM-2987",true,"2.0.0",true,"2.0.0",2,3,"storm-client/src/jvm/org/apache/storm/cluster/PaceMakerStateStorage.java|storm-client/src/jvm/org/apache/storm/pacemaker/PacemakerClient.java|storm-client/src/jvm/org/apache/storm/pacemaker/PacemakerClientPool.java",6,true,"0.10.0",true,"pronto per labeling [IV,FV)"
"STORM-2986",false,"",true,"2.0.0",2,1,"storm-webapp/src/main/java/org/apache/storm/daemon/logviewer/LogviewerServer.java",1,true,"1.0.4",true,"pronto per labeling [IV,FV)"
"STORM-2985",true,"1.1.2|1.0.6|1.2.1",true,"1.1.3|1.0.7|1.2.2",0,0,"",0,false,"",false,"nessuna classe Java nei fixing commit"
"STORM-2983",false,"",true,"2.0.0",2,2,"storm-client/src/jvm/org/apache/storm/daemon/worker/Worker.java|storm-client/src/jvm/org/apache/storm/daemon/worker/WorkerState.java",1,true,"1.0.6",true,"pronto per labeling [IV,FV)"
"STORM-2981",true,"2.0.0|1.1.2|1.2.1",true,"2.0.0|1.1.3|1.2.2",2,0,"",0,false,"",false,"nessuna classe Java nei fixing commit"
"STORM-2980",true,"2.0.0",true,"2.0.0",2,0,"",0,false,"",false,"nessuna classe Java nei fixing commit"
"STORM-2979",true,"1.0.6",true,"2.0.0|1.1.3|1.0.7|1.2.2",2,1,"storm-client/src/jvm/org/apache/storm/daemon/worker/WorkerState.java",2,true,"1.1.0",true,"pronto per labeling [IV,FV)"
"STORM-2978",true,"2.0.0|1.1.2|1.2.1",true,"2.0.0|1.1.3|1.2.2",2,0,"",0,false,"",false,"nessuna classe Java nei fixing commit"
"STORM-2976",false,"",true,"2.0.0",1,3,"storm-server/src/main/java/org/apache/storm/daemon/supervisor/Supervisor.java|storm-server/src/main/java/org/apache/storm/daemon/supervisor/timer/SupervisorHealthCheck.java|storm-server/src/main/java/org/apache/storm/healthcheck/HealthChecker.java",1,true,"1.1.0",true,"pronto per labeling [IV,FV)"
"STORM-2969",false,"",true,"2.0.0",2,1,"storm-client/src/jvm/org/apache/storm/Config.java",2,true,"1.0.6",true,"pronto per labeling [IV,FV)"
"STORM-2968",false,"",true,"2.0.0|1.2.2",2,0,"",0,false,"",false,"nessuna classe Java nei fixing commit"
"STORM-2967",false,"",true,"2.0.0|1.2.2",2,0,"",0,false,"",false,"nessuna classe Java nei fixing commit"
"STORM-2965",true,"2.0.0",true,"2.0.0",2,3,"storm-client/src/jvm/org/apache/storm/utils/SimpleVersion.java|storm-client/src/jvm/org/apache/storm/utils/Utils.java|storm-client/test/jvm/org/apache/storm/utils/SimpleVersionTest.java",3,true,"1.0.4",true,"pronto per labeling [IV,FV)"
"STORM-2957",true,"1.0.5",true,"1.0.6",0,0,"",0,false,"",false,"nessuna classe Java nei fixing commit"
"STORM-2956",false,"",false,"",0,0,"",0,false,"",false,"nessuna classe Java nei fixing commit"
"STORM-2955",false,"",false,"",0,0,"",0,false,"",false,"nessuna classe Java nei fixing commit"
"STORM-2951",true,"1.2.0",true,"1.2.1",0,0,"",0,false,"",false,"nessuna classe Java nei fixing commit"
"STORM-2950",false,"",true,"2.0.0",2,1,"storm-client/src/jvm/org/apache/storm/utils/TupleUtils.java",1,true,"1.0.3",true,"pronto per labeling [IV,FV)"
"STORM-2949",true,"1.1.1|1.0.5",false,"",0,0,"",0,false,"",false,"nessuna classe Java nei fixing commit"
"STORM-2942",true,"1.1.0|1.1.1",true,"1.2.0|1.1.2",0,0,"",0,false,"",false,"nessuna classe Java nei fixing commit"
"STORM-2941",true,"2.0.0",true,"2.0.0",2,1,"external/storm-kafka-client/src/main/java/org/apache/storm/kafka/spout/KafkaSpout.java",1,true,"1.0.6",true,"pronto per labeling [IV,FV)"
"STORM-2940",false,"",true,"2.0.0",2,2,"storm-client/src/jvm/org/apache/storm/grouping/LoadAwareShuffleGrouping.java|storm-client/test/jvm/org/apache/storm/grouping/LoadAwareShuffleGroupingTest.java",4,true,"1.0.5",true,"pronto per labeling [IV,FV)"
"STORM-2934",true,"2.0.0",true,"2.0.0",2,1,"storm-server/src/main/java/org/apache/storm/DaemonConfig.java",1,true,"1.0.6",true,"pronto per labeling [IV,FV)"
"STORM-2932",false,"",true,"2.0.0",2,3,"storm-client/src/jvm/org/apache/storm/Config.java|storm-client/src/jvm/org/apache/storm/grouping/LoadAwareShuffleGrouping.java|storm-client/test/jvm/org/apache/storm/grouping/LoadAwareShuffleGroupingTest.java",1,true,"1.0.6",true,"pronto per labeling [IV,FV)"
"STORM-2927",true,"1.1.1",true,"1.1.1",0,0,"",0,false,"",false,"nessuna classe Java nei fixing commit"
"STORM-2918",true,"2.0.0|1.1.1|1.2.0|1.0.5",true,"2.0.0|1.2.0|1.1.2|1.0.6",2,0,"",0,false,"",false,"nessuna classe Java nei fixing commit"
"STORM-2913",true,"2.0.0|1.2.0",true,"2.0.0|1.2.0",2,3,"external/storm-kafka-client/src/main/java/org/apache/storm/kafka/spout/KafkaSpout.java|external/storm-kafka-client/src/main/java/org/apache/storm/kafka/spout/KafkaSpoutConfig.java|external/storm-kafka-client/src/main/java/org/apache/storm/kafka/spout/internal/CommitMetadataManager.java",8,true,"1.0.0",true,"pronto per labeling [IV,FV)"
"STORM-2912",true,"2.0.0|1.2.0|1.1.2|1.0.6",true,"2.0.0|1.2.0|1.1.2|1.0.6",3,1,"storm-client/src/jvm/org/apache/storm/executor/Executor.java",1,true,"1.0.6",true,"pronto per labeling [IV,FV)"
"STORM-2911",true,"2.0.0|1.1.1|1.2.0|1.0.5",true,"2.0.0|1.1.3|1.0.7|1.2.2",2,1,"external/storm-kafka/src/jvm/org/apache/storm/kafka/SpoutConfig.java",0,false,"",true,"SZZ non ha trovato un commit introducente"
"STORM-2910",true,"2.0.0",true,"2.0.0",3,6,"storm-server/src/main/java/org/apache/storm/LocalCluster.java|storm-server/src/main/java/org/apache/storm/daemon/supervisor/Container.java|storm-server/src/main/java/org/apache/storm/daemon/supervisor/OnlyLatestExecutor.java|storm-server/src/main/java/org/apache/storm/daemon/supervisor/ReadClusterState.java|storm-server/src/main/java/org/apache/storm/daemon/supervisor/Slot.java|storm-server/src/main/java/org/apache/storm/daemon/supervisor/Supervisor.java",5,true,"1.1.0",true,"pronto per labeling [IV,FV)"
"STORM-2907",true,"1.2.0",true,"1.2.0",0,0,"",0,false,"",false,"nessuna classe Java nei fixing commit"
"STORM-2906",false,"",true,"2.0.0|1.2.0",3,1,"external/storm-hbase/src/main/java/org/apache/storm/hbase/common/Utils.java",2,true,"1.0.4",true,"pronto per labeling [IV,FV)"
"STORM-2903",true,"2.0.0|1.x",true,"2.0.0|1.2.0",4,1,"external/storm-autocreds/src/main/java/org/apache/storm/common/AbstractHadoopAutoCreds.java",1,true,"1.0.4",true,"pronto per labeling [IV,FV)"
"STORM-2900",true,"2.0.0|1.x",true,"2.0.0|1.2.0",2,1,"external/storm-autocreds/src/main/java/org/apache/storm/common/AbstractHadoopNimbusPluginAutoCreds.java",1,true,"1.0.4",true,"pronto per labeling [IV,FV)"
"STORM-2894",true,"2.0.0|1.1.1|1.2.0|1.0.5",true,"2.0.0|1.2.0|1.1.2|1.0.6",3,0,"",0,false,"",false,"nessuna classe Java nei fixing commit"
"STORM-2893",true,"2.0.0",true,"2.0.0",2,0,"",0,false,"",false,"nessuna classe Java nei fixing commit"
"STORM-2892",true,"2.0.0|1.1.1|1.2.0|1.0.5",true,"2.0.0|1.2.0|1.1.2|1.0.6",2,0,"",0,false,"",false,"nessuna classe Java nei fixing commit"
"STORM-2885",true,"2.0.0",true,"2.0.0",2,0,"",0,false,"",false,"nessuna classe Java nei fixing commit"
"STORM-2881",false,"",true,"1.2.0",0,0,"",0,false,"",false,"nessuna classe Java nei fixing commit"
"STORM-2879",true,"2.0.0|1.x",true,"2.0.0|1.2.0|1.1.2|1.0.6",2,1,"storm-server/src/main/java/org/apache/storm/daemon/supervisor/Slot.java",1,true,"1.1.0",true,"pronto per labeling [IV,FV)"
"STORM-2876",true,"2.0.0",true,"2.0.0|1.2.0|1.1.2",2,0,"",0,false,"",false,"nessuna classe Java nei fixing commit"
"STORM-2873",false,"",true,"1.2.0",0,0,"",0,false,"",false,"nessuna classe Java nei fixing commit"
"STORM-2870",true,"2.0.0|1.2.0|1.1.2|1.0.6",true,"2.0.0|1.2.0|1.1.2|1.0.6",1,1,"storm-client/src/jvm/org/apache/storm/metric/FileBasedEventLogger.java",1,true,"1.1.0",true,"pronto per labeling [IV,FV)"
"STORM-2869",true,"2.0.0|1.2.0",true,"2.0.0|1.2.0",2,1,"external/storm-kafka-client/src/main/java/org/apache/storm/kafka/spout/KafkaSpout.java",8,true,"1.0.0",true,"pronto per labeling [IV,FV)"
"STORM-2868",true,"1.1.0|1.1.1|1.1.2",true,"2.0.0|1.2.0|1.1.2",1,0,"",0,false,"",false,"nessuna classe Java nei fixing commit"
"STORM-2863",true,"2.0.0",true,"2.0.0",2,1,"storm-server/src/main/java/org/apache/storm/scheduler/resource/NormalizedResources.java",0,false,"",true,"SZZ non ha trovato un commit introducente"
"STORM-2859",true,"2.0.0",true,"2.0.0",2,24,"storm-server/src/main/java/org/apache/storm/blobstore/BlobStoreUtils.java|storm-server/src/main/java/org/apache/storm/daemon/nimbus/Nimbus.java|storm-server/src/main/java/org/apache/storm/daemon/supervisor/timer/SupervisorHeartbeat.java|storm-server/src/main/java/org/apache/storm/scheduler/Cluster.java|storm-server/src/main/java/org/apache/storm/scheduler/ISchedulingState.java|storm-server/src/main/java/org/apache/storm/scheduler/SupervisorDetails.java|storm-server/src/main/java/org/apache/storm/scheduler/TopologyDetails.java|storm-server/src/main/java/org/apache/storm/scheduler/resource/NormalizedResourceOffer.java|storm-server/src/main/java/org/apache/storm/scheduler/resource/NormalizedResourceRequest.java|storm-server/src/main/java/org/apache/storm/scheduler/resource/NormalizedResources.java|storm-server/src/main/java/org/apache/storm/scheduler/resource/RAS_Node.java|storm-server/src/main/java/org/apache/storm/scheduler/resource/RAS_Nodes.java|storm-server/src/main/java/org/apache/storm/scheduler/resource/ResourceAwareScheduler.java|storm-server/src/main/java/org/apache/storm/scheduler/resource/ResourceUtils.java|storm-server/src/main/java/org/apache/storm/scheduler/resource/normalization/NormalizedResourceOffer.java|storm-server/src/main/java/org/apache/storm/scheduler/resource/normalization/NormalizedResourceRequest.java|storm-server/src/main/java/org/apache/storm/scheduler/resource/normalization/NormalizedResources.java|storm-server/src/main/java/org/apache/storm/scheduler/resource/normalization/NormalizedResourcesWithMemory.java|storm-server/src/main/java/org/apache/storm/scheduler/resource/normalization/ResourceMapArrayBridge.java|storm-server/src/main/java/org/apache/storm/scheduler/resource/normalization/ResourceNameNormalizer.java|storm-server/src/main/java/org/apache/storm/scheduler/resource/strategies/scheduling/BaseResourceAwareStrategy.java|storm-server/src/main/java/org/apache/storm/scheduler/resource/strategies/scheduling/DefaultResourceAwareStrategy.java|storm-server/src/main/java/org/apache/storm/scheduler/resource/strategies/scheduling/GenericResourceAwareStrategy.java|storm-server/src/main/java/org/apache/storm/utils/ServerUtils.java",9,true,"1.0.0",true,"pronto per labeling [IV,FV)"
"STORM-2856",false,"",true,"2.0.0|1.2.0|1.1.2|1.0.6",2,0,"",0,false,"",false,"nessuna classe Java nei fixing commit"
"STORM-2855",false,"",true,"2.0.0|1.2.0|1.1.2",2,0,"",0,false,"",false,"nessuna classe Java nei fixing commit"
"STORM-2853",true,"1.1.0",true,"2.0.0|1.2.0|1.1.2|1.0.6",2,3,"storm-client/src/jvm/org/apache/storm/executor/Executor.java|storm-client/src/jvm/org/apache/storm/executor/bolt/BoltExecutor.java|storm-client/src/jvm/org/apache/storm/executor/spout/SpoutExecutor.java",1,true,"1.1.0",true,"pronto per labeling [IV,FV)"
"STORM-2851",true,"2.0.0|1.2.0",true,"2.0.0|1.2.0",2,1,"external/storm-kafka-client/src/main/java/org/apache/storm/kafka/spout/KafkaSpout.java",6,true,"1.0.0",true,"pronto per labeling [IV,FV)"
"STORM-2850",true,"2.0.0|1.2.0",true,"2.0.0|1.2.0",2,1,"external/storm-kafka-client/src/main/java/org/apache/storm/kafka/spout/subscription/ManualPartitionSubscription.java",1,true,"1.0.4",true,"pronto per labeling [IV,FV)"
"STORM-2847",true,"2.0.0|1.2.0",true,"2.0.0|1.2.0",2,2,"external/storm-kafka-client/src/main/java/org/apache/storm/kafka/spout/KafkaSpout.java|external/storm-kafka-client/src/main/java/org/apache/storm/kafka/spout/subscription/ManualPartitionSubscription.java",14,true,"1.0.0",true,"pronto per labeling [IV,FV)"
"STORM-2845",true,"2.0.0",true,"2.0.0",2,21,"sql/storm-sql-core/src/jvm/org/apache/storm/sql/StormSql.java|sql/storm-sql-core/src/jvm/org/apache/storm/sql/StormSqlContext.java|sql/storm-sql-core/src/jvm/org/apache/storm/sql/StormSqlImpl.java|sql/storm-sql-core/src/jvm/org/apache/storm/sql/compiler/backends/standalone/BuiltinAggregateFunctions.java|sql/storm-sql-core/src/jvm/org/apache/storm/sql/compiler/backends/standalone/PlanCompiler.java|sql/storm-sql-core/src/jvm/org/apache/storm/sql/compiler/backends/standalone/PostOrderRelNodeVisitor.java|sql/storm-sql-core/src/jvm/org/apache/storm/sql/compiler/backends/standalone/RelNodeCompiler.java|sql/storm-sql-external/storm-sql-hdfs/src/jvm/org/apache/storm/sql/hdfs/HdfsDataSourcesProvider.java|sql/storm-sql-external/storm-sql-kafka/src/jvm/org/apache/storm/sql/kafka/KafkaDataSourcesProvider.java|sql/storm-sql-external/storm-sql-mongodb/src/jvm/org/apache/storm/sql/mongodb/MongoDataSourcesProvider.java|sql/storm-sql-external/storm-sql-redis/src/jvm/org/apache/storm/sql/redis/RedisDataSourcesProvider.java|sql/storm-sql-runtime/src/jvm/org/apache/storm/sql/runtime/AbstractChannelHandler.java|sql/storm-sql-runtime/src/jvm/org/apache/storm/sql/runtime/AbstractValuesProcessor.java|sql/storm-sql-runtime/src/jvm/org/apache/storm/sql/runtime/ChannelContext.java|sql/storm-sql-runtime/src/jvm/org/apache/storm/sql/runtime/ChannelHandler.java|sql/storm-sql-runtime/src/jvm/org/apache/storm/sql/runtime/Channels.java|sql/storm-sql-runtime/src/jvm/org/apache/storm/sql/runtime/DataSource.java|sql/storm-sql-runtime/src/jvm/org/apache/storm/sql/runtime/DataSourcesProvider.java|sql/storm-sql-runtime/src/jvm/org/apache/storm/sql/runtime/DataSourcesRegistry.java|sql/storm-sql-runtime/src/jvm/org/apache/storm/sql/runtime/StormSqlFunctions.java|sql/storm-sql-runtime/src/jvm/org/apache/storm/sql/runtime/datasource/socket/SocketDataSourcesProvider.java",39,true,"0.10.0",true,"pronto per labeling [IV,FV)"
"STORM-2844",true,"2.0.0|1.2.0",true,"2.0.0|1.2.0",1,5,"external/storm-kafka-client/src/main/java/org/apache/storm/kafka/spout/KafkaSpout.java|external/storm-kafka-client/src/main/java/org/apache/storm/kafka/spout/KafkaSpoutConfig.java|external/storm-kafka-client/src/main/java/org/apache/storm/kafka/spout/KafkaSpoutMessageId.java|external/storm-kafka-client/src/main/java/org/apache/storm/kafka/spout/internal/CommitMetadata.java|external/storm-kafka-client/src/main/java/org/apache/storm/kafka/spout/internal/OffsetManager.java",14,true,"1.0.0",true,"pronto per labeling [IV,FV)"
"STORM-2843",true,"2.0.0|1.x",true,"2.0.0|1.2.0",2,2,"flux/flux-core/src/main/java/org/apache/storm/flux/Flux.java|flux/flux-core/src/main/java/org/apache/storm/flux/parser/FluxParser.java",8,true,"0.9.4",true,"pronto per labeling [IV,FV)"
"STORM-2835",true,"2.0.0|1.2.0",true,"2.0.0|1.2.0",1,1,"external/storm-kafka-client/src/main/java/org/apache/storm/kafka/spout/KafkaSpout.java",6,true,"1.0.0",true,"pronto per labeling [IV,FV)"
"STORM-2834",false,"",true,"2.0.0",2,1,"storm-server/src/main/java/org/apache/storm/daemon/nimbus/Nimbus.java",3,true,"1.0.2",true,"pronto per labeling [IV,FV)"
"STORM-2833",true,"1.0.0|2.0.0",true,"2.0.0|1.2.0|1.1.2",2,1,"storm-client/src/jvm/org/apache/storm/messaging/netty/Client.java",1,true,"1.1.0",true,"pronto per labeling [IV,FV)"
"STORM-2829",true,"2.0.0",true,"2.0.0",2,1,"storm-webapp/src/main/java/org/apache/storm/daemon/logviewer/handler/LogviewerLogSearchHandler.java",1,true,"1.0.5",true,"pronto per labeling [IV,FV)"
"STORM-2827",true,"2.0.0",true,"2.0.0",2,2,"storm-webapp/src/main/java/org/apache/storm/daemon/logviewer/LogviewerServer.java|storm-webapp/src/main/java/org/apache/storm/daemon/logviewer/handler/LogviewerLogSearchHandler.java",2,true,"1.0.4",true,"pronto per labeling [IV,FV)"
"STORM-2826",true,"1.2.0",true,"1.2.0",0,0,"",0,false,"",false,"nessuna classe Java nei fixing commit"
"STORM-2825",true,"1.2.0",true,"1.2.0",0,0,"",0,false,"",false,"nessuna classe Java nei fixing commit"
"STORM-2820",false,"",true,"2.0.0",2,1,"storm-server/src/main/java/org/apache/storm/daemon/nimbus/Nimbus.java",1,true,"1.0.4",true,"pronto per labeling [IV,FV)"
"STORM-2815",false,"",true,"2.0.0|1.2.0|1.1.2",2,3,"storm-core/src/jvm/org/apache/storm/ui/UIHelpers.java|storm-webapp/src/main/java/org/apache/storm/daemon/logviewer/utils/LogviewerResponseBuilder.java|storm-webapp/src/main/java/org/apache/storm/daemon/logviewer/webapp/LogviewerResource.java",2,true,"1.0.0",true,"pronto per labeling [IV,FV)"
"STORM-2814",false,"",true,"2.0.0|1.2.0|1.1.2",2,4,"storm-webapp/src/main/java/org/apache/storm/daemon/logviewer/handler/LogviewerLogPageHandler.java|storm-webapp/src/main/java/org/apache/storm/daemon/logviewer/handler/LogviewerProfileHandler.java|storm-webapp/src/main/java/org/apache/storm/daemon/logviewer/utils/LogFileDownloader.java|storm-webapp/src/main/java/org/apache/storm/daemon/logviewer/utils/LogviewerResponseBuilder.java",2,true,"1.0.4",true,"pronto per labeling [IV,FV)"
"STORM-2811",true,"2.0.0|1.1.0",true,"2.0.0|1.2.0|1.1.2",2,2,"integration-test/src/main/java/org/apache/storm/st/utils/StringDecorator.java|storm-client/src/jvm/org/apache/storm/cluster/IStormClusterState.java",2,true,"1.0.3",true,"pronto per labeling [IV,FV)"
"STORM-2810",true,"2.0.0|1.1.2",true,"2.0.0|1.2.0|1.1.2",2,3,"external/storm-hdfs/src/main/java/org/apache/storm/hdfs/blobstore/HdfsBlobStoreImpl.java|external/storm-hdfs/src/main/java/org/apache/storm/hdfs/bolt/AbstractHdfsBolt.java|external/storm-hdfs/src/main/java/org/apache/storm/hdfs/spout/HdfsSpout.java",19,true,"1.0.0",true,"pronto per labeling [IV,FV)"
"STORM-2809",true,"2.0.0",true,"2.0.0",2,1,"storm-server/src/main/java/org/apache/storm/localizer/LocallyCachedTopologyBlob.java",0,false,"",true,"SZZ non ha trovato un commit introducente"
"STORM-2808",false,"",true,"2.0.0",2,1,"storm-server/src/main/java/org/apache/storm/daemon/nimbus/Nimbus.java",1,true,"1.1.0",true,"pronto per labeling [IV,FV)"
"STORM-2804",false,"",true,"2.0.0",2,1,"storm-server/src/main/java/org/apache/storm/daemon/nimbus/TopoCache.java",1,true,"1.0.5",true,"pronto per labeling [IV,FV)"
"STORM-2803",true,"2.0.0",true,"2.0.0",1,10,"examples/storm-starter/test/jvm/org/apache/storm/starter/tools/NthLastModifiedTimeTrackerTest.java|storm-client/src/jvm/org/apache/storm/security/auth/ShellBasedGroupsMapping.java|storm-client/src/jvm/org/apache/storm/utils/RotatingMap.java|storm-client/src/jvm/org/apache/storm/utils/ShellCommandRunner.java|storm-client/src/jvm/org/apache/storm/utils/ShellCommandRunnerImpl.java|storm-client/src/jvm/org/apache/storm/utils/ShellUtils.java|storm-client/src/jvm/org/apache/storm/utils/Time.java|storm-client/test/jvm/org/apache/storm/security/auth/ShellBasedGroupsMappingTest.java|storm-core/src/jvm/org/apache/storm/utils/TopologySpoutLag.java|storm-server/src/main/java/org/apache/storm/daemon/nimbus/Nimbus.java",6,true,"1.0.0",true,"pronto per labeling [IV,FV)"
"STORM-2795",true,"2.0.0",true,"2.0.0",2,1,"storm-server/src/main/java/org/apache/storm/localizer/LocalizedResource.java",1,true,"1.0.6",true,"pronto per labeling [IV,FV)"
"STORM-2794",false,"",true,"2.0.0",2,1,"storm-server/src/main/java/org/apache/storm/scheduler/resource/ResourceAwareScheduler.java",1,true,"1.0.6",true,"pronto per labeling [IV,FV)"
"STORM-2787",true,"2.0.0|1.2.0",true,"2.0.0|1.2.0",2,1,"external/storm-kafka-client/src/main/java/org/apache/storm/kafka/spout/KafkaSpout.java",3,true,"1.0.0",true,"pronto per labeling [IV,FV)"
"STORM-2786",true,"0.9.1-incubating|0.10.0|1.0.0|2.0.0",true,"2.0.0|1.2.0|1.1.2|1.0.6",2,2,"storm-client/src/jvm/org/apache/storm/daemon/Acker.java|storm-client/src/jvm/org/apache/storm/executor/Executor.java",1,true,"1.1.0",true,"pronto per labeling [IV,FV)"
"STORM-2784",true,"2.0.0|1.2.0",true,"2.0.0|1.2.0",2,1,"external/storm-kafka-client/src/main/java/org/apache/storm/kafka/spout/KafkaSpout.java",1,true,"1.0.5",true,"pronto per labeling [IV,FV)"
"STORM-2779",true,"2.0.0|1.2.0|1.1.2",true,"2.0.0|1.2.0|1.1.2",2,1,"storm-client/src/jvm/org/apache/storm/topology/WindowedBoltExecutor.java",1,true,"1.0.5",true,"pronto per labeling [IV,FV)"
"STORM-2777",false,"",true,"2.0.0",2,1,"storm-server/src/main/java/org/apache/storm/daemon/nimbus/Nimbus.java",1,true,"1.0.5",true,"pronto per labeling [IV,FV)"
"STORM-2772",true,"2.0.0",true,"2.0.0",1,1,"storm-client/src/jvm/org/apache/storm/drpc/DRPCSpout.java",1,true,"1.1.0",true,"pronto per labeling [IV,FV)"
"STORM-2771",true,"2.0.0",true,"2.0.0|1.2.0|1.1.2|1.0.6",2,0,"",0,false,"",false,"nessuna classe Java nei fixing commit"
"STORM-2769",false,"",true,"2.0.0|1.2.0|1.1.2",2,1,"storm-client/src/jvm/org/apache/storm/topology/OutputFieldsGetter.java",0,false,"",true,"SZZ non ha trovato un commit introducente"
"STORM-2765",false,"",true,"2.0.0",2,4,"storm-client/src/jvm/org/apache/storm/blobstore/BlobStore.java|storm-client/test/jvm/org/apache/storm/blobstore/ClientBlobStoreTest.java|storm-core/src/jvm/org/apache/storm/command/Blobstore.java|storm-server/src/main/java/org/apache/storm/utils/ServerUtils.java",4,true,"1.0.0",true,"pronto per labeling [IV,FV)"
"STORM-2764",true,"1.0.0|2.0.0",true,"2.0.0|1.2.0|1.1.2|1.0.6",2,1,"external/storm-hdfs/src/main/java/org/apache/storm/hdfs/blobstore/HdfsBlobStore.java",2,true,"1.0.0",true,"pronto per labeling [IV,FV)"
"STORM-2762",true,"2.0.0",true,"2.0.0",3,4,"storm-server/src/main/java/org/apache/storm/daemon/nimbus/Nimbus.java|storm-server/src/main/java/org/apache/storm/scheduler/blacklist/BlacklistScheduler.java|storm-server/src/main/java/org/apache/storm/scheduler/blacklist/Sets.java|storm-server/src/main/java/org/apache/storm/scheduler/resource/strategies/scheduling/BaseResourceAwareStrategy.java",5,true,"1.0.2",true,"pronto per labeling [IV,FV)"
"STORM-2758",false,"",true,"2.0.0",2,1,"storm-webapp/src/main/java/org/apache/storm/daemon/logviewer/LogviewerServer.java",1,true,"1.0.4",true,"pronto per labeling [IV,FV)"
"STORM-2757",false,"",true,"2.0.0",2,1,"storm-server/src/main/java/org/apache/storm/DaemonConfig.java",2,true,"1.1.0",true,"pronto per labeling [IV,FV)"
"STORM-2756",true,"1.2.0",true,"1.2.0",0,0,"",0,false,"",false,"nessuna classe Java nei fixing commit"
"STORM-2751",false,"",true,"2.0.0|1.2.0|1.1.2|1.0.6",1,0,"",0,false,"",false,"nessuna classe Java nei fixing commit"
"STORM-2750",true,"2.0.0",true,"2.0.0|1.1.2",2,1,"external/storm-autocreds/src/main/java/org/apache/storm/hbase/security/HBaseSecurityUtil.java",1,true,"1.0.4",true,"pronto per labeling [IV,FV)"
"STORM-2748",true,"2.0.0",true,"2.0.0",2,0,"",0,false,"",false,"nessuna classe Java nei fixing commit"
"STORM-2742",false,"",true,"2.0.0",1,1,"storm-webapp/src/main/java/org/apache/storm/daemon/logviewer/handler/LogviewerLogSearchHandler.java",2,true,"1.0.4",true,"pronto per labeling [IV,FV)"
"STORM-2738",false,"",true,"2.0.0",2,3,"storm-client/src/jvm/org/apache/storm/utils/Utils.java|storm-server/src/main/java/org/apache/storm/daemon/nimbus/Nimbus.java|storm-server/src/main/java/org/apache/storm/utils/ServerUtils.java",5,true,"1.1.0",true,"pronto per labeling [IV,FV)"
"STORM-2736",true,"1.1.1",true,"2.0.0|1.2.0|1.1.2",1,1,"storm-server/src/main/java/org/apache/storm/blobstore/BlobStoreUtils.java",1,true,"1.1.0",true,"pronto per labeling [IV,FV)"
"STORM-2734",true,"2.0.0",true,"2.0.0",2,7,"external/storm-kafka-client/src/main/java/org/apache/storm/kafka/spout/ByTopicRecordTranslator.java|external/storm-kafka-client/src/main/java/org/apache/storm/kafka/spout/KafkaSpout.java|external/storm-kafka-client/src/main/java/org/apache/storm/kafka/spout/KafkaSpoutRetryService.java|external/storm-kafka-client/src/main/java/org/apache/storm/kafka/spout/RecordTranslator.java|external/storm-kafka-client/src/main/java/org/apache/storm/kafka/spout/subscription/ManualPartitioner.java|external/storm-kafka-client/src/main/java/org/apache/storm/kafka/spout/subscription/Subscription.java|external/storm-kafka-client/src/main/java/org/apache/storm/kafka/spout/subscription/TopicFilter.java",3,true,"1.0.3",true,"pronto per labeling [IV,FV)"
"STORM-2733",true,"1.0.0|2.0.0",true,"2.0.0",2,20,"examples/storm-loadgen/src/main/java/org/apache/storm/loadgen/ExecAndProcessLatencyEngine.java|examples/storm-loadgen/src/main/java/org/apache/storm/loadgen/GenLoad.java|examples/storm-loadgen/src/main/java/org/apache/storm/loadgen/LoadBolt.java|examples/storm-loadgen/src/main/java/org/apache/storm/loadgen/LoadCompConf.java|examples/storm-loadgen/src/main/java/org/apache/storm/loadgen/LoadMetricsServer.java|examples/storm-loadgen/src/main/java/org/apache/storm/loadgen/NormalDistStats.java|examples/storm-loadgen/src/main/java/org/apache/storm/loadgen/OutputStream.java|examples/storm-loadgen/src/main/java/org/apache/storm/loadgen/SlowExecutorPattern.java|examples/storm-loadgen/src/main/java/org/apache/storm/loadgen/ThroughputVsLatency.java|examples/storm-loadgen/src/main/java/org/apache/storm/loadgen/TopologyLoadConf.java|storm-client/src/jvm/org/apache/storm/daemon/Task.java|storm-client/src/jvm/org/apache/storm/daemon/worker/Worker.java|storm-client/src/jvm/org/apache/storm/daemon/worker/WorkerState.java|storm-client/src/jvm/org/apache/storm/executor/Executor.java|storm-client/src/jvm/org/apache/storm/executor/ExecutorShutdown.java|storm-client/src/jvm/org/apache/storm/executor/IRunningExecutor.java|storm-client/src/jvm/org/apache/storm/executor/bolt/BoltExecutor.java|storm-client/src/jvm/org/apache/storm/executor/spout/SpoutExecutor.java|storm-client/src/jvm/org/apache/storm/grouping/LoadAwareShuffleGrouping.java|storm-client/test/jvm/org/apache/storm/grouping/LoadAwareShuffleGroupingTest.java",16,true,"1.0.0",true,"pronto per labeling [IV,FV)"
"STORM-2732",false,"",true,"2.0.0",2,1,"external/storm-hdfs/src/main/java/org/apache/storm/hdfs/bolt/AbstractHdfsBolt.java",1,true,"1.0.0",true,"pronto per labeling [IV,FV)"
"STORM-2729",false,"",true,"2.0.0",2,1,"storm-client/src/jvm/org/apache/storm/daemon/worker/WorkerState.java",1,true,"1.1.0",true,"pronto per labeling [IV,FV)"
"STORM-2724",true,"2.0.0|1.0.4|1.1.1",true,"2.0.0|1.2.0|1.1.2",2,4,"storm-client/src/jvm/org/apache/storm/topology/WindowedBoltExecutor.java|storm-client/src/jvm/org/apache/storm/windowing/TimeTriggerPolicy.java|storm-client/src/jvm/org/apache/storm/windowing/WaterMarkEventGenerator.java|storm-client/test/jvm/org/apache/storm/windowing/WaterMarkEventGeneratorTest.java",1,true,"1.0.0",true,"pronto per labeling [IV,FV)"
"STORM-2722",true,"2.0.0|1.1.1",true,"2.0.0|1.2.0",2,0,"",0,false,"",false,"nessuna classe Java nei fixing commit"
"STORM-2716",true,"2.0.0",true,"2.0.0",2,11,"storm-client/src/jvm/org/apache/storm/utils/Utils.java|storm-core/src/jvm/org/apache/storm/utils/WebAppUtils.java|storm-server/src/main/java/org/apache/storm/daemon/supervisor/BasicContainer.java|storm-server/src/main/java/org/apache/storm/localizer/AsyncLocalizer.java|storm-server/src/main/java/org/apache/storm/utils/ServerUtils.java|storm-webapp/src/main/java/org/apache/storm/daemon/logviewer/handler/LogviewerLogSearchHandler.java|storm-webapp/src/main/java/org/apache/storm/daemon/logviewer/handler/LogviewerProfileHandler.java|storm-webapp/src/main/java/org/apache/storm/daemon/logviewer/utils/LogFileDownloader.java|storm-webapp/src/main/java/org/apache/storm/daemon/logviewer/utils/WorkerLogs.java|storm-webapp/src/main/java/org/apache/storm/daemon/utils/PathUtil.java|storm-webapp/src/main/java/org/apache/storm/daemon/utils/UrlBuilder.java",7,true,"1.1.0",true,"pronto per labeling [IV,FV)"
"STORM-2706",true,"1.1.1",true,"2.0.0|1.2.0|1.1.2",2,0,"",0,false,"",false,"nessuna classe Java nei fixing commit"
"STORM-2705",false,"",true,"2.0.0|1.2.0|1.1.2|1.0.5",2,1,"storm-client/src/jvm/org/apache/storm/drpc/DRPCSpout.java",1,true,"1.1.0",true,"pronto per labeling [IV,FV)"
"STORM-2701",false,"",true,"2.0.0",0,0,"",0,false,"",false,"nessuna classe Java nei fixing commit"
"STORM-2700",false,"",true,"2.0.0",2,2,"storm-server/src/main/java/org/apache/storm/localizer/Localizer.java|storm-server/src/main/java/org/apache/storm/utils/ServerUtils.java",1,true,"1.1.0",true,"pronto per labeling [IV,FV)"
"STORM-2695",false,"",true,"2.0.0|1.2.0|1.1.2|1.0.5",2,0,"",0,false,"",false,"nessuna classe Java nei fixing commit"
"STORM-2692",true,"1.x",true,"1.2.0",0,0,"",0,false,"",false,"nessuna classe Java nei fixing commit"
"STORM-2691",true,"2.0.0|1.1.1",true,"2.0.0",2,20,"external/storm-kafka-client/src/main/java/org/apache/storm/kafka/spout/KafkaSpout.java|external/storm-kafka-client/src/main/java/org/apache/storm/kafka/spout/KafkaSpoutConfig.java|external/storm-kafka-client/src/main/java/org/apache/storm/kafka/spout/subscription/ManualPartitionSubscription.java|external/storm-kafka-client/src/main/java/org/apache/storm/kafka/spout/subscription/ManualPartitioner.java|external/storm-kafka-client/src/main/java/org/apache/storm/kafka/spout/subscription/NamedTopicFilter.java|external/storm-kafka-client/src/main/java/org/apache/storm/kafka/spout/subscription/PatternTopicFilter.java|external/storm-kafka-client/src/main/java/org/apache/storm/kafka/spout/subscription/RoundRobinManualPartitioner.java|external/storm-kafka-client/src/main/java/org/apache/storm/kafka/spout/subscription/Subscription.java|external/storm-kafka-client/src/main/java/org/apache/storm/kafka/spout/subscription/TopicAssigner.java|external/storm-kafka-client/src/main/java/org/apache/storm/kafka/spout/subscription/TopicFilter.java|external/storm-kafka-client/src/main/java/org/apache/storm/kafka/spout/trident/KafkaTridentSpoutBatchMetadata.java|external/storm-kafka-client/src/main/java/org/apache/storm/kafka/spout/trident/KafkaTridentSpoutEmitter.java|external/storm-kafka-client/src/main/java/org/apache/storm/kafka/spout/trident/KafkaTridentSpoutManager.java|external/storm-kafka-client/src/main/java/org/apache/storm/kafka/spout/trident/KafkaTridentSpoutOpaque.java|external/storm-kafka-client/src/main/java/org/apache/storm/kafka/spout/trident/KafkaTridentSpoutOpaqueCoordinator.java|external/storm-kafka-client/src/main/java/org/apache/storm/kafka/spout/trident/KafkaTridentSpoutTopicPartition.java|external/storm-kafka-client/src/main/java/org/apache/storm/kafka/spout/trident/KafkaTridentSpoutTopicPartitionRegistry.java|external/storm-kafka-client/src/main/java/org/apache/storm/kafka/spout/trident/KafkaTridentSpoutTransactional.java|storm-client/src/jvm/org/apache/storm/trident/spout/IOpaquePartitionedTridentSpout.java|storm-client/src/jvm/org/apache/storm/trident/spout/OpaquePartitionedTridentSpoutExecutor.java",25,true,"1.0.0",true,"pronto per labeling [IV,FV)"
"STORM-2690",true,"2.0.0|1.1.0|1.0.3|1.0.4|1.1.1|1.1.2|1.0.5",true,"2.0.0|1.2.0|1.1.2|1.0.6",2,2,"storm-server/src/main/java/org/apache/storm/daemon/supervisor/ReadClusterState.java|storm-server/src/main/java/org/apache/storm/daemon/supervisor/Supervisor.java",1,true,"1.1.0",true,"pronto per labeling [IV,FV)"
"STORM-2682",true,"1.0.4|1.1.1",true,"2.0.0|1.2.0|1.1.2|1.0.5",2,2,"storm-server/src/main/java/org/apache/storm/daemon/supervisor/Slot.java|storm-server/src/main/java/org/apache/storm/daemon/supervisor/timer/UpdateBlobs.java",2,true,"1.1.0",true,"pronto per labeling [IV,FV)"
"STORM-2678",false,"",true,"2.0.0",8,9,"storm-client/src/jvm/org/apache/storm/daemon/GrouperFactory.java|storm-client/src/jvm/org/apache/storm/daemon/Task.java|storm-client/src/jvm/org/apache/storm/daemon/worker/Worker.java|storm-client/src/jvm/org/apache/storm/executor/Executor.java|storm-client/src/jvm/org/apache/storm/executor/ExecutorShutdown.java|storm-client/src/jvm/org/apache/storm/executor/IRunningExecutor.java|storm-client/src/jvm/org/apache/storm/grouping/LoadAwareCustomStreamGrouping.java|storm-client/src/jvm/org/apache/storm/grouping/LoadAwareShuffleGrouping.java|storm-client/test/jvm/org/apache/storm/grouping/LoadAwareShuffleGroupingTest.java",6,true,"1.0.0",true,"pronto per labeling [IV,FV)"
"STORM-2677",true,"1.x",true,"1.2.0|1.1.2|1.0.5",0,0,"",0,false,"",false,"nessuna classe Java nei fixing commit"
"STORM-2676",false,"",true,"2.0.0",2,1,"external/storm-hive/src/main/java/org/apache/storm/hive/bolt/mapper/JsonRecordHiveMapper.java",1,true,"0.9.4",true,"pronto per labeling [IV,FV)"
"STORM-2675",true,"1.1.0",true,"2.0.0|1.2.0",2,10,"external/storm-kafka-client/src/main/java/org/apache/storm/kafka/spout/subscription/Subscription.java|external/storm-kafka-client/src/main/java/org/apache/storm/kafka/spout/trident/KafkaTridentSpoutBatchMetadata.java|external/storm-kafka-client/src/main/java/org/apache/storm/kafka/spout/trident/KafkaTridentSpoutEmitter.java|external/storm-kafka-client/src/main/java/org/apache/storm/kafka/spout/trident/KafkaTridentSpoutManager.java|external/storm-kafka-client/src/main/java/org/apache/storm/kafka/spout/trident/KafkaTridentSpoutOpaque.java|external/storm-kafka-client/src/main/java/org/apache/storm/kafka/spout/trident/KafkaTridentSpoutOpaqueCoordinator.java|external/storm-kafka-client/src/main/java/org/apache/storm/kafka/spout/trident/TopicPartitionSerializer.java|external/storm-kafka-client/src/main/java/org/apache/storm/kafka/trident/TridentKafkaState.java|storm-client/src/jvm/org/apache/storm/trident/spout/IOpaquePartitionedTridentSpout.java|storm-client/src/jvm/org/apache/storm/trident/topology/state/TransactionalState.java",10,true,"1.0.2",true,"pronto per labeling [IV,FV)"
"STORM-2674",false,"",true,"2.0.0|1.2.0|1.1.2|1.0.5",2,1,"storm-client/src/jvm/org/apache/storm/cluster/StormClusterStateImpl.java",1,true,"1.1.0",true,"pronto per labeling [IV,FV)"
"STORM-2666",true,"1.0.0|2.0.0|1.1.0|1.1.1|1.2.0",true,"2.0.0|1.2.0|1.1.2",2,4,"external/storm-kafka-client/src/main/java/org/apache/storm/kafka/spout/KafkaSpout.java|external/storm-kafka-client/src/main/java/org/apache/storm/kafka/spout/KafkaSpoutRetryExponentialBackoff.java|external/storm-kafka-client/src/main/java/org/apache/storm/kafka/spout/KafkaSpoutRetryService.java|external/storm-kafka-client/src/main/java/org/apache/storm/kafka/spout/internal/OffsetManager.java",8,true,"1.0.0",true,"pronto per labeling [IV,FV)"
"STORM-2660",true,"2.0.0|1.1.0|1.0.4",true,"2.0.0|1.2.0|1.1.2|1.0.5",2,5,"storm-client/src/jvm/org/apache/storm/Config.java|storm-client/src/jvm/org/apache/storm/utils/ConfigUtils.java|storm-server/src/main/java/org/apache/storm/blobstore/LocalFsBlobStore.java|storm-server/src/main/java/org/apache/storm/scheduler/utils/ArtifactoryConfigLoader.java|storm-server/src/main/java/org/apache/storm/utils/ServerConfigUtils.java",3,true,"1.1.0",true,"pronto per labeling [IV,FV)"
"STORM-2659",true,"1.1.0",true,"1.1.1",1,0,"",0,false,"",false,"nessuna classe Java nei fixing commit"
"STORM-2655",false,"",true,"2.0.0",3,5,"storm-client/src/jvm/org/apache/storm/security/auth/DefaultPrincipalToLocal.java|storm-client/src/jvm/org/apache/storm/security/auth/IPrincipalToLocal.java|storm-client/src/jvm/org/apache/storm/security/auth/KerberosPrincipalToLocal.java|storm-client/test/jvm/org/apache/storm/security/auth/AuthUtilsTestMock.java|storm-webapp/src/main/java/org/apache/storm/daemon/logviewer/utils/ResourceAuthorizer.java",3,true,"1.0.0",true,"pronto per labeling [IV,FV)"
"STORM-2652",true,"2.0.0|1.1.0",true,"2.0.0|1.1.1|1.2.0",4,1,"external/storm-jms/src/main/java/org/apache/storm/jms/spout/JmsSpout.java",5,true,"1.0.3",true,"pronto per labeling [IV,FV)"
"STORM-2645",true,"1.1.0",true,"2.0.0|1.1.0|1.2.0",2,0,"",0,false,"",false,"nessuna classe Java nei fixing commit"
"STORM-2642",true,"2.0.0|1.1.0",true,"2.0.0|1.2.0|1.1.2",3,2,"external/storm-kafka-client/src/main/java/org/apache/storm/kafka/spout/subscription/ManualPartitionSubscription.java|external/storm-kafka-client/src/main/java/org/apache/storm/kafka/spout/subscription/ManualPartitioner.java",1,true,"1.0.3",true,"pronto per labeling [IV,FV)"
"STORM-2641",true,"2.0.0",true,"2.0.0",3,0,"",0,false,"",false,"nessuna classe Java nei fixing commit"
"STORM-2639",true,"1.1.0",true,"2.0.0|1.1.1|1.2.0",3,1,"external/storm-kafka-client/src/main/java/org/apache/storm/kafka/spout/internal/OffsetManager.java",2,true,"1.0.3",true,"pronto per labeling [IV,FV)"
"STORM-2638",false,"",true,"2.0.0",2,6,"storm-client/src/jvm/org/apache/storm/Config.java|storm-client/src/jvm/org/apache/storm/pacemaker/PacemakerClient.java|storm-client/src/jvm/org/apache/storm/pacemaker/codec/ThriftDecoder.java|storm-client/src/jvm/org/apache/storm/pacemaker/codec/ThriftNettyClientCodec.java|storm-server/src/main/java/org/apache/storm/pacemaker/PacemakerServer.java|storm-server/src/main/java/org/apache/storm/pacemaker/codec/ThriftNettyServerCodec.java",4,true,"0.10.0",true,"pronto per labeling [IV,FV)"
"STORM-2635",true,"2.0.0",true,"2.0.0",2,1,"storm-server/src/main/java/org/apache/storm/daemon/nimbus/Nimbus.java",1,true,"1.1.0",true,"pronto per labeling [IV,FV)"
"STORM-2629",false,"",false,"",0,0,"",0,false,"",false,"nessuna classe Java nei fixing commit"
"STORM-2628",false,"",false,"",0,0,"",0,false,"",false,"nessuna classe Java nei fixing commit"
"STORM-2627",false,"",true,"2.0.0|1.0.4|1.1.1|1.2.0",3,1,"storm-client/src/jvm/org/apache/storm/Config.java",1,true,"1.1.0",true,"pronto per labeling [IV,FV)"
"STORM-2621",true,"2.0.0|1.1.1|1.2.0",true,"2.0.0|1.1.1|1.2.0",3,1,"storm-client/src/jvm/org/apache/storm/utils/DisruptorQueue.java",1,true,"1.1.0",true,"pronto per labeling [IV,FV)"
"STORM-2613",false,"",true,"2.0.0",1,0,"",0,false,"",false,"nessuna classe Java nei fixing commit"
"STORM-2608",true,"0.10.0|1.0.4|1.1.1",true,"2.0.0|1.1.1|1.2.0",3,1,"external/storm-kafka/src/jvm/org/apache/storm/kafka/PartitionManager.java",1,true,"1.0.0",true,"pronto per labeling [IV,FV)"
"STORM-2607",true,"2.0.0|1.1.1",true,"2.0.0|1.2.0|1.1.2",3,2,"external/storm-kafka-client/src/main/java/org/apache/storm/kafka/spout/KafkaSpout.java|external/storm-kafka-client/src/main/java/org/apache/storm/kafka/spout/internal/OffsetManager.java",7,true,"1.0.0",true,"pronto per labeling [IV,FV)"
"STORM-2602",false,"",true,"2.0.0|1.1.1|1.2.0",3,1,"storm-client/src/jvm/org/apache/storm/StormSubmitter.java",1,true,"1.1.0",true,"pronto per labeling [IV,FV)"
"STORM-2599",true,"2.0.0|1.2.0",true,"2.0.0|1.2.0",3,1,"storm-server/src/main/java/org/apache/storm/daemon/supervisor/BasicContainer.java",2,true,"1.1.0",true,"pronto per labeling [IV,FV)"
"STORM-2597",false,"",true,"2.0.0|1.0.4|1.1.1|1.2.0",3,0,"",0,false,"",false,"nessuna classe Java nei fixing commit"
"STORM-2568",true,"1.1.0",true,"1.1.1|1.2.0",0,0,"",0,false,"",false,"nessuna classe Java nei fixing commit"
"STORM-2564",false,"",true,"2.0.0|1.1.1|1.2.0",3,0,"",0,false,"",false,"nessuna classe Java nei fixing commit"
"STORM-2563",false,"",true,"2.0.0|1.1.1|1.2.0",3,1,"storm-client/src/jvm/org/apache/storm/security/auth/kerberos/AutoTGT.java",1,true,"1.0.0",true,"pronto per labeling [IV,FV)"
"STORM-2562",false,"",true,"2.0.0|1.1.1|1.2.0",3,1,"storm-client/src/jvm/org/apache/storm/security/serialization/BlowfishTupleSerializer.java",1,true,"1.0.0",true,"pronto per labeling [IV,FV)"
"STORM-2559",false,"",true,"2.0.0",3,0,"",0,false,"",false,"nessuna classe Java nei fixing commit"
"STORM-2558",false,"",true,"2.0.0",3,0,"",0,false,"",false,"nessuna classe Java nei fixing commit"
"STORM-2557",false,"",true,"2.0.0|1.1.1|1.2.0",4,1,"storm-client/src/jvm/org/apache/storm/utils/DisruptorQueue.java",1,true,"1.1.0",true,"pronto per labeling [IV,FV)"
"STORM-2555",false,"",true,"2.0.0|1.2.0",3,6,"external/storm-autocreds/src/main/java/org/apache/storm/common/AbstractHadoopAutoCreds.java|external/storm-autocreds/src/main/java/org/apache/storm/hbase/security/AutoHBaseNimbus.java|external/storm-autocreds/src/main/java/org/apache/storm/hbase/security/HBaseSecurityUtil.java|external/storm-hbase/src/main/java/org/apache/storm/hbase/common/HBaseClient.java|external/storm-hbase/src/main/java/org/apache/storm/hbase/common/Utils.java|external/storm-hbase/src/main/java/org/apache/storm/hbase/trident/state/HBaseMapState.java",6,true,"0.9.2-incubating",true,"pronto per labeling [IV,FV)"
"STORM-2552",false,"",true,"2.0.0|1.1.1|1.2.0",3,1,"external/storm-kafka-client/src/main/java/org/apache/storm/kafka/spout/KafkaSpoutMessageId.java",2,true,"1.0.0",true,"pronto per labeling [IV,FV)"
"STORM-2549",true,"2.0.0|1.1.0",true,"2.0.0|1.2.0",2,3,"external/storm-kafka-client/src/main/java/org/apache/storm/kafka/spout/KafkaSpout.java|external/storm-kafka-client/src/main/java/org/apache/storm/kafka/spout/KafkaSpoutConfig.java|external/storm-kafka-client/src/main/java/org/apache/storm/kafka/spout/internal/OffsetManager.java",12,true,"1.0.0",true,"pronto per labeling [IV,FV)"
"STORM-2546",true,"2.0.0|1.1.0",true,"2.0.0|1.2.0",2,2,"external/storm-kafka-client/src/main/java/org/apache/storm/kafka/spout/KafkaSpout.java|external/storm-kafka-client/src/main/java/org/apache/storm/kafka/spout/KafkaSpoutConfig.java",3,true,"1.0.0",true,"pronto per labeling [IV,FV)"
"STORM-2544",true,"1.1.0",true,"2.0.0|1.1.1|1.2.0",4,1,"external/storm-kafka-client/src/main/java/org/apache/storm/kafka/spout/KafkaSpout.java",1,true,"1.0.2",true,"pronto per labeling [IV,FV)"
"STORM-2541",true,"2.0.0|1.1.0|1.1.1",true,"2.0.0|1.2.0|1.1.2",4,7,"external/storm-kafka-client/src/main/java/org/apache/storm/kafka/spout/ManualPartitionNamedSubscription.java|external/storm-kafka-client/src/main/java/org/apache/storm/kafka/spout/ManualPartitionPatternSubscription.java|external/storm-kafka-client/src/main/java/org/apache/storm/kafka/spout/ManualPartitionSubscription.java|external/storm-kafka-client/src/main/java/org/apache/storm/kafka/spout/NamedTopicFilter.java|external/storm-kafka-client/src/main/java/org/apache/storm/kafka/spout/PatternTopicFilter.java|external/storm-kafka-client/src/main/java/org/apache/storm/kafka/spout/Subscription.java|external/storm-kafka-client/src/main/java/org/apache/storm/kafka/spout/TopicFilter.java",3,true,"1.0.3",true,"pronto per labeling [IV,FV)"
"STORM-2536",true,"2.0.0|1.2.0",true,"2.0.0|1.2.0",3,0,"",0,false,"",false,"nessuna classe Java nei fixing commit"
"STORM-2535",false,"",true,"2.0.0|1.2.0|1.1.2",3,0,"",0,false,"",false,"nessuna classe Java nei fixing commit"
"STORM-2534",true,"2.0.0",true,"2.0.0",1,0,"",0,false,"",false,"nessuna classe Java nei fixing commit"
"STORM-2533",true,"2.0.0",true,"2.0.0",2,0,"",0,false,"",false,"nessuna classe Java nei fixing commit"
"STORM-2532",true,"2.0.0",true,"2.0.0",3,8,"storm-client/src/jvm/org/apache/storm/messaging/IConnection.java|storm-client/src/jvm/org/apache/storm/messaging/IContext.java|storm-client/src/jvm/org/apache/storm/messaging/local/Context.java|storm-client/src/jvm/org/apache/storm/messaging/netty/Client.java|storm-client/src/jvm/org/apache/storm/messaging/netty/Context.java|storm-client/src/jvm/org/apache/storm/messaging/netty/Server.java|storm-client/src/jvm/org/apache/storm/utils/Utils.java|storm-server/src/main/java/org/apache/storm/LocalCluster.java",2,true,"1.0.0",true,"pronto per labeling [IV,FV)"
"STORM-2526",false,"",true,"2.0.0",3,2,"storm-client/src/jvm/org/apache/storm/generated/TopologyPageInfo.java|storm-server/src/main/java/org/apache/storm/daemon/nimbus/Nimbus.java",1,true,"1.0.4",true,"pronto per labeling [IV,FV)"
"STORM-2525",true,"2.0.0",true,"2.0.0|1.2.0|1.1.2",3,15,"integration-test/src/main/java/org/apache/storm/st/topology/window/SlidingTimeCorrectness.java|integration-test/src/main/java/org/apache/storm/st/topology/window/SlidingWindowCorrectness.java|integration-test/src/main/java/org/apache/storm/st/topology/window/TumblingTimeCorrectness.java|integration-test/src/main/java/org/apache/storm/st/topology/window/TumblingWindowCorrectness.java|integration-test/src/main/java/org/apache/storm/st/utils/StringDecorator.java|storm-client/src/jvm/org/apache/storm/topology/WindowedBoltExecutor.java|storm-client/src/jvm/org/apache/storm/windowing/EvictionContext.java|storm-client/src/jvm/org/apache/storm/windowing/EvictionPolicy.java|storm-client/src/jvm/org/apache/storm/windowing/TimeEvictionPolicy.java|storm-client/src/jvm/org/apache/storm/windowing/TimeTriggerPolicy.java|storm-client/src/jvm/org/apache/storm/windowing/WaterMarkEventGenerator.java|storm-client/src/jvm/org/apache/storm/windowing/WatermarkCountEvictionPolicy.java|storm-client/src/jvm/org/apache/storm/windowing/WatermarkTimeEvictionPolicy.java|storm-client/src/jvm/org/apache/storm/windowing/WindowManager.java|storm-client/test/jvm/org/apache/storm/windowing/WindowManagerTest.java",5,true,"1.0.0",true,"pronto per labeling [IV,FV)"
"STORM-2522",true,"2.0.0",true,"2.0.0",0,0,"",0,false,"",false,"nessuna classe Java nei fixing commit"
"STORM-2521",true,"2.0.0|1.2.0",true,"2.0.0|1.2.0",0,0,"",0,false,"",false,"nessuna classe Java nei fixing commit"
"STORM-2520",true,"2.0.0|1.2.0",true,"2.0.0|1.2.0",2,1,"external/storm-autocreds/src/main/java/org/apache/storm/hdfs/security/AutoHDFS.java",1,true,"1.0.4",true,"pronto per labeling [IV,FV)"
"STORM-2518",true,"2.0.0|1.1.1",true,"2.0.0|1.1.1|1.2.0",3,1,"storm-client/src/jvm/org/apache/storm/blobstore/BlobStoreAclHandler.java",1,true,"1.0.0",true,"pronto per labeling [IV,FV)"
"STORM-2517",true,"1.1.0",true,"2.0.0|1.2.0",2,3,"external/storm-hdfs/src/main/java/org/apache/storm/hdfs/bolt/AbstractHdfsBolt.java|external/storm-hdfs/src/main/java/org/apache/storm/hdfs/bolt/Writer.java|external/storm-hdfs/src/main/java/org/apache/storm/hdfs/common/AbstractHDFSWriter.java",2,true,"1.0.0",true,"pronto per labeling [IV,FV)"
"STORM-2516",true,"2.0.0",true,"2.0.0|1.1.1|1.2.0",3,2,"storm-client/src/jvm/org/apache/storm/windowing/WaterMarkEventGenerator.java|storm-client/test/jvm/org/apache/storm/topology/WindowedBoltExecutorTest.java",3,true,"1.0.0",true,"pronto per labeling [IV,FV)"
"STORM-2511",true,"2.0.0|1.x",true,"2.0.0|1.0.4|1.1.1|1.2.0",3,2,"storm-client/src/jvm/org/apache/storm/blobstore/BlobStore.java|storm-client/test/jvm/org/apache/storm/blobstore/ClientBlobStoreTest.java",1,true,"1.0.0",true,"pronto per labeling [IV,FV)"
"STORM-2505",true,"1.x",true,"2.0.0|1.1.1|1.2.0",3,2,"external/storm-kafka-client/src/main/java/org/apache/storm/kafka/spout/internal/OffsetManager.java|external/storm-kafka-client/src/main/java/org/apache/storm/kafka/spout/KafkaSpout.java",6,true,"1.0.0",true,"pronto per labeling [IV,FV)"
"STORM-2503",false,"",true,"2.0.0|1.1.1|1.2.0",6,7,"storm-client/src/jvm/org/apache/storm/scheduler/resource/strategies/scheduling/DefaultResourceAwareStrategy.java|examples/storm-starter/src/jvm/org/apache/storm/starter/TransactionalWords.java|storm-client/src/jvm/org/apache/storm/container/cgroup/SubSystem.java|storm-client/src/jvm/org/apache/storm/scheduler/SchedulerAssignmentImpl.java|storm-client/src/jvm/org/apache/storm/trident/windowing/StoreBasedTridentWindowManager.java|storm-server/src/main/java/org/apache/storm/daemon/nimbus/Nimbus.java|storm-server/src/main/java/org/apache/storm/daemon/supervisor/ReadClusterState.java",5,true,"1.0.0",true,"pronto per labeling [IV,FV)"
"STORM-2500",true,"1.1.0",true,"1.2.0|1.1.2",0,0,"",0,false,"",false,"nessuna classe Java nei fixing commit"
"STORM-2498",true,"1.x",true,"1.0.4|1.1.1|1.2.0",0,0,"",0,false,"",false,"nessuna classe Java nei fixing commit"
"STORM-2496",true,"2.0.0|1.1.0",true,"2.0.0|1.1.1|1.2.0",3,2,"storm-client/src/jvm/org/apache/storm/dependency/DependencyUploader.java|storm-client/test/jvm/org/apache/storm/dependency/DependencyUploaderTest.java",1,true,"1.1.0",true,"pronto per labeling [IV,FV)"
"STORM-2494",true,"1.1.0",true,"1.2.0",0,0,"",0,false,"",false,"nessuna classe Java nei fixing commit"
"STORM-2489",true,"1.0.2",true,"2.0.0|1.1.1|1.2.0",3,5,"storm-client/src/jvm/org/apache/storm/topology/WindowedBoltExecutor.java|storm-client/src/jvm/org/apache/storm/windowing/DefaultEvictionContext.java|storm-client/src/jvm/org/apache/storm/windowing/EvictionContext.java|storm-client/src/jvm/org/apache/storm/windowing/TimeEvictionPolicy.java|storm-client/src/jvm/org/apache/storm/windowing/TimeTriggerPolicy.java",3,true,"1.0.0",true,"pronto per labeling [IV,FV)"
"STORM-2488",true,"2.0.0",true,"2.0.0|1.1.1|1.2.0",1,0,"",0,false,"",false,"nessuna classe Java nei fixing commit"
"STORM-2486",false,"",true,"2.0.0|0.10.3|1.0.4|1.1.1|1.2.0",3,0,"",0,false,"",false,"nessuna classe Java nei fixing commit"
"STORM-2483",true,"2.0.0|1.0.3|1.2.3|2.1.0",true,"1.2.4|2.2.0|2.1.1",3,4,"storm-client/src/jvm/org/apache/storm/utils/Utils.java|storm-server/src/main/java/org/apache/storm/daemon/supervisor/Slot.java|storm-server/src/main/java/org/apache/storm/localizer/GoodToGo.java|storm-server/src/main/java/org/apache/storm/localizer/LocallyCachedBlob.java",2,true,"1.1.0",true,"pronto per labeling [IV,FV)"
"STORM-2480",false,"",true,"2.0.0",2,0,"",0,false,"",false,"nessuna classe Java nei fixing commit"
"STORM-2479",false,"",true,"2.0.0",3,7,"storm-client/src/jvm/org/apache/storm/nimbus/NimbusInfo.java|storm-client/src/jvm/org/apache/storm/security/auth/ITransportPlugin.java|storm-client/src/jvm/org/apache/storm/security/auth/SaslTransportPlugin.java|storm-client/src/jvm/org/apache/storm/security/auth/SimpleTransportPlugin.java|storm-client/src/jvm/org/apache/storm/security/auth/ThriftServer.java|storm-client/test/jvm/org/apache/storm/security/auth/ThriftServerTest.java|storm-webapp/src/main/java/org/apache/storm/daemon/drpc/DRPCServer.java",4,true,"1.0.0",true,"pronto per labeling [IV,FV)"
"STORM-2478",false,"",true,"2.0.0|1.1.1|1.2.0",3,2,"storm-server/src/main/java/org/apache/storm/blobstore/FileBlobStoreImpl.java|storm-server/src/main/java/org/apache/storm/blobstore/LocalFsBlobStore.java",1,true,"1.1.0",true,"pronto per labeling [IV,FV)"
"STORM-2476",false,"",true,"2.0.0",2,0,"",0,false,"",false,"nessuna classe Java nei fixing commit"
"STORM-2475",true,"1.0.0|2.0.0",true,"2.0.0",3,1,"storm-client/src/jvm/org/apache/storm/nimbus/NimbusInfo.java",1,true,"1.1.0",true,"pronto per labeling [IV,FV)"
"STORM-2474",false,"",true,"2.0.0",2,0,"",0,false,"",false,"nessuna classe Java nei fixing commit"
"STORM-2469",false,"",true,"2.0.0",3,0,"",0,false,"",false,"nessuna classe Java nei fixing commit"
"STORM-2467",true,"1.1.0",true,"2.0.0|1.1.1|1.2.0",3,1,"external/storm-kafka/src/jvm/org/apache/storm/kafka/StringScheme.java",1,true,"1.0.0",true,"pronto per labeling [IV,FV)"
"STORM-2463",false,"",true,"2.0.0",4,0,"",0,false,"",false,"nessuna classe Java nei fixing commit"
"STORM-2457",false,"",true,"2.0.0",2,0,"",0,false,"",false,"nessuna classe Java nei fixing commit"
"STORM-2454",false,"",true,"2.0.0",2,1,"external/storm-kafka-client/src/main/java/org/apache/storm/kafka/spout/KafkaSpoutConfig.java",1,true,"1.0.3",true,"pronto per labeling [IV,FV)"
"STORM-2451",true,"1.1.0",true,"2.0.0|1.1.0|1.0.6",3,0,"",0,false,"",false,"nessuna classe Java nei fixing commit"
"STORM-2450",true,"2.0.0|1.1.0|1.0.3",true,"2.0.0|1.0.4|1.1.1|1.2.0",3,1,"storm-core/src/jvm/org/apache/storm/localizer/AsyncLocalizer.java",1,true,"1.0.2",true,"pronto per labeling [IV,FV)"
"STORM-2449",true,"2.0.0|1.1.0",true,"2.0.0|1.1.1|1.2.0",3,1,"external/storm-redis/src/main/java/org/apache/storm/redis/state/RedisKeyValueStateIterator.java",1,true,"1.0.3",true,"pronto per labeling [IV,FV)"
"STORM-2445",true,"2.0.0",true,"2.0.0",2,1,"storm-server/src/main/java/org/apache/storm/daemon/nimbus/Nimbus.java",1,true,"1.1.0",true,"pronto per labeling [IV,FV)"
"STORM-2443",true,"2.0.0",true,"2.0.0",1,3,"storm-client/src/jvm/org/apache/storm/daemon/worker/LogConfigManager.java|storm-client/test/jvm/org/apache/storm/daemon/worker/LogConfigManagerTest.java|storm-server/src/main/java/org/apache/storm/daemon/nimbus/Nimbus.java",1,true,"1.1.0",true,"pronto per labeling [IV,FV)"
"STORM-2440",true,"0.10.1|1.0.1|1.0.2|1.1.0",true,"1.0.4|1.1.1|1.2.0",0,0,"",0,false,"",false,"nessuna classe Java nei fixing commit"
"STORM-2435",false,"",true,"2.0.0|1.1.1|1.2.0",3,0,"",0,false,"",false,"nessuna classe Java nei fixing commit"
"STORM-2432",true,"1.x",true,"2.0.0|1.1.1|1.2.0",2,1,"external/storm-kafka-client/src/main/java/org/apache/storm/kafka/spout/trident/KafkaTridentSpoutEmitter.java",1,true,"1.0.2",true,"pronto per labeling [IV,FV)"
"STORM-2431",false,"",true,"2.0.0|1.0.4|1.1.1|1.2.0",2,0,"",0,false,"",false,"nessuna classe Java nei fixing commit"
"STORM-2429",true,"1.0.3",true,"2.0.0|1.0.4|1.1.1|1.2.0",2,2,"storm-core/src/jvm/org/apache/storm/Config.java|storm-core/test/jvm/org/apache/storm/TestConfigValidate.java",2,true,"1.0.0",true,"pronto per labeling [IV,FV)"
"STORM-2427",true,"2.0.0",true,"2.0.0",2,0,"",0,false,"",false,"nessuna classe Java nei fixing commit"
"STORM-2426",true,"1.0.2",true,"2.0.0|1.2.0|1.1.2",0,0,"",0,false,"",false,"nessuna classe Java nei fixing commit"
"STORM-2425",true,"2.0.0|1.x",true,"2.0.0|1.1.0",3,1,"external/storm-hive/src/main/java/org/apache/storm/hive/bolt/HiveBolt.java",2,true,"0.9.4",true,"pronto per labeling [IV,FV)"
"STORM-2423",true,"2.0.0|1.x",true,"2.0.0|1.1.0",2,3,"examples/storm-starter/src/jvm/org/apache/storm/starter/JoinBoltExample.java|storm-core/src/jvm/org/apache/storm/bolt/JoinBolt.java|storm-core/test/jvm/org/apache/storm/bolt/TestJoinBolt.java",1,true,"1.0.3",true,"pronto per labeling [IV,FV)"
"STORM-2422",false,"",true,"2.0.0",3,1,"storm-core/src/jvm/org/apache/storm/trident/planner/SubtopologyBolt.java",1,true,"1.0.0",true,"pronto per labeling [IV,FV)"
"STORM-2420",false,"",true,"1.1.0",0,0,"",0,false,"",false,"nessuna classe Java nei fixing commit"
"STORM-2414",true,"2.0.0|1.1.0|1.0.4",true,"2.0.0|1.1.0|1.0.4",3,1,"storm-core/src/jvm/org/apache/storm/blobstore/LocalFsBlobStore.java",1,true,"1.0.0",true,"pronto per labeling [IV,FV)"
"STORM-2413",false,"",true,"2.0.0|1.1.1|1.2.0",3,4,"external/storm-kafka-client/src/main/java/org/apache/storm/kafka/spout/KafkaSpout.java|external/storm-kafka-client/src/main/java/org/apache/storm/kafka/spout/KafkaSpoutMessageId.java|external/storm-kafka-client/src/main/java/org/apache/storm/kafka/spout/KafkaSpoutRetryExponentialBackoff.java|external/storm-kafka-client/src/main/java/org/apache/storm/kafka/spout/KafkaSpoutRetryService.java",3,true,"1.0.0",true,"pronto per labeling [IV,FV)"
"STORM-2412",false,"",true,"2.0.0|1.1.0",2,3,"storm-core/src/jvm/org/apache/storm/blobstore/BlobStoreUtils.java|storm-core/src/jvm/org/apache/storm/blobstore/BlobSynchronizer.java|storm-core/src/jvm/org/apache/storm/daemon/nimbus/Nimbus.java",1,true,"1.0.3",true,"pronto per labeling [IV,FV)"
"STORM-2411",false,"",true,"2.0.0",3,0,"",0,false,"",false,"nessuna classe Java nei fixing commit"
"STORM-2409",true,"2.0.0|1.x",true,"2.0.0|1.1.0",2,4,"external/storm-kafka-client/src/main/java/org/apache/storm/kafka/spout/KafkaSpout.java|external/storm-kafka-client/src/main/java/org/apache/storm/kafka/spout/KafkaSpoutConfig.java|external/storm-kafka-client/src/main/java/org/apache/storm/kafka/spout/KafkaSpoutMessageId.java|external/storm-kafka-client/src/main/java/org/apache/storm/kafka/spout/RecordTranslator.java",9,true,"1.0.0",true,"pronto per labeling [IV,FV)"
"STORM-2408",false,"",true,"2.0.0|1.1.0",3,0,"",0,false,"",false,"nessuna classe Java nei fixing commit"
"STORM-2407",true,"2.0.0|1.x",true,"2.0.0|1.1.0",2,7,"external/storm-eventhubs/src/main/java/org/apache/storm/eventhubs/trident/OpaqueTridentEventHubEmitter.java|external/storm-kafka-client/src/main/java/org/apache/storm/kafka/spout/trident/KafkaTridentSpoutEmitter.java|external/storm-kafka-client/src/main/java/org/apache/storm/kafka/spout/trident/KafkaTridentSpoutOpaque.java|external/storm-kafka/src/jvm/org/apache/storm/kafka/trident/TridentKafkaEmitter.java|storm-core/src/jvm/org/apache/storm/trident/spout/IOpaquePartitionedTridentSpout.java|storm-core/src/jvm/org/apache/storm/trident/spout/OpaquePartitionedTridentSpoutExecutor.java|storm-core/src/jvm/org/apache/storm/trident/topology/state/TransactionalState.java",5,true,"0.9.5",true,"pronto per labeling [IV,FV)"
"STORM-2403",true,"2.0.0|1.1.0|1.0.4",true,"2.0.0|1.1.0|1.0.4",3,0,"",0,false,"",false,"nessuna classe Java nei fixing commit"
"STORM-2400",false,"",true,"2.0.0|1.1.0",3,3,"storm-core/src/jvm/org/apache/storm/security/auth/TBackoffConnect.java|storm-core/src/jvm/org/apache/storm/utils/StormBoundedExponentialBackoffRetry.java|storm-core/test/jvm/org/apache/storm/utils/StormBoundedExponentialBackoffRetryTest.java",2,true,"1.0.0",true,"pronto per labeling [IV,FV)"
"STORM-2396",false,"",true,"2.0.0|1.1.0|1.0.4",3,1,"storm-core/src/jvm/org/apache/storm/utils/Utils.java",0,false,"",true,"SZZ non ha trovato un commit introducente"
"STORM-2395",true,"1.0.3",true,"1.1.0|1.0.4",0,0,"",0,false,"",false,"nessuna classe Java nei fixing commit"
"STORM-2391",true,"1.1.0",true,"2.0.0|1.1.0",3,2,"examples/storm-hdfs-examples/src/main/java/org/apache/storm/hdfs/spout/HdfsSpoutTopology.java|examples/storm-starter/src/jvm/storm/starter/HdfsSpoutTopology.java",5,true,"1.0.0",true,"pronto per labeling [IV,FV)"
"STORM-2389",true,"1.1.0",true,"2.0.0|1.1.0|1.0.4",3,1,"storm-core/src/jvm/org/apache/storm/daemon/StormCommon.java",1,true,"1.0.0",true,"pronto per labeling [IV,FV)"
"STORM-2388",true,"1.1.0",true,"1.1.0",0,0,"",0,false,"",false,"nessuna classe Java nei fixing commit"
"STORM-2387",false,"",true,"2.0.0|1.1.0|1.0.4",4,27,"external/storm-cassandra/src/main/java/org/apache/storm/cassandra/bolt/BaseCassandraBolt.java|external/storm-cassandra/src/main/java/org/apache/storm/cassandra/bolt/BatchCassandraWriterBolt.java|external/storm-cassandra/src/main/java/org/apache/storm/cassandra/bolt/CassandraWriterBolt.java|external/storm-druid/src/main/java/org/apache/storm/druid/bolt/DruidBeamBolt.java|external/storm-elasticsearch/src/main/java/org/apache/storm/elasticsearch/bolt/AbstractEsBolt.java|external/storm-elasticsearch/src/main/java/org/apache/storm/elasticsearch/bolt/EsIndexBolt.java|external/storm-elasticsearch/src/main/java/org/apache/storm/elasticsearch/bolt/EsLookupBolt.java|external/storm-elasticsearch/src/main/java/org/apache/storm/elasticsearch/bolt/EsPercolateBolt.java|external/storm-eventhubs/src/main/java/org/apache/storm/eventhubs/bolt/EventHubBolt.java|external/storm-eventhubs/src/main/java/org/apache/storm/eventhubs/samples/bolt/GlobalCountBolt.java|external/storm-eventhubs/src/main/java/org/apache/storm/eventhubs/samples/bolt/PartialCountBolt.java|external/storm-jdbc/src/main/java/org/apache/storm/jdbc/bolt/AbstractJdbcBolt.java|external/storm-jdbc/src/main/java/org/apache/storm/jdbc/bolt/JdbcInsertBolt.java|external/storm-jdbc/src/main/java/org/apache/storm/jdbc/bolt/JdbcLookupBolt.java|external/storm-jms/core/src/main/java/org/apache/storm/jms/bolt/JmsBolt.java|external/storm-kafka-client/src/main/java/org/apache/storm/kafka/bolt/KafkaBolt.java|external/storm-kafka/src/jvm/org/apache/storm/kafka/bolt/KafkaBolt.java|external/storm-mongodb/src/main/java/org/apache/storm/mongodb/bolt/MongoLookupBolt.java|external/storm-mongodb/src/main/java/org/apache/storm/mongodb/bolt/MongoUpdateBolt.java|external/storm-mqtt/core/src/main/java/org/apache/storm/mqtt/bolt/MqttBolt.java|external/storm-pmml/src/main/java/org/apache/storm/pmml/PMMLPredictorBolt.java|external/storm-redis/src/main/java/org/apache/storm/redis/bolt/AbstractRedisBolt.java|external/storm-redis/src/main/java/org/apache/storm/redis/bolt/RedisFilterBolt.java|external/storm-redis/src/main/java/org/apache/storm/redis/bolt/RedisLookupBolt.java|external/storm-redis/src/main/java/org/apache/storm/redis/bolt/RedisStoreBolt.java|external/storm-solr/src/main/java/org/apache/storm/solr/bolt/SolrUpdateBolt.java|storm-core/src/jvm/org/apache/storm/topology/base/BaseTickTupleAwareRichBolt.java",25,true,"0.9.4",true,"pronto per labeling [IV,FV)"
"STORM-2386",true,"2.0.0|1.1.0|1.0.3",true,"2.0.0|1.1.0|1.0.4",2,1,"storm-core/src/jvm/org/apache/storm/blobstore/BlobSynchronizer.java",1,true,"1.0.3",true,"pronto per labeling [IV,FV)"
"STORM-2385",true,"1.0.4",true,"1.0.4",0,0,"",0,false,"",false,"nessuna classe Java nei fixing commit"
"STORM-2374",true,"2.0.0|1.1.0",true,"2.0.0|1.1.0",2,1,"external/storm-kafka-client/src/main/java/org/apache/storm/kafka/spout/Func.java",1,true,"1.0.3",true,"pronto per labeling [IV,FV)"
"STORM-2372",true,"2.0.0|1.x",true,"2.0.0|1.1.0|1.0.4",1,0,"",0,false,"",false,"nessuna classe Java nei fixing commit"
"STORM-2371",false,"",true,"2.0.0",1,0,"",0,false,"",false,"nessuna classe Java nei fixing commit"
"STORM-2361",true,"1.1.0",true,"2.0.0|1.1.0|1.0.4",3,1,"external/storm-kafka/src/jvm/org/apache/storm/kafka/KafkaSpout.java",0,false,"",true,"SZZ non ha trovato un commit introducente"
"STORM-2360",true,"1.0.3",true,"1.0.4",0,0,"",0,false,"",false,"nessuna classe Java nei fixing commit"
"STORM-2357",false,"",true,"2.0.0|1.2.0",1,2,"external/storm-kafka-client/src/main/java/org/apache/storm/kafka/spout/KafkaSpout.java|external/storm-kafka-client/src/main/java/org/apache/storm/kafka/spout/KafkaSpoutConfig.java",13,true,"1.0.0",true,"pronto per labeling [IV,FV)"
"STORM-2352",true,"1.0.0|1.1.0",false,"",0,0,"",0,false,"",false,"nessuna classe Java nei fixing commit"
"STORM-2350",true,"1.0.0|2.0.0",true,"2.0.0|1.1.0|1.0.4",2,1,"external/storm-hdfs/src/main/java/org/apache/storm/hdfs/common/ModifTimeComparator.java",1,true,"1.0.0",true,"pronto per labeling [IV,FV)"
"STORM-2346",false,"",true,"2.0.0",3,0,"",0,false,"",false,"nessuna classe Java nei fixing commit"
"STORM-2345",true,"2.0.0|1.0.3|1.x",true,"2.0.0|1.1.0|1.0.4",3,1,"storm-core/src/jvm/org/apache/storm/daemon/supervisor/ReadClusterState.java",1,true,"1.0.2",true,"pronto per labeling [IV,FV)"
"STORM-2343",true,"2.0.0|1.1.0",true,"2.0.0|1.1.1|1.2.0",3,4,"external/storm-kafka-client/src/main/java/org/apache/storm/kafka/spout/KafkaSpout.java|external/storm-kafka-client/src/main/java/org/apache/storm/kafka/spout/KafkaSpoutConfig.java|external/storm-kafka-client/src/main/java/org/apache/storm/kafka/spout/KafkaSpoutRetryExponentialBackoff.java|external/storm-kafka-client/src/main/java/org/apache/storm/kafka/spout/KafkaSpoutRetryService.java",10,true,"1.0.0",true,"pronto per labeling [IV,FV)"
"STORM-2338",true,"2.0.0|1.x|0.10.3",true,"2.0.0|1.1.0|1.0.3",3,0,"",0,false,"",false,"nessuna classe Java nei fixing commit"
"STORM-2337",true,"1.0.0|1.0.1|1.0.2",true,"1.1.0|1.0.3",1,0,"",0,false,"",false,"nessuna classe Java nei fixing commit"
"STORM-2336",false,"",true,"2.0.0|1.1.0|1.0.3",2,1,"storm-core/src/jvm/org/apache/storm/daemon/supervisor/Supervisor.java",1,true,"1.0.2",true,"pronto per labeling [IV,FV)"
"STORM-2335",false,"",true,"2.0.0|1.1.0|1.0.3",4,0,"",0,false,"",false,"nessuna classe Java nei fixing commit"
"STORM-2334",true,"2.0.0|1.x",true,"2.0.0|1.1.0",2,5,"examples/storm-starter/src/jvm/org/apache/storm/starter/JoinBoltExample.java|examples/storm-starter/src/jvm/org/apache/storm/starter/SingleJoinExample.java|examples/storm-starter/src/jvm/org/apache/storm/starter/bolt/SingleJoinBolt.java|storm-core/src/jvm/org/apache/storm/bolt/JoinBolt.java|storm-core/test/jvm/org/apache/storm/bolt/TestJoinBolt.java",1,true,"1.0.3",true,"pronto per labeling [IV,FV)"
"STORM-2331",false,"",true,"2.0.0|1.1.0",3,0,"",0,false,"",false,"nessuna classe Java nei fixing commit"
"STORM-2330",false,"",true,"2.0.0|1.1.0",3,3,"external/sql/storm-sql-core/src/jvm/org/apache/storm/sql/StormSqlImpl.java|external/sql/storm-sql-core/src/jvm/org/apache/storm/sql/compiler/RexNodeToBlockStatementCompiler.java|external/sql/storm-sql-core/src/jvm/org/apache/storm/sql/compiler/StormSqlTypeFactoryImpl.java",7,true,"0.10.0",true,"pronto per labeling [IV,FV)"
"STORM-2325",false,"",true,"2.0.0|1.1.0|1.0.3",3,1,"storm-core/src/jvm/org/apache/storm/utils/Utils.java",2,true,"1.0.0",true,"pronto per labeling [IV,FV)"
"STORM-2324",false,"",true,"2.0.0|1.1.0|1.0.3",4,2,"storm-core/src/jvm/org/apache/storm/daemon/supervisor/Container.java|storm-core/test/jvm/org/apache/storm/daemon/supervisor/ContainerTest.java",1,true,"1.0.2",true,"pronto per labeling [IV,FV)"
"STORM-2323",false,"",true,"2.0.0|1.1.0",3,1,"storm-core/src/jvm/org/apache/storm/zookeeper/Zookeeper.java",2,true,"1.0.0",true,"pronto per labeling [IV,FV)"
"STORM-2321",true,"1.0.0|2.0.0|1.0.1|1.0.2|1.1.0",true,"2.0.0|1.1.0|1.0.3",4,5,"storm-core/src/jvm/org/apache/storm/blobstore/BlobStoreUtils.java|storm-core/src/jvm/org/apache/storm/blobstore/BlobSynchronizer.java|storm-core/src/jvm/org/apache/storm/blobstore/KeySequenceNumber.java|storm-core/src/jvm/org/apache/storm/blobstore/LocalFsBlobStore.java|storm-core/src/jvm/org/apache/storm/daemon/nimbus/Nimbus.java",3,true,"1.0.0",true,"pronto per labeling [IV,FV)"
"STORM-2320",true,"2.0.0",true,"2.0.0|1.1.0",3,4,"examples/storm-kafka-client-examples/src/main/java/org/apache/storm/kafka/trident/TridentKafkaClientWordCountNamedTopics.java|examples/storm-kafka-examples/src/main/java/org/apache/storm/kafka/trident/DrpcResultsPrinter.java|examples/storm-kafka-examples/src/main/java/org/apache/storm/kafka/trident/TridentKafkaConsumerTopology.java|examples/storm-kafka-examples/src/main/java/org/apache/storm/kafka/trident/TridentKafkaWordCount.java",1,true,"1.0.3",true,"pronto per labeling [IV,FV)"
"STORM-2315",true,"1.x",true,"2.0.0|1.1.1|1.2.0",2,1,"external/storm-kafka-client/src/main/java/org/apache/storm/kafka/spout/KafkaSpout.java",1,true,"1.1.0",true,"pronto per labeling [IV,FV)"
"STORM-2305",true,"2.0.0",true,"2.0.0",3,3,"storm-core/src/jvm/org/apache/storm/daemon/GrouperFactory.java|storm-core/src/jvm/org/apache/storm/daemon/nimbus/Nimbus.java|storm-core/src/jvm/org/apache/storm/utils/TupleUtils.java",5,true,"1.0.0",true,"pronto per labeling [IV,FV)"
"STORM-2303",true,"2.0.0|1.1.0",true,"2.0.0|1.1.0",3,3,"external/storm-opentsdb/src/main/java/org/apache/storm/opentsdb/bolt/OpenTsdbBolt.java|external/storm-opentsdb/src/main/java/org/apache/storm/opentsdb/trident/OpenTsdbState.java|external/storm-opentsdb/src/main/java/org/apache/storm/opentsdb/trident/OpenTsdbStateFactory.java",2,true,"1.0.2",true,"pronto per labeling [IV,FV)"
"STORM-2295",true,"1.x",true,"2.0.0|1.1.0",3,1,"external/storm-kafka-client/src/main/java/org/apache/storm/kafka/spout/KafkaSpoutStreamsNamedTopics.java",2,true,"1.0.2",true,"pronto per labeling [IV,FV)"
"STORM-2293",true,"2.0.0|1.0.2|1.1.0",true,"2.0.0|1.1.0|1.0.3",3,4,"storm-core/src/jvm/org/apache/storm/daemon/supervisor/Supervisor.java|storm-core/src/jvm/org/apache/storm/executor/Executor.java|storm-core/src/jvm/org/apache/storm/executor/error/ReportError.java|storm-core/src/jvm/org/apache/storm/utils/Utils.java",4,true,"1.0.0",true,"pronto per labeling [IV,FV)"
"STORM-2283",true,"2.0.0|1.1.0",true,"2.0.0|1.1.0|1.0.3",3,1,"storm-core/src/jvm/org/apache/storm/state/DefaultStateSerializer.java",2,true,"1.0.0",true,"pronto per labeling [IV,FV)"
"STORM-2281",true,"1.0.0",true,"2.0.0|1.1.0",3,10,"examples/storm-kafka-client-examples/src/main/java/org/apache/storm/kafka/trident/TridentKafkaClientWordCountNamedTopics.java|examples/storm-kafka-examples/src/main/java/org/apache/storm/kafka/trident/LocalSubmitter.java|examples/storm-kafka-examples/src/main/java/org/apache/storm/kafka/trident/TridentKafkaConsumerTopology.java|external/storm-kafka-client/src/main/java/org/apache/storm/kafka/spout/trident/KafkaTridentSpoutBatchMetadata.java|external/storm-kafka-client/src/main/java/org/apache/storm/kafka/spout/trident/KafkaTridentSpoutEmitter.java|external/storm-kafka-client/src/main/java/org/apache/storm/kafka/spout/trident/KafkaTridentSpoutManager.java|external/storm-kafka-client/src/main/java/org/apache/storm/kafka/spout/trident/KafkaTridentSpoutOpaque.java|external/storm-kafka-client/src/main/java/org/apache/storm/kafka/spout/trident/KafkaTridentSpoutOpaqueCoordinator.java|external/storm-kafka-client/src/main/java/org/apache/storm/kafka/spout/trident/KafkaTridentSpoutTopicPartition.java|external/storm-kafka-client/src/main/java/org/apache/storm/kafka/spout/trident/KafkaTridentSpoutTopicPartitionRegistry.java",4,true,"1.0.2",true,"pronto per labeling [IV,FV)"
"STORM-2279",true,"2.0.0",true,"2.0.0",4,3,"storm-core/src/jvm/org/apache/storm/daemon/GrouperFactory.java|storm-core/src/jvm/org/apache/storm/daemon/nimbus/Nimbus.java|storm-core/src/jvm/org/apache/storm/utils/TupleUtils.java",5,true,"1.0.0",true,"pronto per labeling [IV,FV)"
"STORM-2276",true,"2.0.0|1.1.0|1.0.3",true,"2.0.0|1.1.0|1.0.3",3,2,"examples/storm-starter/src/jvm/org/apache/storm/starter/PrintSampleStream.java|examples/storm-starter/src/jvm/org/apache/storm/starter/spout/TwitterSampleSpout.java",3,true,"1.0.0",true,"pronto per labeling [IV,FV)"
"STORM-2275",true,"2.0.0",true,"2.0.0",3,1,"storm-core/src/jvm/org/apache/storm/daemon/nimbus/Nimbus.java",1,true,"1.0.3",true,"pronto per labeling [IV,FV)"
"STORM-2274",true,"1.x",true,"2.0.0|1.1.0",2,1,"external/storm-hdfs/src/main/java/org/apache/storm/hdfs/spout/HdfsSpout.java",2,true,"1.0.0",true,"pronto per labeling [IV,FV)"
"STORM-2272",true,"2.0.0",true,"2.0.0",3,2,"storm-core/src/jvm/org/apache/storm/LocalCluster.java|storm-core/src/jvm/org/apache/storm/utils/Time.java",1,true,"1.0.3",true,"pronto per labeling [IV,FV)"
"STORM-2271",false,"",true,"2.0.0",2,7,"storm-core/src/jvm/org/apache/storm/ProcessSimulator.java|storm-core/src/jvm/org/apache/storm/StormTimer.java|storm-core/src/jvm/org/apache/storm/blobstore/BlobSynchronizer.java|storm-core/src/jvm/org/apache/storm/command/HealthCheck.java|storm-core/src/jvm/org/apache/storm/container/cgroup/SystemOperation.java|storm-core/src/jvm/org/apache/storm/event/EventManagerImp.java|storm-core/src/jvm/org/apache/storm/messaging/netty/StormClientHandler.java",6,true,"1.0.0",true,"pronto per labeling [IV,FV)"
"STORM-2270",true,"1.0.0|0.9.6",true,"1.1.0",0,0,"",0,false,"",false,"nessuna classe Java nei fixing commit"
"STORM-2268",false,"",true,"2.0.0|1.1.0|1.0.3",3,0,"",0,false,"",false,"nessuna classe Java nei fixing commit"
"STORM-2267",true,"2.0.0|1.1.0",true,"2.0.0|1.1.0",3,3,"external/storm-submit-tools/src/main/java/org/apache/storm/submit/command/DependencyResolverMain.java|external/storm-submit-tools/src/main/java/org/apache/storm/submit/dependency/Booter.java|external/storm-submit-tools/src/main/java/org/apache/storm/submit/dependency/DependencyResolver.java",2,true,"0.9.7",true,"pronto per labeling [IV,FV)"
"STORM-2266",false,"",true,"2.0.0|1.1.0",4,4,"external/storm-hdfs/src/main/java/org/apache/storm/hdfs/blobstore/HdfsClientBlobStore.java|storm-core/src/jvm/org/apache/storm/StormSubmitter.java|storm-core/src/jvm/org/apache/storm/blobstore/BlobStoreUtils.java|storm-core/src/jvm/org/apache/storm/utils/NimbusClient.java",4,true,"1.0.0",true,"pronto per labeling [IV,FV)"
"STORM-2264",true,"2.0.0|1.1.0|1.0.3",true,"2.0.0|1.1.0|1.0.3",3,1,"storm-core/src/jvm/org/apache/storm/trident/topology/state/TransactionalState.java",1,true,"1.0.3",true,"pronto per labeling [IV,FV)"
"STORM-2257",false,"",true,"2.0.0|1.1.0",3,1,"external/sql/storm-sql-core/src/jvm/org/apache/storm/sql/compiler/backends/standalone/BuiltinAggregateFunctions.java",0,false,"",true,"SZZ non ha trovato un commit introducente"
"STORM-2256",false,"",true,"1.1.0",0,0,"",0,false,"",false,"nessuna classe Java nei fixing commit"
"STORM-2251",false,"",true,"2.0.0|1.1.0|1.0.3",3,0,"",0,false,"",false,"nessuna classe Java nei fixing commit"
"STORM-2246",false,"",true,"2.0.0|1.1.0|1.0.3",4,1,"storm-core/src/jvm/org/apache/storm/daemon/nimbus/Nimbus.java",1,true,"1.0.3",true,"pronto per labeling [IV,FV)"
"STORM-2245",true,"2.0.0",true,"2.0.0",3,1,"integration-test/src/main/java/org/apache/storm/ExclamationTopology.java",2,true,"1.0.3",true,"pronto per labeling [IV,FV)"
"STORM-2240",true,"2.0.0",true,"2.0.0|1.1.0",2,3,"examples/storm-pmml-examples/src/main/java/org/apache/storm/pmml/JpmmlRunnerTestTopology.java|external/storm-pmml/src/main/java/org/apache/storm/pmml/model/jpmml/JpmmlModelOutputs.java|external/storm-pmml/src/main/java/org/apache/storm/pmml/runner/jpmml/JpmmlFactory.java",1,true,"1.0.3",true,"pronto per labeling [IV,FV)"
"STORM-2239",true,"2.0.0|1.1.0",true,"2.0.0|1.1.0",3,1,"external/storm-kafka-client/src/main/java/org/apache/storm/kafka/spout/KafkaSpout.java",2,true,"1.0.0",true,"pronto per labeling [IV,FV)"
"STORM-2234",true,"1.x|0.10.3",true,"2.0.0|1.1.0|1.0.3",2,1,"storm-core/src/jvm/org/apache/storm/spout/ShellSpout.java",0,false,"",true,"SZZ non ha trovato un commit introducente"
"STORM-2231",true,"1.0.1|1.1.0",true,"2.0.0|1.2.0|1.1.2|1.0.5",2,1,"storm-client/src/jvm/org/apache/storm/executor/Executor.java",1,true,"1.1.0",true,"pronto per labeling [IV,FV)"
"STORM-2228",true,"1.0.0|2.0.0|1.0.1|1.0.2|1.1.0|1.0.3",true,"2.0.0|1.1.0",1,51,"examples/storm-kafka-client-examples/src/main/java/org/apache/storm/kafka/trident/TridentKafkaClientWordCountNamedTopics.java|examples/storm-kafka-client-examples/src/main/java/org/apache/storm/kafka/trident/TridentKafkaClientWordCountWildcardTopics.java|external/storm-kafka-client/src/main/java/org/apache/storm/kafka/bolt/KafkaBolt.java|external/storm-kafka-client/src/main/java/org/apache/storm/kafka/bolt/mapper/FieldNameBasedTupleToKafkaMapper.java|external/storm-kafka-client/src/main/java/org/apache/storm/kafka/bolt/mapper/TupleToKafkaMapper.java|external/storm-kafka-client/src/main/java/org/apache/storm/kafka/bolt/selector/DefaultTopicSelector.java|external/storm-kafka-client/src/main/java/org/apache/storm/kafka/bolt/selector/FieldIndexTopicSelector.java|external/storm-kafka-client/src/main/java/org/apache/storm/kafka/bolt/selector/FieldNameTopicSelector.java|external/storm-kafka-client/src/main/java/org/apache/storm/kafka/bolt/selector/KafkaTopicSelector.java|external/storm-kafka-client/src/main/java/org/apache/storm/kafka/spout/ByTopicRecordTranslator.java|external/storm-kafka-client/src/main/java/org/apache/storm/kafka/spout/DefaultRecordTranslator.java|external/storm-kafka-client/src/main/java/org/apache/storm/kafka/spout/Func.java|external/storm-kafka-client/src/main/java/org/apache/storm/kafka/spout/KafkaSpout.java|external/storm-kafka-client/src/main/java/org/apache/storm/kafka/spout/KafkaSpoutConfig.java|external/storm-kafka-client/src/main/java/org/apache/storm/kafka/spout/KafkaSpoutMessageId.java|external/storm-kafka-client/src/main/java/org/apache/storm/kafka/spout/KafkaSpoutStream.java|external/storm-kafka-client/src/main/java/org/apache/storm/kafka/spout/KafkaSpoutStreams.java|external/storm-kafka-client/src/main/java/org/apache/storm/kafka/spout/KafkaSpoutStreamsNamedTopics.java|external/storm-kafka-client/src/main/java/org/apache/storm/kafka/spout/KafkaSpoutStreamsWildcardTopics.java|external/storm-kafka-client/src/main/java/org/apache/storm/kafka/spout/KafkaSpoutTupleBuilder.java|external/storm-kafka-client/src/main/java/org/apache/storm/kafka/spout/KafkaSpoutTuplesBuilder.java|external/storm-kafka-client/src/main/java/org/apache/storm/kafka/spout/KafkaSpoutTuplesBuilderNamedTopics.java|external/storm-kafka-client/src/main/java/org/apache/storm/kafka/spout/KafkaSpoutTuplesBuilderWildcardTopics.java|external/storm-kafka-client/src/main/java/org/apache/storm/kafka/spout/KafkaTuple.java|external/storm-kafka-client/src/main/java/org/apache/storm/kafka/spout/ManualPartitionNamedSubscription.java|external/storm-kafka-client/src/main/java/org/apache/storm/kafka/spout/ManualPartitionPatternSubscription.java|external/storm-kafka-client/src/main/java/org/apache/storm/kafka/spout/ManualPartitioner.java|external/storm-kafka-client/src/main/java/org/apache/storm/kafka/spout/NamedSubscription.java|external/storm-kafka-client/src/main/java/org/apache/storm/kafka/spout/PatternSubscription.java|external/storm-kafka-client/src/main/java/org/apache/storm/kafka/spout/RecordTranslator.java|external/storm-kafka-client/src/main/java/org/apache/storm/kafka/spout/RoundRobinManualPartitioner.java|external/storm-kafka-client/src/main/java/org/apache/storm/kafka/spout/SimpleRecordTranslator.java|external/storm-kafka-client/src/main/java/org/apache/storm/kafka/spout/Subscription.java|external/storm-kafka-client/src/main/java/org/apache/storm/kafka/spout/TopicPartitionComparator.java|external/storm-kafka-client/src/main/java/org/apache/storm/kafka/spout/internal/Timer.java|external/storm-kafka-client/src/main/java/org/apache/storm/kafka/spout/trident/KafkaTridentSpoutEmitter.java|external/storm-kafka-client/src/main/java/org/apache/storm/kafka/spout/trident/KafkaTridentSpoutManager.java|external/storm-kafka-client/src/main/java/org/apache/storm/kafka/spout/trident/KafkaTridentSpoutOpaque.java|external/storm-kafka-client/src/main/java/org/apache/storm/kafka/trident/TridentKafkaState.java|external/storm-kafka-client/src/main/java/org/apache/storm/kafka/trident/TridentKafkaStateFactory.java|external/storm-kafka-client/src/main/java/org/apache/storm/kafka/trident/mapper/FieldNameBasedTupleToKafkaMapper.java|external/storm-kafka-client/src/main/java/org/apache/storm/kafka/trident/mapper/TridentTupleToKafkaMapper.java|external/storm-kafka-client/src/main/java/org/apache/storm/kafka/trident/selector/DefaultTopicSelector.java|external/storm-kafka-client/src/main/java/org/apache/storm/kafka/trident/selector/KafkaTopicSelector.java|external/storm-kafka/src/jvm/org/apache/storm/kafka/DynamicPartitionConnections.java|external/storm-kafka/src/jvm/org/apache/storm/kafka/KafkaSpout.java|external/storm-kafka/src/jvm/org/apache/storm/kafka/KafkaUtils.java|external/storm-kafka/src/jvm/org/apache/storm/kafka/PartitionManager.java|external/storm-kafka/src/jvm/org/apache/storm/kafka/StaticCoordinator.java|external/storm-kafka/src/jvm/org/apache/storm/kafka/bolt/KafkaBolt.java|storm-core/src/jvm/org/apache/storm/tuple/Fields.java",15,true,"1.0.0",true,"pronto per labeling [IV,FV)"
"STORM-2226",true,"2.0.0|1.x",true,"2.0.0|1.1.0",2,4,"external/storm-kafka-client/src/main/java/org/apache/storm/kafka/spout/KafkaSpout.java|external/storm-kafka-monitor/src/main/java/org/apache/storm/kafka/monitor/KafkaOffsetLagUtil.java|external/storm-kafka-monitor/src/main/java/org/apache/storm/kafka/monitor/NewKafkaSpoutOffsetQuery.java|storm-core/src/jvm/org/apache/storm/utils/TopologySpoutLag.java",1,true,"1.0.2",true,"pronto per labeling [IV,FV)"
"STORM-2222",true,"1.x",true,"1.1.0|1.0.3",0,0,"",0,false,"",false,"nessuna classe Java nei fixing commit"
"STORM-2213",false,"",true,"2.0.0|1.1.0|1.0.3",3,1,"storm-core/src/jvm/org/apache/storm/spout/ShellSpout.java",0,false,"",true,"SZZ non ha trovato un commit introducente"
"STORM-2210",true,"1.0.2",true,"2.0.0|1.1.0|1.0.3",3,2,"storm-core/src/jvm/org/apache/storm/grouping/ShuffleGrouping.java|storm-core/test/jvm/org/apache/storm/grouping/ShuffleGroupingTest.java",1,true,"1.0.0",true,"pronto per labeling [IV,FV)"
"STORM-2208",true,"1.0.2|1.1.0|1.x",true,"2.0.0|1.1.0|1.0.3",3,1,"external/storm-hdfs/src/main/java/org/apache/storm/hdfs/trident/HdfsState.java",4,true,"0.9.1-incubating",true,"pronto per labeling [IV,FV)"
"STORM-2205",true,"2.0.0|1.0.3|1.x",true,"2.0.0|1.1.0|1.0.3",2,1,"storm-core/src/jvm/org/apache/storm/cluster/StormClusterStateImpl.java",2,true,"1.0.0",true,"pronto per labeling [IV,FV)"
"STORM-2198",true,"1.0.0|0.9.6|1.0.1|1.0.2",true,"2.0.0|1.1.0|1.0.3",3,1,"external/storm-hdfs/src/main/java/org/apache/storm/hdfs/bolt/AbstractHdfsBolt.java",1,true,"1.0.0",true,"pronto per labeling [IV,FV)"
"STORM-2197",true,"2.0.0|1.x",true,"2.0.0|1.1.0|1.0.3",3,1,"storm-core/src/jvm/org/apache/storm/security/auth/ThriftClient.java",1,true,"1.0.0",true,"pronto per labeling [IV,FV)"
"STORM-2196",false,"",true,"2.0.0|1.1.0|1.0.3",4,1,"storm-core/src/jvm/org/apache/storm/scheduler/resource/RAS_Node.java",1,true,"1.0.0",true,"pronto per labeling [IV,FV)"
"STORM-2195",false,"",true,"2.0.0",2,0,"",0,false,"",false,"nessuna classe Java nei fixing commit"
"STORM-2194",true,"2.0.0|1.0.2",true,"2.0.0|1.0.4|1.1.1|1.2.0",2,1,"storm-core/src/jvm/org/apache/storm/executor/error/ReportErrorAndDie.java",1,true,"0.10.1",true,"pronto per labeling [IV,FV)"
"STORM-2193",true,"2.0.0",true,"2.0.0",3,2,"storm-core/src/jvm/org/apache/storm/daemon/DrpcServer.java|storm-core/src/jvm/org/apache/storm/ui/FilterConfiguration.java",2,true,"1.0.0",true,"pronto per labeling [IV,FV)"
"STORM-2190",true,"0.10.0|1.0.0|2.0.0",true,"2.0.0|1.1.0",3,10,"storm-core/src/jvm/org/apache/storm/StormSubmitter.java|storm-core/src/jvm/org/apache/storm/command/KillTopology.java|storm-core/src/jvm/org/apache/storm/daemon/nimbus/Nimbus.java|storm-core/src/jvm/org/apache/storm/dependency/DependencyUploader.java|storm-core/src/jvm/org/apache/storm/generated/Nimbus.java|storm-core/src/jvm/org/apache/storm/utils/NimbusClient.java|storm-core/src/jvm/org/apache/storm/utils/StormBoundedExponentialBackoffRetry.java|storm-core/src/jvm/org/apache/storm/utils/Utils.java|storm-core/src/jvm/org/apache/storm/zookeeper/Zookeeper.java|examples/storm-starter/src/jvm/org/apache/storm/starter/WordCountTopology.java",7,true,"1.0.0",true,"pronto per labeling [IV,FV)"
"STORM-2189",false,"",true,"2.0.0|1.1.0|1.0.3",3,1,"storm-core/src/jvm/org/apache/storm/scheduler/resource/RAS_Node.java",1,true,"1.0.0",true,"pronto per labeling [IV,FV)"
"STORM-2185",false,"",true,"2.0.0|1.1.0|1.0.3",3,1,"storm-core/src/jvm/org/apache/storm/daemon/supervisor/AdvancedFSOps.java",1,true,"1.0.2",true,"pronto per labeling [IV,FV)"
"STORM-2184",false,"",true,"2.0.0|1.1.0|1.0.3",3,1,"external/storm-kafka-client/src/main/java/org/apache/storm/kafka/spout/KafkaSpout.java",1,true,"1.0.0",true,"pronto per labeling [IV,FV)"
"STORM-2176",true,"1.0.0|1.0.1|1.0.2",true,"2.0.0|1.1.0|1.0.3",3,0,"",0,false,"",false,"nessuna classe Java nei fixing commit"
"STORM-2175",true,"2.0.0|1.1.0",true,"2.0.0|1.1.0|1.0.3",6,8,"storm-core/src/jvm/org/apache/storm/ProcessSimulator.java|storm-core/src/jvm/org/apache/storm/StormTimer.java|storm-core/src/jvm/org/apache/storm/command/KillWorkers.java|storm-core/src/jvm/org/apache/storm/daemon/supervisor/ReadClusterState.java|storm-core/src/jvm/org/apache/storm/daemon/supervisor/Supervisor.java|storm-core/src/jvm/org/apache/storm/daemon/supervisor/UniFunc.java|storm-core/src/jvm/org/apache/storm/daemon/supervisor/timer/SupervisorHealthCheck.java|storm-core/src/jvm/org/apache/storm/utils/DisruptorQueue.java",7,true,"1.0.0",true,"pronto per labeling [IV,FV)"
"STORM-2174",false,"",false,"",0,0,"",0,false,"",false,"nessuna classe Java nei fixing commit"
"STORM-2171",true,"2.0.0",true,"2.0.0",5,17,"external/storm-blobstore-migration/src/main/java/org/apache/storm/blobstore/ListHDFS.java|external/storm-blobstore-migration/src/main/java/org/apache/storm/blobstore/ListLocalFs.java|external/storm-blobstore-migration/src/main/java/org/apache/storm/blobstore/MigrateBlobs.java|external/storm-hdfs-blobstore/src/main/java/org/apache/storm/hdfs/blobstore/HdfsBlobStore.java|external/storm-hdfs-blobstore/src/main/java/org/apache/storm/hdfs/blobstore/HdfsClientBlobStore.java|storm-client/src/jvm/org/apache/storm/blobstore/BlobStore.java|storm-client/src/jvm/org/apache/storm/cluster/IStormClusterState.java|storm-client/src/jvm/org/apache/storm/cluster/StormClusterStateImpl.java|storm-client/src/jvm/org/apache/storm/nimbus/ILeaderElector.java|storm-core/src/jvm/org/apache/storm/command/AdminCommands.java|storm-server/src/main/java/org/apache/storm/blobstore/BlobSynchronizer.java|storm-server/src/main/java/org/apache/storm/blobstore/LocalFsBlobStore.java|storm-server/src/main/java/org/apache/storm/blobstore/LocalFsBlobStoreSynchronizer.java|storm-server/src/main/java/org/apache/storm/daemon/nimbus/Nimbus.java|storm-server/src/main/java/org/apache/storm/nimbus/ILeaderElector.java|storm-server/src/main/java/org/apache/storm/utils/ServerUtils.java|storm-server/src/main/java/org/apache/storm/zookeeper/AclEnforcement.java",22,true,"1.0.0",true,"pronto per labeling [IV,FV)"
"STORM-2158",true,"2.0.0|1.0.3|0.10.3",true,"2.0.0|1.1.0|1.0.3|0.10.3",3,1,"storm-core/src/jvm/org/apache/storm/security/auth/SimpleTransportPlugin.java",0,false,"",true,"SZZ non ha trovato un commit introducente"
"STORM-2144",true,"2.0.0|1.x",true,"2.0.0|1.1.0",2,2,"external/sql/storm-sql-core/src/jvm/org/apache/storm/sql/compiler/backends/standalone/PlanCompiler.java|external/sql/storm-sql-core/src/jvm/org/apache/storm/sql/compiler/backends/standalone/RelNodeCompiler.java",3,true,"1.0.0",true,"pronto per labeling [IV,FV)"
"STORM-2142",true,"2.0.0",true,"2.0.0",3,1,"storm-core/src/jvm/org/apache/storm/executor/error/ReportErrorAndDie.java",0,false,"",true,"SZZ non ha trovato un commit introducente"
"STORM-2131",false,"",true,"2.0.0|1.1.0",1,3,"storm-core/src/jvm/org/apache/storm/daemon/supervisor/AdvancedFSOps.java|storm-core/src/jvm/org/apache/storm/daemon/supervisor/Container.java|storm-core/src/jvm/org/apache/storm/daemon/supervisor/SupervisorUtils.java",2,true,"1.0.0",true,"pronto per labeling [IV,FV)"
"STORM-2128",true,"2.0.0",true,"2.0.0|1.1.0",0,0,"",0,false,"",false,"nessuna classe Java nei fixing commit"
"STORM-2126",false,"",true,"2.0.0|1.1.0",5,11,"external/sql/storm-sql-runtime/src/jvm/org/apache/storm/sql/runtime/AbstractChannelHandler.java|external/sql/storm-sql-runtime/src/jvm/org/apache/storm/sql/runtime/AbstractValuesProcessor.java|external/sql/storm-sql-runtime/src/jvm/org/apache/storm/sql/runtime/ChannelContext.java|external/sql/storm-sql-runtime/src/jvm/org/apache/storm/sql/runtime/ChannelHandler.java|external/sql/storm-sql-runtime/src/jvm/org/apache/storm/sql/runtime/Channels.java|external/sql/storm-sql-runtime/src/jvm/org/apache/storm/sql/runtime/DataSource.java|external/sql/storm-sql-runtime/src/jvm/org/apache/storm/sql/runtime/DataSourcesProvider.java|external/sql/storm-sql-runtime/src/jvm/org/apache/storm/sql/runtime/DataSourcesRegistry.java|external/sql/storm-sql-runtime/src/jvm/org/apache/storm/sql/runtime/SimpleSqlTridentConsumer.java|external/sql/storm-sql-runtime/src/jvm/org/apache/storm/sql/runtime/StormSqlFunctions.java|external/sql/storm-sql-runtime/src/jvm/org/apache/storm/sql/runtime/trident/AbstractTridentProcessor.java",3,true,"0.10.0",true,"pronto per labeling [IV,FV)"
"STORM-2120",true,"1.0.0|2.0.0|1.0.1|1.0.2",true,"2.0.0|1.1.0|1.0.3",2,1,"external/storm-kafka/src/jvm/org/apache/storm/kafka/PartitionManager.java",1,true,"1.0.0",true,"pronto per labeling [IV,FV)"
"STORM-2119",true,"2.0.0|1.x",true,"2.0.0|1.1.0|1.0.3",3,0,"",0,false,"",false,"nessuna classe Java nei fixing commit"
"STORM-2118",true,"2.0.0|1.x",true,"2.0.0|1.1.0",5,1,"external/sql/storm-sql-core/src/jvm/org/apache/storm/sql/compiler/backends/standalone/RelNodeCompiler.java",2,true,"1.0.0",true,"pronto per labeling [IV,FV)"
"STORM-2117",false,"",true,"2.0.0|1.1.0",3,1,"storm-core/src/jvm/org/apache/storm/localizer/AsyncLocalizer.java",1,true,"1.0.2",true,"pronto per labeling [IV,FV)"
"STORM-2115",false,"",true,"2.0.0|1.1.0",0,0,"",0,false,"",false,"nessuna classe Java nei fixing commit"
"STORM-2110",true,"2.0.0",true,"2.0.0|1.1.0",3,2,"storm-core/src/jvm/org/apache/storm/daemon/supervisor/BasicContainer.java|storm-core/test/jvm/org/apache/storm/daemon/supervisor/BasicContainerTest.java",1,true,"1.0.2",true,"pronto per labeling [IV,FV)"
"STORM-2109",true,"2.0.0",true,"2.0.0|1.1.0",3,1,"storm-core/src/jvm/org/apache/storm/daemon/supervisor/timer/SupervisorHeartbeat.java",1,true,"1.0.0",true,"pronto per labeling [IV,FV)"
"STORM-2104",true,"2.0.0|1.1.0",true,"2.0.0|1.1.0|1.0.4",5,96,"external/storm-kafka-client/src/main/java/org/apache/storm/kafka/spout/KafkaSpout.java|external/storm-kafka-client/src/main/java/org/apache/storm/kafka/spout/KafkaSpoutConfig.java|external/storm-kafka-client/src/main/java/org/apache/storm/kafka/spout/SerializableDeserializer.java|external/storm-kafka-client/src/main/java/org/apache/storm/kafka/spout/internal/KafkaConsumerFactory.java|external/storm-kafka-client/src/main/java/org/apache/storm/kafka/spout/internal/KafkaConsumerFactoryDefault.java|external/storm-hdfs/src/main/java/org/apache/storm/hdfs/trident/HdfsState.java|external/storm-kafka-monitor/src/main/java/org/apache/storm/kafka/monitor/KafkaOffsetLagUtil.java|external/storm-kafka/src/jvm/org/apache/storm/kafka/DynamicBrokersReader.java|external/storm-kafka/src/jvm/org/apache/storm/kafka/ZkState.java|external/storm-kinesis/src/main/java/org/apache/storm/kinesis/spout/ZKConnection.java|storm-core/src/jvm/org/apache/storm/cluster/StormClusterStateImpl.java|storm-core/src/jvm/org/apache/storm/daemon/DrpcServer.java|storm-core/src/jvm/org/apache/storm/daemon/StormCommon.java|storm-core/src/jvm/org/apache/storm/drpc/ReturnResults.java|storm-core/src/jvm/org/apache/storm/executor/Executor.java|storm-core/src/jvm/org/apache/storm/grouping/ShuffleGrouping.java|storm-core/src/jvm/org/apache/storm/multilang/JsonSerializer.java|storm-core/src/jvm/org/apache/storm/spout/ShellSpout.java|storm-core/src/jvm/org/apache/storm/task/GeneralTopologyContext.java|storm-core/src/jvm/org/apache/storm/topology/TopologyBuilder.java|storm-core/src/jvm/org/apache/storm/trident/drpc/ReturnResultsReducer.java|storm-core/src/jvm/org/apache/storm/trident/state/JSONNonTransactionalSerializer.java|storm-core/src/jvm/org/apache/storm/trident/state/JSONOpaqueSerializer.java|storm-core/src/jvm/org/apache/storm/trident/state/JSONTransactionalSerializer.java|storm-core/src/jvm/org/apache/storm/trident/testing/TuplifyArgs.java|storm-core/src/jvm/org/apache/storm/trident/topology/state/TransactionalState.java|storm-core/src/jvm/org/apache/storm/ui/FilterConfiguration.java|storm-core/src/jvm/org/apache/storm/utils/TopologySpoutLag.java|storm-core/src/jvm/org/apache/storm/utils/Utils.java|storm-core/test/jvm/org/apache/storm/grouping/ShuffleGroupingTest.java|examples/storm-kafka-client-examples/src/main/java/org/apache/storm/kafka/trident/TridentKafkaClientWordCountNamedTopics.java|examples/storm-kafka-client-examples/src/main/java/org/apache/storm/kafka/trident/TridentKafkaClientWordCountWildcardTopics.java|examples/storm-kafka-examples/src/main/java/org/apache/storm/kafka/TridentKafkaTopology.java|examples/storm-kafka-examples/src/main/java/org/apache/storm/kafka/trident/KafkaProducerTopology.java|examples/storm-kafka-examples/src/main/java/org/apache/storm/kafka/trident/LocalSubmitter.java|examples/storm-kafka-examples/src/main/java/org/apache/storm/kafka/trident/TridentKafkaConsumerTopology.java|examples/storm-kafka-examples/src/main/java/org/apache/storm/kafka/trident/TridentKafkaTopology.java|examples/storm-kafka-examples/src/main/java/org/apache/storm/kafka/trident/TridentKafkaWordCount.java|examples/storm-starter/src/jvm/org/apache/storm/starter/trident/DebugMemoryMapState.java|examples/storm-starter/src/jvm/org/apache/storm/starter/trident/TridentKafkaWordCount.java|external/sql/storm-sql-core/src/jvm/org/apache/storm/sql/parser/SqlCreateTable.java|external/sql/storm-sql-external/storm-sql-kafka/src/jvm/org/apache/storm/sql/kafka/KafkaDataSourcesProvider.java|external/sql/storm-sql-external/storm-sql-mongodb/src/jvm/org/apache/storm/sql/mongodb/MongoDataSourcesProvider.java|external/sql/storm-sql-external/storm-sql-redis/src/jvm/org/apache/storm/sql/redis/RedisDataSourcesProvider.java|external/sql/storm-sql-runtime/src/jvm/org/apache/storm/sql/runtime/DataSourcesProvider.java|external/sql/storm-sql-runtime/src/jvm/org/apache/storm/sql/runtime/DataSourcesRegistry.java|external/sql/storm-sql-runtime/src/jvm/org/apache/storm/sql/runtime/serde/avro/AvroScheme.java|external/sql/storm-sql-runtime/src/jvm/org/apache/storm/sql/runtime/serde/avro/AvroSerializer.java|external/sql/storm-sql-runtime/src/jvm/org/apache/storm/sql/runtime/serde/avro/CachedSchemas.java|external/sql/storm-sql-runtime/src/jvm/org/apache/storm/sql/runtime/serde/csv/CsvScheme.java|external/sql/storm-sql-runtime/src/jvm/org/apache/storm/sql/runtime/serde/csv/CsvSerializer.java|external/sql/storm-sql-runtime/src/jvm/org/apache/storm/sql/runtime/serde/json/JsonScheme.java|external/sql/storm-sql-runtime/src/jvm/org/apache/storm/sql/runtime/serde/tsv/TsvScheme.java|external/sql/storm-sql-runtime/src/jvm/org/apache/storm/sql/runtime/serde/tsv/TsvSerializer.java|external/sql/storm-sql-runtime/src/jvm/org/apache/storm/sql/runtime/utils/FieldInfoUtils.java|external/sql/storm-sql-runtime/src/jvm/org/apache/storm/sql/runtime/utils/SerdeUtils.java|external/sql/storm-sql-runtime/src/jvm/org/apache/storm/sql/runtime/utils/Utils.java|external/storm-hdfs/src/main/java/org/apache/storm/hdfs/bolt/AbstractHdfsBolt.java|external/storm-kafka-client/src/main/java/org/apache/storm/kafka/spout/KafkaSpoutStream.java|external/storm-kafka-client/src/main/java/org/apache/storm/kafka/spout/KafkaSpoutStreams.java|external/storm-kafka-client/src/main/java/org/apache/storm/kafka/spout/KafkaSpoutStreamsNamedTopics.java|external/storm-kafka-client/src/main/java/org/apache/storm/kafka/spout/KafkaSpoutStreamsWildcardTopics.java|external/storm-kafka-client/src/main/java/org/apache/storm/kafka/spout/trident/KafkaTridentSpoutBatchMetadata.java|external/storm-kafka-client/src/main/java/org/apache/storm/kafka/spout/trident/KafkaTridentSpoutEmitter.java|external/storm-kafka-client/src/main/java/org/apache/storm/kafka/spout/trident/KafkaTridentSpoutManager.java|external/storm-kafka-client/src/main/java/org/apache/storm/kafka/spout/trident/KafkaTridentSpoutOpaque.java|external/storm-kafka-client/src/main/java/org/apache/storm/kafka/spout/trident/KafkaTridentSpoutOpaqueCoordinator.java|external/storm-kafka-client/src/main/java/org/apache/storm/kafka/spout/trident/KafkaTridentSpoutTopicPartition.java|external/storm-kafka-client/src/main/java/org/apache/storm/kafka/spout/trident/KafkaTridentSpoutTopicPartitionRegistry.java|external/storm-kafka-client/src/main/java/org/apache/storm/kafka/spout/trident/KafkaTridentSpoutTransactional.java|external/storm-kafka/src/jvm/org/apache/storm/kafka/trident/OpaqueTridentKafkaSpout.java|storm-core/src/jvm/org/apache/storm/Constants.java|storm-core/src/jvm/org/apache/storm/daemon/Task.java|storm-core/src/jvm/org/apache/storm/daemon/supervisor/AdvancedFSOps.java|storm-core/src/jvm/org/apache/storm/daemon/supervisor/BasicContainer.java|storm-core/src/jvm/org/apache/storm/daemon/supervisor/LocalContainer.java|storm-core/src/jvm/org/apache/storm/daemon/supervisor/ReadClusterState.java|storm-core/src/jvm/org/apache/storm/daemon/worker/LogConfigManager.java|storm-core/src/jvm/org/apache/storm/daemon/worker/Worker.java|storm-core/src/jvm/org/apache/storm/daemon/worker/WorkerState.java|storm-core/src/jvm/org/apache/storm/executor/ExecutorShutdown.java|storm-core/src/jvm/org/apache/storm/executor/ExecutorTransfer.java|storm-core/src/jvm/org/apache/storm/executor/IRunningExecutor.java|storm-core/src/jvm/org/apache/storm/executor/LocalExecutor.java|storm-core/src/jvm/org/apache/storm/executor/bolt/BoltExecutor.java|storm-core/src/jvm/org/apache/storm/executor/spout/SpoutExecutor.java|storm-core/src/jvm/org/apache/storm/messaging/DeserializingConnectionCallback.java|storm-core/src/jvm/org/apache/storm/scheduler/resource/RAS_Node.java|storm-core/src/jvm/org/apache/storm/security/auth/AutoSSL.java|storm-core/src/jvm/org/apache/storm/security/auth/ThriftClient.java|storm-core/src/jvm/org/apache/storm/task/TopologyContext.java|storm-core/src/jvm/org/apache/storm/utils/TransferDrainer.java|storm-core/test/jvm/org/apache/storm/daemon/supervisor/BasicContainerTest.java|storm-core/test/jvm/org/apache/storm/daemon/worker/LogConfigManagerTest.java|storm-core/test/jvm/org/apache/storm/daemon/worker/WorkerTest.java|storm-core/test/jvm/org/apache/storm/security/auth/AutoSSLTest.java",37,true,"0.9.1-incubating",true,"pronto per labeling [IV,FV)"
"STORM-2101",false,"",true,"2.0.0|1.1.0",3,0,"",0,false,"",false,"nessuna classe Java nei fixing commit"
"STORM-2100",true,"1.x",true,"2.0.0|1.1.0",3,0,"",0,false,"",false,"nessuna classe Java nei fixing commit"
"STORM-2098",false,"",true,"2.0.0|1.1.0",3,1,"external/storm-druid/src/main/java/org/apache/storm/druid/bolt/DruidBeamBolt.java",1,true,"1.0.2",true,"pronto per labeling [IV,FV)"
"STORM-2095",true,"1.0.0|1.0.1|1.0.2|1.1.0|1.0.3",true,"2.0.0|1.1.0|1.0.3",3,2,"storm-core/src/jvm/org/apache/storm/blobstore/FileBlobStoreImpl.java|storm-core/test/jvm/org/apache/storm/blobstore/BlobStoreTest.java",1,true,"1.0.0",true,"pronto per labeling [IV,FV)"
"STORM-2093",false,"",true,"2.0.0",3,0,"",0,false,"",false,"nessuna classe Java nei fixing commit"
"STORM-2088",true,"2.0.0",true,"2.0.0|1.1.0|1.0.3",1,0,"",0,false,"",false,"nessuna classe Java nei fixing commit"
"STORM-2087",true,"2.0.0|1.0.2",true,"2.0.0|1.1.0",3,1,"external/storm-kafka-client/src/main/java/org/apache/storm/kafka/spout/KafkaSpout.java",4,true,"1.0.0",true,"pronto per labeling [IV,FV)"
"STORM-2079",false,"",true,"2.0.0|1.1.0|1.0.3",3,1,"storm-core/src/jvm/org/apache/storm/topology/BaseConfigurationDeclarer.java",1,true,"1.0.0",true,"pronto per labeling [IV,FV)"
"STORM-2076",true,"1.0.2",true,"1.0.3",0,0,"",0,false,"",false,"nessuna classe Java nei fixing commit"
"STORM-2074",false,"",true,"2.0.0|1.1.0",3,1,"external/storm-kafka-monitor/src/main/java/org/apache/storm/kafka/monitor/KafkaOffsetLagUtil.java",1,true,"1.0.2",true,"pronto per labeling [IV,FV)"
"STORM-2071",true,"2.0.0|1.0.1",true,"2.0.0|1.1.0|1.0.3",0,0,"",0,false,"",false,"nessuna classe Java nei fixing commit"
"STORM-2070",true,"2.0.0|1.0.2",true,"2.0.0|1.1.0|1.0.3",3,0,"",0,false,"",false,"nessuna classe Java nei fixing commit"
"STORM-2067",true,"2.0.0",true,"2.0.0",2,0,"",0,false,"",false,"nessuna classe Java nei fixing commit"
"STORM-2066",false,"",true,"2.0.0|1.1.0",3,1,"storm-core/src/jvm/org/apache/storm/scheduler/multitenant/IsolatedPool.java",1,true,"1.0.0",true,"pronto per labeling [IV,FV)"
"STORM-2064",false,"",true,"2.0.0|1.1.0|1.0.3",4,2,"storm-core/src/jvm/org/apache/storm/daemon/DrpcServer.java|storm-core/src/jvm/org/apache/storm/logging/ThriftAccessLogger.java",2,true,"1.0.0",true,"pronto per labeling [IV,FV)"
"STORM-2059",false,"",true,"2.0.0|1.1.0",0,0,"",0,false,"",false,"nessuna classe Java nei fixing commit"
"STORM-2056",false,"",true,"2.0.0|1.1.0|1.0.3",4,0,"",0,false,"",false,"nessuna classe Java nei fixing commit"
"STORM-2054",true,"1.1.0",true,"2.0.0|1.1.0",3,4,"external/storm-submit-tools/src/main/java/org/apache/storm/submit/command/DependencyResolverMain.java|external/storm-submit-tools/src/main/java/org/apache/storm/submit/dependency/Booter.java|external/storm-submit-tools/src/main/java/org/apache/storm/submit/dependency/DependencyResolver.java|external/storm-submit-tools/src/main/java/org/apache/storm/submit/dependency/RepositorySystemFactory.java",1,true,"0.9.7",true,"pronto per labeling [IV,FV)"
"STORM-2052",true,"1.1.0|1.0.3|1.x",true,"2.0.0|1.1.0|1.0.3",3,2,"external/storm-kafka-client/src/main/java/org/apache/storm/kafka/spout/KafkaSpout.java|external/storm-kafka-client/src/main/java/org/apache/storm/kafka/spout/KafkaSpoutConfig.java",2,true,"1.0.0",true,"pronto per labeling [IV,FV)"
"STORM-2047",false,"",true,"2.0.0|1.1.0|1.0.3",3,0,"",0,false,"",false,"nessuna classe Java nei fixing commit"
"STORM-2045",true,"2.0.0",true,"2.0.0",2,1,"storm-core/src/jvm/org/apache/storm/executor/spout/SpoutExecutor.java",1,true,"0.10.1",true,"pronto per labeling [IV,FV)"
"STORM-2042",false,"",true,"2.0.0|1.1.0|1.0.3|0.10.3",3,4,"storm-core/src/jvm/org/apache/storm/StormSubmitter.java|storm-core/src/jvm/org/apache/storm/blobstore/NimbusBlobStore.java|storm-core/src/jvm/org/apache/storm/security/auth/ThriftClient.java|storm-core/src/jvm/org/apache/storm/utils/NimbusClient.java",2,true,"1.0.0",true,"pronto per labeling [IV,FV)"
"STORM-2040",true,"1.0.2|1.1.0",true,"2.0.0|1.1.0|1.0.3",3,0,"",0,false,"",false,"nessuna classe Java nei fixing commit"
"STORM-2037",true,"2.0.0|1.x",true,"2.0.0|1.1.0",3,1,"storm-core/src/jvm/org/apache/storm/security/auth/authorizer/SimpleACLAuthorizer.java",0,false,"",true,"SZZ non ha trovato un commit introducente"
"STORM-2036",false,"",true,"1.0.0|2.0.0",1,0,"",0,false,"",false,"nessuna classe Java nei fixing commit"
"STORM-2032",true,"2.0.0",true,"2.0.0|1.1.0|1.0.3",3,1,"storm-core/src/jvm/org/apache/storm/messaging/netty/StormClientHandler.java",1,true,"1.0.0",true,"pronto per labeling [IV,FV)"
"STORM-2028",true,"2.0.0",true,"2.0.0",2,1,"external/storm-jdbc/src/main/java/org/apache/storm/jdbc/common/JdbcClient.java",2,true,"0.9.4",true,"pronto per labeling [IV,FV)"
"STORM-2026",true,"2.0.0",true,"2.0.0",4,3,"storm-core/src/jvm/org/apache/storm/executor/Executor.java|storm-core/src/jvm/org/apache/storm/executor/bolt/BoltExecutor.java|storm-core/src/jvm/org/apache/storm/executor/spout/SpoutExecutor.java",1,true,"0.10.1",true,"pronto per labeling [IV,FV)"
"STORM-2023",true,"1.0.0",true,"2.0.0|1.1.0",3,0,"",0,false,"",false,"nessuna classe Java nei fixing commit"
"STORM-2022",true,"2.0.0",true,"2.0.0",3,2,"external/storm-redis/src/main/java/org/apache/storm/redis/state/RedisKeyValueState.java|storm-core/test/jvm/org/apache/storm/tuple/FieldsTest.java",2,true,"1.0.0",true,"pronto per labeling [IV,FV)"
"STORM-2021",true,"2.0.0|1.1.0",true,"2.0.0|1.1.0",3,2,"external/storm-redis/src/main/java/org/apache/storm/redis/state/RedisKeyValueState.java|storm-core/test/jvm/org/apache/storm/tuple/FieldsTest.java",2,true,"1.0.0",true,"pronto per labeling [IV,FV)"
"STORM-2020",true,"2.0.0",true,"2.0.0",3,2,"external/storm-redis/src/main/java/org/apache/storm/redis/state/RedisKeyValueState.java|storm-core/test/jvm/org/apache/storm/tuple/FieldsTest.java",2,true,"1.0.0",true,"pronto per labeling [IV,FV)"
"STORM-2017",true,"1.0.1|1.0.3",true,"2.0.0|1.1.0|1.0.3",2,1,"storm-core/src/jvm/org/apache/storm/utils/ShellBoltMessageQueue.java",1,true,"1.0.0",true,"pronto per labeling [IV,FV)"
"STORM-2000",true,"1.1.0",true,"2.0.0|1.1.0",3,0,"",0,false,"",false,"nessuna classe Java nei fixing commit"
"STORM-1999",true,"1.0.0|1.1.0",true,"1.0.0|2.0.0|1.0.1|1.0.2",2,0,"",0,false,"",false,"nessuna classe Java nei fixing commit"
"STORM-1997",true,"1.0.0",false,"",1,51,"examples/storm-kafka-client-examples/src/main/java/org/apache/storm/kafka/trident/TridentKafkaClientWordCountNamedTopics.java|examples/storm-kafka-client-examples/src/main/java/org/apache/storm/kafka/trident/TridentKafkaClientWordCountWildcardTopics.java|external/storm-kafka-client/src/main/java/org/apache/storm/kafka/bolt/KafkaBolt.java|external/storm-kafka-client/src/main/java/org/apache/storm/kafka/bolt/mapper/FieldNameBasedTupleToKafkaMapper.java|external/storm-kafka-client/src/main/java/org/apache/storm/kafka/bolt/mapper/TupleToKafkaMapper.java|external/storm-kafka-client/src/main/java/org/apache/storm/kafka/bolt/selector/DefaultTopicSelector.java|external/storm-kafka-client/src/main/java/org/apache/storm/kafka/bolt/selector/FieldIndexTopicSelector.java|external/storm-kafka-client/src/main/java/org/apache/storm/kafka/bolt/selector/FieldNameTopicSelector.java|external/storm-kafka-client/src/main/java/org/apache/storm/kafka/bolt/selector/KafkaTopicSelector.java|external/storm-kafka-client/src/main/java/org/apache/storm/kafka/spout/ByTopicRecordTranslator.java|external/storm-kafka-client/src/main/java/org/apache/storm/kafka/spout/DefaultRecordTranslator.java|external/storm-kafka-client/src/main/java/org/apache/storm/kafka/spout/Func.java|external/storm-kafka-client/src/main/java/org/apache/storm/kafka/spout/KafkaSpout.java|external/storm-kafka-client/src/main/java/org/apache/storm/kafka/spout/KafkaSpoutConfig.java|external/storm-kafka-client/src/main/java/org/apache/storm/kafka/spout/KafkaSpoutMessageId.java|external/storm-kafka-client/src/main/java/org/apache/storm/kafka/spout/KafkaSpoutStream.java|external/storm-kafka-client/src/main/java/org/apache/storm/kafka/spout/KafkaSpoutStreams.java|external/storm-kafka-client/src/main/java/org/apache/storm/kafka/spout/KafkaSpoutStreamsNamedTopics.java|external/storm-kafka-client/src/main/java/org/apache/storm/kafka/spout/KafkaSpoutStreamsWildcardTopics.java|external/storm-kafka-client/src/main/java/org/apache/storm/kafka/spout/KafkaSpoutTupleBuilder.java|external/storm-kafka-client/src/main/java/org/apache/storm/kafka/spout/KafkaSpoutTuplesBuilder.java|external/storm-kafka-client/src/main/java/org/apache/storm/kafka/spout/KafkaSpoutTuplesBuilderNamedTopics.java|external/storm-kafka-client/src/main/java/org/apache/storm/kafka/spout/KafkaSpoutTuplesBuilderWildcardTopics.java|external/storm-kafka-client/src/main/java/org/apache/storm/kafka/spout/KafkaTuple.java|external/storm-kafka-client/src/main/java/org/apache/storm/kafka/spout/ManualPartitionNamedSubscription.java|external/storm-kafka-client/src/main/java/org/apache/storm/kafka/spout/ManualPartitionPatternSubscription.java|external/storm-kafka-client/src/main/java/org/apache/storm/kafka/spout/ManualPartitioner.java|external/storm-kafka-client/src/main/java/org/apache/storm/kafka/spout/NamedSubscription.java|external/storm-kafka-client/src/main/java/org/apache/storm/kafka/spout/PatternSubscription.java|external/storm-kafka-client/src/main/java/org/apache/storm/kafka/spout/RecordTranslator.java|external/storm-kafka-client/src/main/java/org/apache/storm/kafka/spout/RoundRobinManualPartitioner.java|external/storm-kafka-client/src/main/java/org/apache/storm/kafka/spout/SimpleRecordTranslator.java|external/storm-kafka-client/src/main/java/org/apache/storm/kafka/spout/Subscription.java|external/storm-kafka-client/src/main/java/org/apache/storm/kafka/spout/TopicPartitionComparator.java|external/storm-kafka-client/src/main/java/org/apache/storm/kafka/spout/internal/Timer.java|external/storm-kafka-client/src/main/java/org/apache/storm/kafka/spout/trident/KafkaTridentSpoutEmitter.java|external/storm-kafka-client/src/main/java/org/apache/storm/kafka/spout/trident/KafkaTridentSpoutManager.java|external/storm-kafka-client/src/main/java/org/apache/storm/kafka/spout/trident/KafkaTridentSpoutOpaque.java|external/storm-kafka-client/src/main/java/org/apache/storm/kafka/trident/TridentKafkaState.java|external/storm-kafka-client/src/main/java/org/apache/storm/kafka/trident/TridentKafkaStateFactory.java|external/storm-kafka-client/src/main/java/org/apache/storm/kafka/trident/mapper/FieldNameBasedTupleToKafkaMapper.java|external/storm-kafka-client/src/main/java/org/apache/storm/kafka/trident/mapper/TridentTupleToKafkaMapper.java|external/storm-kafka-client/src/main/java/org/apache/storm/kafka/trident/selector/DefaultTopicSelector.java|external/storm-kafka-client/src/main/java/org/apache/storm/kafka/trident/selector/KafkaTopicSelector.java|external/storm-kafka/src/jvm/org/apache/storm/kafka/DynamicPartitionConnections.java|external/storm-kafka/src/jvm/org/apache/storm/kafka/KafkaSpout.java|external/storm-kafka/src/jvm/org/apache/storm/kafka/KafkaUtils.java|external/storm-kafka/src/jvm/org/apache/storm/kafka/PartitionManager.java|external/storm-kafka/src/jvm/org/apache/storm/kafka/StaticCoordinator.java|external/storm-kafka/src/jvm/org/apache/storm/kafka/bolt/KafkaBolt.java|storm-core/src/jvm/org/apache/storm/tuple/Fields.java",15,true,"1.0.0",true,"pronto per labeling [IV,FV)"
"STORM-1995",true,"0.10.0|1.0.0|2.0.0",true,"2.0.0|1.1.0|1.0.3",3,0,"",0,false,"",false,"nessuna classe Java nei fixing commit"
"STORM-1988",true,"2.0.0|1.1.0",true,"2.0.0|1.1.0",3,0,"",0,false,"",false,"nessuna classe Java nei fixing commit"
"STORM-1987",false,"",true,"2.0.0|1.1.0|1.0.3",3,1,"examples/storm-starter/src/jvm/org/apache/storm/starter/trident/TridentKafkaWordCount.java",1,true,"1.0.0",true,"pronto per labeling [IV,FV)"
"STORM-1985",false,"",true,"2.0.0",2,1,"storm-core/src/jvm/org/apache/storm/command/AdminCommands.java",0,false,"",true,"SZZ non ha trovato un commit introducente"
"STORM-1977",true,"1.0.0|1.0.1",true,"2.0.0|1.0.2|1.1.0",5,2,"storm-core/src/jvm/org/apache/storm/zookeeper/LeaderElectorImp.java|storm-core/src/jvm/org/apache/storm/zookeeper/Zookeeper.java",4,true,"1.0.0",true,"pronto per labeling [IV,FV)"
"STORM-1976",true,"1.0.0|1.0.1",true,"2.0.0|1.0.2|1.1.0",4,0,"",0,false,"",false,"nessuna classe Java nei fixing commit"
"STORM-1968",false,"",true,"1.0.2|1.1.0",0,0,"",0,false,"",false,"nessuna classe Java nei fixing commit"
"STORM-1964",true,"1.0.1",true,"2.0.0|1.0.2|1.1.0",3,12,"storm-core/src/jvm/org/apache/storm/topology/WindowedBoltExecutor.java|storm-core/src/jvm/org/apache/storm/windowing/CountEvictionPolicy.java|storm-core/src/jvm/org/apache/storm/windowing/CountTriggerPolicy.java|storm-core/src/jvm/org/apache/storm/windowing/DefaultEvictionContext.java|storm-core/src/jvm/org/apache/storm/windowing/EvictionContext.java|storm-core/src/jvm/org/apache/storm/windowing/EvictionPolicy.java|storm-core/src/jvm/org/apache/storm/windowing/TimeEvictionPolicy.java|storm-core/src/jvm/org/apache/storm/windowing/TimeTriggerPolicy.java|storm-core/src/jvm/org/apache/storm/windowing/WatermarkCountEvictionPolicy.java|storm-core/src/jvm/org/apache/storm/windowing/WatermarkCountTriggerPolicy.java|storm-core/src/jvm/org/apache/storm/windowing/WatermarkTimeTriggerPolicy.java|storm-core/test/jvm/org/apache/storm/windowing/WindowManagerTest.java",1,true,"1.0.0",true,"pronto per labeling [IV,FV)"
"STORM-1962",true,"2.0.0",true,"2.0.0|1.0.2|1.1.0",3,0,"",0,false,"",false,"nessuna classe Java nei fixing commit"
"STORM-1959",true,"2.0.0|1.1.0",true,"2.0.0|1.1.0",3,1,"external/storm-kafka-monitor/src/main/java/org/apache/storm/kafka/monitor/KafkaPartitionOffsetLag.java",0,false,"",true,"SZZ non ha trovato un commit introducente"
"STORM-1956",true,"1.0.0|1.0.1",true,"2.0.0|1.0.2|1.1.0",2,0,"",0,false,"",false,"nessuna classe Java nei fixing commit"
"STORM-1954",false,"",true,"2.0.0",3,1,"storm-core/src/jvm/org/apache/storm/trident/operation/DefaultResourceDeclarer.java",1,true,"1.0.0",true,"pronto per labeling [IV,FV)"
"STORM-1946",false,"",true,"2.0.0|1.0.2|1.1.0",2,1,"storm-core/src/jvm/org/apache/storm/task/ShellBolt.java",1,true,"1.0.0",true,"pronto per labeling [IV,FV)"
"STORM-1945",true,"2.0.0|1.1.0",true,"2.0.0|1.1.0",3,1,"storm-core/src/jvm/org/apache/storm/utils/TopologySpoutLag.java",1,true,"1.0.2",true,"pronto per labeling [IV,FV)"
"STORM-1942",true,"2.0.0",true,"2.0.0|1.1.0",1,0,"",0,false,"",false,"nessuna classe Java nei fixing commit"
"STORM-1941",true,"1.0.0|1.0.1",true,"2.0.0|1.0.2|1.1.0",3,1,"storm-core/src/jvm/org/apache/storm/cluster/StormClusterStateImpl.java",0,false,"",true,"SZZ non ha trovato un commit introducente"
"STORM-1939",true,"1.0.1",true,"2.0.0|1.0.2|1.1.0",3,1,"storm-core/src/jvm/org/apache/storm/task/ShellBolt.java",1,true,"1.0.0",true,"pronto per labeling [IV,FV)"
"STORM-1937",true,"1.0.0|1.0.1",true,"2.0.0|1.0.2|1.1.0",3,1,"storm-core/src/jvm/org/apache/storm/trident/windowing/WindowTridentProcessor.java",1,true,"1.0.0",true,"pronto per labeling [IV,FV)"
"STORM-1934",true,"1.0.0|2.0.0|1.0.1",true,"2.0.0|1.0.2|1.1.0",3,3,"storm-core/src/jvm/org/apache/storm/daemon/supervisor/SupervisorUtils.java|storm-core/src/jvm/org/apache/storm/daemon/supervisor/SyncProcessEvent.java|storm-core/src/jvm/org/apache/storm/daemon/supervisor/SyncSupervisorEvent.java",8,true,"1.0.0",true,"pronto per labeling [IV,FV)"
"STORM-1928",false,"",true,"2.0.0|0.10.2|1.0.2|1.1.0|0.9.7",3,1,"storm-core/src/jvm/org/apache/storm/spout/ShellSpout.java",1,true,"1.0.0",true,"pronto per labeling [IV,FV)"
"STORM-1925",true,"2.0.0|1.1.0",true,"2.0.0|1.1.0",3,0,"",0,false,"",false,"nessuna classe Java nei fixing commit"
"STORM-1924",true,"1.0.0",true,"2.0.0|1.0.2|1.1.0",6,0,"",0,false,"",false,"nessuna classe Java nei fixing commit"
"STORM-1920",true,"2.0.0",true,"2.0.0",3,0,"",0,false,"",false,"nessuna classe Java nei fixing commit"
"STORM-1915",true,"1.0.1",true,"2.0.0|1.0.2|1.1.0",0,0,"",0,false,"",false,"nessuna classe Java nei fixing commit"
"STORM-1911",true,"2.0.0|1.1.0",true,"2.0.0|1.1.0",4,0,"",0,false,"",false,"nessuna classe Java nei fixing commit"
"STORM-1909",true,"1.0.2",true,"1.0.2",3,0,"",0,false,"",false,"nessuna classe Java nei fixing commit"
"STORM-1907",true,"1.1.0",true,"2.0.0|1.1.0",3,2,"examples/storm-starter/src/jvm/org/apache/storm/starter/trident/TridentWordCount.java|storm-core/src/jvm/org/apache/storm/trident/spout/PartitionedTridentSpoutExecutor.java",2,true,"1.0.0",true,"pronto per labeling [IV,FV)"
"STORM-1906",true,"2.0.0|1.0.1",true,"2.0.0|1.1.0|1.0.3",4,1,"storm-core/src/jvm/org/apache/storm/topology/base/BaseWindowedBolt.java",1,true,"1.0.2",true,"pronto per labeling [IV,FV)"
"STORM-1887",true,"1.0.1",true,"2.0.0|1.0.2|1.1.0",2,0,"",0,false,"",false,"nessuna classe Java nei fixing commit"
"STORM-1884",false,"",true,"2.0.0|1.0.2|1.1.0",2,1,"external/storm-redis/src/main/java/org/apache/storm/redis/state/RedisKeyValueState.java",1,true,"1.0.0",true,"pronto per labeling [IV,FV)"
"STORM-1882",true,"1.0.0|1.0.1",true,"2.0.0|1.0.2|1.1.0",2,1,"external/storm-hdfs/src/main/java/org/apache/storm/hdfs/spout/TextFileReader.java",1,true,"1.0.0",true,"pronto per labeling [IV,FV)"
"STORM-1881",true,"1.0.1",true,"2.0.0|1.1.0",0,0,"",0,false,"",false,"nessuna classe Java nei fixing commit"
"STORM-1879",true,"1.0.1",true,"2.0.0|1.0.2|1.1.0",0,0,"",0,false,"",false,"nessuna classe Java nei fixing commit"
"STORM-1878",true,"1.0.1",true,"2.0.0|1.0.2|1.1.0",4,2,"external/flux/flux-core/src/main/java/org/apache/storm/flux/FluxBuilder.java|external/flux/flux-examples/src/main/java/org/apache/storm/flux/examples/StatefulWordCounter.java",0,false,"",true,"SZZ non ha trovato un commit introducente"
"STORM-1872",true,"1.0.0|1.0.1|0.10.2",true,"2.0.0|1.1.0",3,4,"external/storm-redis/src/main/java/org/apache/storm/redis/bolt/AbstractRedisBolt.java|external/storm-redis/src/main/java/org/apache/storm/redis/common/container/JedisClusterContainer.java|external/storm-redis/src/main/java/org/apache/storm/redis/common/container/JedisCommandsInstanceContainer.java|external/storm-redis/src/main/java/org/apache/storm/redis/common/container/JedisContainer.java",1,true,"0.9.4",true,"pronto per labeling [IV,FV)"
"STORM-1864",false,"",true,"2.0.0|1.0.2|1.1.0",4,2,"storm-core/src/jvm/org/apache/storm/StormSubmitter.java|storm-core/src/jvm/org/apache/storm/hooks/SubmitterHookException.java",2,true,"1.0.0",true,"pronto per labeling [IV,FV)"
"STORM-1862",true,"1.0.0|1.0.1",true,"2.0.0|1.0.2|1.1.0",1,0,"",0,false,"",false,"nessuna classe Java nei fixing commit"
"STORM-1861",true,"1.0.0",true,"2.0.0|1.0.2|1.1.0",3,0,"",0,false,"",false,"nessuna classe Java nei fixing commit"
"STORM-1859",false,"",true,"2.0.0|1.0.2|1.1.0",2,1,"storm-core/src/jvm/org/apache/storm/topology/WindowedBoltExecutor.java",0,false,"",true,"SZZ non ha trovato un commit introducente"
"STORM-1853",true,"1.0.0",true,"2.0.0|1.0.2|1.1.0",3,1,"storm-core/src/jvm/org/apache/storm/utils/Utils.java",1,true,"1.0.0",true,"pronto per labeling [IV,FV)"
"STORM-1851",true,"1.0.1",true,"2.0.0|1.0.2|1.1.0",2,0,"",0,false,"",false,"nessuna classe Java nei fixing commit"
"STORM-1849",true,"1.0.0",true,"2.0.0|1.1.0|1.0.3",2,0,"",0,false,"",false,"nessuna classe Java nei fixing commit"
"STORM-1848",true,"2.0.0|1.0.1",true,"2.0.0|1.0.2|1.1.0",4,3,"external/storm-kafka/src/jvm/org/apache/storm/kafka/Partition.java|external/storm-kafka/src/jvm/org/apache/storm/kafka/PartitionManager.java|storm-core/src/jvm/org/apache/storm/spout/SpoutOutputCollector.java",1,true,"1.0.0",true,"pronto per labeling [IV,FV)"
"STORM-1844",true,"2.0.0",true,"2.0.0|1.0.2|1.1.0",3,1,"storm-core/test/jvm/org/apache/storm/utils/DisruptorQueueTest.java",1,true,"1.0.0",true,"pronto per labeling [IV,FV)"
"STORM-1842",true,"1.0.0|1.0.1",true,"2.0.0|1.0.2|1.1.0",3,1,"storm-core/src/jvm/org/apache/storm/generated/HBMessageData.java",1,true,"1.0.0",true,"pronto per labeling [IV,FV)"
"STORM-1841",true,"2.0.0|1.0.1",true,"2.0.0|1.1.0|1.0.3",4,2,"examples/storm-starter/src/jvm/org/apache/storm/starter/SlidingWindowTopology.java|storm-core/src/jvm/org/apache/storm/topology/base/BaseWindowedBolt.java",1,true,"1.0.0",true,"pronto per labeling [IV,FV)"
"STORM-1837",true,"1.0.0|2.0.0|1.0.1",true,"2.0.0|1.1.0",11,280,"storm-core/src/jvm/org/apache/storm/messaging/local/Context.java|external/sql/storm-sql-core/src/jvm/org/apache/storm/sql/StormSqlImpl.java|external/sql/storm-sql-core/src/jvm/org/apache/storm/sql/compiler/ExprCompiler.java|external/sql/storm-sql-core/src/jvm/org/apache/storm/sql/compiler/PostOrderRelNodeVisitor.java|external/sql/storm-sql-core/src/jvm/org/apache/storm/sql/compiler/backends/standalone/RelNodeCompiler.java|external/sql/storm-sql-core/src/jvm/org/apache/storm/sql/compiler/backends/trident/PlanCompiler.java|external/sql/storm-sql-core/src/jvm/org/apache/storm/sql/compiler/backends/trident/RelNodeCompiler.java|external/sql/storm-sql-core/src/jvm/org/apache/storm/sql/compiler/backends/trident/TridentLogicalPlanCompiler.java|external/sql/storm-sql-runtime/src/jvm/org/apache/storm/sql/runtime/trident/NumberConverter.java|external/sql/storm-sql-runtime/src/jvm/org/apache/storm/sql/runtime/trident/TridentUtils.java|external/sql/storm-sql-runtime/src/jvm/org/apache/storm/sql/runtime/trident/functions/EvaluationFilter.java|external/sql/storm-sql-runtime/src/jvm/org/apache/storm/sql/runtime/trident/functions/EvaluationFunction.java|external/sql/storm-sql-runtime/src/jvm/org/apache/storm/sql/runtime/trident/functions/ForwardFunction.java|external/sql/storm-sql-runtime/src/jvm/org/apache/storm/sql/runtime/trident/functions/UDAFWrappedAggregator.java|external/sql/storm-sql-runtime/src/jvm/org/apache/storm/sql/runtime/trident/operations/CountBy.java|external/sql/storm-sql-runtime/src/jvm/org/apache/storm/sql/runtime/trident/operations/DivideForAverage.java|external/sql/storm-sql-runtime/src/jvm/org/apache/storm/sql/runtime/trident/operations/MaxBy.java|external/sql/storm-sql-runtime/src/jvm/org/apache/storm/sql/runtime/trident/operations/MinBy.java|external/sql/storm-sql-runtime/src/jvm/org/apache/storm/sql/runtime/trident/operations/SumBy.java|external/storm-druid/src/main/java/org/apache/storm/druid/bolt/DruidBeamBolt.java|external/storm-druid/src/main/java/org/apache/storm/druid/bolt/DruidBeamFactory.java|external/storm-druid/src/main/java/org/apache/storm/druid/bolt/DruidConfig.java|external/storm-druid/src/main/java/org/apache/storm/druid/bolt/ITupleDruidEventMapper.java|external/storm-druid/src/main/java/org/apache/storm/druid/bolt/TupleDruidEventMapper.java|external/storm-druid/src/main/java/org/apache/storm/druid/trident/DruidBeamState.java|external/storm-druid/src/main/java/org/apache/storm/druid/trident/DruidBeamStateFactory.java|external/storm-druid/src/main/java/org/apache/storm/druid/trident/DruidBeamStateUpdater.java|external/storm-kafka-client/src/main/java/org/apache/storm/kafka/spout/KafkaSpoutRetryExponentialBackoff.java|external/storm-kafka-monitor/src/main/java/org/apache/storm/kafka/monitor/KafkaOffsetLagUtil.java|external/storm-kinesis/src/main/java/org/apache/storm/kinesis/spout/CredentialsProviderChain.java|external/storm-kinesis/src/main/java/org/apache/storm/kinesis/spout/ExponentialBackoffRetrier.java|external/storm-kinesis/src/main/java/org/apache/storm/kinesis/spout/FailedMessageRetryHandler.java|external/storm-kinesis/src/main/java/org/apache/storm/kinesis/spout/KinesisConfig.java|external/storm-kinesis/src/main/java/org/apache/storm/kinesis/spout/KinesisConnection.java|external/storm-kinesis/src/main/java/org/apache/storm/kinesis/spout/KinesisConnectionInfo.java|external/storm-kinesis/src/main/java/org/apache/storm/kinesis/spout/KinesisMessageId.java|external/storm-kinesis/src/main/java/org/apache/storm/kinesis/spout/KinesisRecordsManager.java|external/storm-kinesis/src/main/java/org/apache/storm/kinesis/spout/KinesisSpout.java|external/storm-kinesis/src/main/java/org/apache/storm/kinesis/spout/RecordToTupleMapper.java|external/storm-kinesis/src/main/java/org/apache/storm/kinesis/spout/ZKConnection.java|external/storm-kinesis/src/main/java/org/apache/storm/kinesis/spout/ZkInfo.java|external/storm-redis/src/main/java/org/apache/storm/redis/state/RedisKeyValueState.java|external/storm-submit-tools/src/main/java/org/apache/storm/submit/command/DependencyResolverMain.java|external/storm-submit-tools/src/main/java/org/apache/storm/submit/dependency/AetherUtils.java|external/storm-submit-tools/src/main/java/org/apache/storm/submit/dependency/Booter.java|external/storm-submit-tools/src/main/java/org/apache/storm/submit/dependency/DependencyResolver.java|external/storm-submit-tools/src/main/java/org/apache/storm/submit/dependency/RepositorySystemFactory.java|storm-core/src/jvm/org/apache/storm/Constants.java|storm-core/src/jvm/org/apache/storm/StormSubmitter.java|storm-core/src/jvm/org/apache/storm/blobstore/BlobStoreUtils.java|storm-core/src/jvm/org/apache/storm/blobstore/ClientBlobStore.java|storm-core/src/jvm/org/apache/storm/blobstore/NimbusBlobStore.java|storm-core/src/jvm/org/apache/storm/command/Blobstore.java|storm-core/src/jvm/org/apache/storm/command/GetErrors.java|storm-core/src/jvm/org/apache/storm/command/Heartbeats.java|storm-core/src/jvm/org/apache/storm/daemon/StormCommon.java|storm-core/src/jvm/org/apache/storm/daemon/Task.java|storm-core/src/jvm/org/apache/storm/daemon/supervisor/SyncSupervisorEvent.java|storm-core/src/jvm/org/apache/storm/daemon/supervisor/workermanager/DefaultWorkerManager.java|storm-core/src/jvm/org/apache/storm/dependency/DependencyPropertiesParser.java|storm-core/src/jvm/org/apache/storm/dependency/DependencyUploader.java|storm-core/src/jvm/org/apache/storm/dependency/FileNotAvailableException.java|storm-core/src/jvm/org/apache/storm/executor/Executor.java|storm-core/src/jvm/org/apache/storm/executor/ExecutorShutdown.java|storm-core/src/jvm/org/apache/storm/executor/ExecutorTransfer.java|storm-core/src/jvm/org/apache/storm/executor/IRunningExecutor.java|storm-core/src/jvm/org/apache/storm/executor/TupleInfo.java|storm-core/src/jvm/org/apache/storm/executor/bolt/BoltExecutor.java|storm-core/src/jvm/org/apache/storm/executor/bolt/BoltOutputCollectorImpl.java|storm-core/src/jvm/org/apache/storm/executor/error/IReportError.java|storm-core/src/jvm/org/apache/storm/executor/error/ReportError.java|storm-core/src/jvm/org/apache/storm/executor/error/ReportErrorAndDie.java|storm-core/src/jvm/org/apache/storm/executor/spout/SpoutExecutor.java|storm-core/src/jvm/org/apache/storm/executor/spout/SpoutOutputCollectorImpl.java|storm-core/src/jvm/org/apache/storm/generated/Assignment.java|storm-core/src/jvm/org/apache/storm/generated/BoltStats.java|storm-core/src/jvm/org/apache/storm/generated/ClusterSummary.java|storm-core/src/jvm/org/apache/storm/generated/ClusterWorkerHeartbeat.java|storm-core/src/jvm/org/apache/storm/generated/ComponentPageInfo.java|storm-core/src/jvm/org/apache/storm/generated/Credentials.java|storm-core/src/jvm/org/apache/storm/generated/ExecutorStats.java|storm-core/src/jvm/org/apache/storm/generated/HBNodes.java|storm-core/src/jvm/org/apache/storm/generated/HBRecords.java|storm-core/src/jvm/org/apache/storm/generated/LSApprovedWorkers.java|storm-core/src/jvm/org/apache/storm/generated/LSSupervisorAssignments.java|storm-core/src/jvm/org/apache/storm/generated/LSTopoHistory.java|storm-core/src/jvm/org/apache/storm/generated/LSTopoHistoryList.java|storm-core/src/jvm/org/apache/storm/generated/LSWorkerHeartbeat.java|storm-core/src/jvm/org/apache/storm/generated/ListBlobsResult.java|storm-core/src/jvm/org/apache/storm/generated/LocalAssignment.java|storm-core/src/jvm/org/apache/storm/generated/LocalStateData.java|storm-core/src/jvm/org/apache/storm/generated/LogConfig.java|storm-core/src/jvm/org/apache/storm/generated/Nimbus.java|storm-core/src/jvm/org/apache/storm/generated/NodeInfo.java|storm-core/src/jvm/org/apache/storm/generated/RebalanceOptions.java|storm-core/src/jvm/org/apache/storm/generated/SettableBlobMeta.java|storm-core/src/jvm/org/apache/storm/generated/SpoutStats.java|storm-core/src/jvm/org/apache/storm/generated/StormBase.java|storm-core/src/jvm/org/apache/storm/generated/StormTopology.java|storm-core/src/jvm/org/apache/storm/generated/SupervisorInfo.java|storm-core/src/jvm/org/apache/storm/generated/SupervisorPageInfo.java|storm-core/src/jvm/org/apache/storm/generated/SupervisorSummary.java|storm-core/src/jvm/org/apache/storm/generated/TopologyHistoryInfo.java|storm-core/src/jvm/org/apache/storm/generated/TopologyInfo.java|storm-core/src/jvm/org/apache/storm/generated/TopologyPageInfo.java|storm-core/src/jvm/org/apache/storm/generated/TopologyStats.java|storm-core/src/jvm/org/apache/storm/generated/WorkerSummary.java|storm-core/src/jvm/org/apache/storm/messaging/netty/StormClientHandler.java|storm-core/src/jvm/org/apache/storm/scheduler/Cluster.java|storm-core/src/jvm/org/apache/storm/scheduler/resource/ResourceAwareScheduler.java|storm-core/src/jvm/org/apache/storm/security/auth/ThriftClient.java|storm-core/src/jvm/org/apache/storm/security/auth/authorizer/SimpleACLAuthorizer.java|storm-core/src/jvm/org/apache/storm/stats/BoltExecutorStats.java|storm-core/src/jvm/org/apache/storm/stats/CommonStats.java|storm-core/src/jvm/org/apache/storm/stats/SpoutExecutorStats.java|storm-core/src/jvm/org/apache/storm/stats/StatsUtil.java|storm-core/src/jvm/org/apache/storm/task/TopologyContext.java|storm-core/src/jvm/org/apache/storm/tuple/Fields.java|storm-core/src/jvm/org/apache/storm/utils/ConfigUtils.java|storm-core/src/jvm/org/apache/storm/utils/NimbusClient.java|storm-core/src/jvm/org/apache/storm/utils/ThriftTopologyUtils.java|storm-core/src/jvm/org/apache/storm/utils/Utils.java|storm-core/src/jvm/org/apache/storm/utils/WorkerBackpressureThread.java|storm-core/test/jvm/org/apache/storm/dependency/DependencyPropertiesParserTest.java|storm-core/test/jvm/org/apache/storm/dependency/DependencyUploaderTest.java|storm-core/test/jvm/org/apache/storm/security/auth/DefaultHttpCredentialsPluginTest.java|storm-core/test/jvm/org/apache/storm/security/auth/authorizer/DRPCSimpleACLAuthorizerTest.java|storm-core/test/jvm/org/apache/storm/serialization/SerializationFactoryTest.java|storm-core/test/jvm/org/apache/storm/stats/TestStatsUtil.java|storm-core/test/jvm/org/apache/storm/tuple/FieldsTest.java|storm-core/test/jvm/org/apache/storm/utils/ThriftTopologyUtilsTest.java|storm-core/test/jvm/org/apache/storm/utils/ZookeeperServerCnxnFactoryTest.java|storm-core/test/jvm/org/apache/storm/utils/staticmocking/ConfigUtilsInstaller.java|examples/storm-starter/src/jvm/org/apache/storm/starter/SlidingWindowTopology.java|examples/storm-starter/src/jvm/org/apache/storm/starter/spout/TwitterSampleSpout.java|examples/storm-starter/src/jvm/org/apache/storm/starter/trident/TridentKafkaWordCount.java|examples/storm-starter/src/jvm/org/apache/storm/starter/trident/TridentWordCount.java|examples/storm-starter/src/jvm/storm/starter/HdfsSpoutTopology.java|external/flux/flux-core/src/main/java/org/apache/storm/flux/FluxBuilder.java|external/flux/flux-examples/src/main/java/org/apache/storm/flux/examples/StatefulWordCounter.java|external/flux/flux-wrappers/src/main/java/org/apache/storm/flux/wrappers/bolts/FluxShellBolt.java|external/flux/flux-wrappers/src/main/java/org/apache/storm/flux/wrappers/spouts/FluxShellSpout.java|external/sql/storm-sql-core/src/jvm/org/apache/storm/sql/compiler/backends/standalone/BuiltinAggregateFunctions.java|external/sql/storm-sql-core/src/jvm/org/apache/storm/sql/compiler/backends/standalone/PlanCompiler.java|external/sql/storm-sql-runtime/src/jvm/org/apache/storm/sql/runtime/AbstractChannelHandler.java|external/sql/storm-sql-runtime/src/jvm/org/apache/storm/sql/runtime/ChannelContext.java|external/sql/storm-sql-runtime/src/jvm/org/apache/storm/sql/runtime/ChannelHandler.java|external/sql/storm-sql-runtime/src/jvm/org/apache/storm/sql/runtime/Channels.java|external/storm-hbase/src/main/java/org/apache/storm/hbase/bolt/AbstractHBaseBolt.java|external/storm-hbase/src/main/java/org/apache/storm/hbase/bolt/HBaseBolt.java|external/storm-hbase/src/main/java/org/apache/storm/hbase/common/HBaseClient.java|external/storm-hdfs/src/main/java/org/apache/storm/hdfs/bolt/format/SimpleFileNameFormat.java|external/storm-hdfs/src/main/java/org/apache/storm/hdfs/spout/HdfsSpout.java|external/storm-hdfs/src/main/java/org/apache/storm/hdfs/spout/TextFileReader.java|external/storm-hdfs/src/main/java/org/apache/storm/hdfs/trident/format/SimpleFileNameFormat.java|external/storm-hive/src/main/java/org/apache/storm/hive/bolt/HiveBolt.java|external/storm-hive/src/main/java/org/apache/storm/hive/bolt/mapper/HiveMapper.java|external/storm-hive/src/main/java/org/apache/storm/hive/common/HiveWriter.java|external/storm-hive/src/main/java/org/apache/storm/hive/trident/HiveState.java|external/storm-kafka-client/src/main/java/org/apache/storm/kafka/spout/KafkaSpout.java|external/storm-kafka-client/src/main/java/org/apache/storm/kafka/spout/KafkaSpoutConfig.java|external/storm-kafka-client/src/main/java/org/apache/storm/kafka/spout/KafkaSpoutStream.java|external/storm-kafka-client/src/main/java/org/apache/storm/kafka/spout/KafkaSpoutStreams.java|external/storm-kafka-client/src/main/java/org/apache/storm/kafka/spout/KafkaSpoutStreamsNamedTopics.java|external/storm-kafka-client/src/main/java/org/apache/storm/kafka/spout/KafkaSpoutStreamsWildcardTopics.java|external/storm-kafka-client/src/main/java/org/apache/storm/kafka/spout/KafkaSpoutTuplesBuilder.java|external/storm-kafka-client/src/main/java/org/apache/storm/kafka/spout/KafkaSpoutTuplesBuilderNamedTopics.java|external/storm-kafka-client/src/main/java/org/apache/storm/kafka/spout/KafkaSpoutTuplesBuilderWildcardTopics.java|external/storm-kafka-monitor/src/main/java/org/apache/storm/kafka/monitor/KafkaOffsetLagResult.java|external/storm-kafka-monitor/src/main/java/org/apache/storm/kafka/monitor/KafkaPartitionOffsetLag.java|external/storm-kafka-monitor/src/main/java/org/apache/storm/kafka/monitor/NewKafkaSpoutOffsetQuery.java|external/storm-kafka-monitor/src/main/java/org/apache/storm/kafka/monitor/OldKafkaSpoutOffsetQuery.java|external/storm-kafka/src/jvm/org/apache/storm/kafka/DynamicBrokersReader.java|external/storm-kafka/src/jvm/org/apache/storm/kafka/DynamicPartitionConnections.java|external/storm-kafka/src/jvm/org/apache/storm/kafka/ExponentialBackoffMsgRetryManager.java|external/storm-kafka/src/jvm/org/apache/storm/kafka/FailedMsgRetryManager.java|external/storm-kafka/src/jvm/org/apache/storm/kafka/KafkaConfig.java|external/storm-kafka/src/jvm/org/apache/storm/kafka/KafkaSpout.java|external/storm-kafka/src/jvm/org/apache/storm/kafka/KafkaUtils.java|external/storm-kafka/src/jvm/org/apache/storm/kafka/Partition.java|external/storm-kafka/src/jvm/org/apache/storm/kafka/PartitionManager.java|external/storm-kafka/src/jvm/org/apache/storm/kafka/SpoutConfig.java|external/storm-kafka/src/jvm/org/apache/storm/kafka/StringMultiSchemeWithTopic.java|external/storm-kafka/src/jvm/org/apache/storm/kafka/ZkCoordinator.java|external/storm-kafka/src/jvm/org/apache/storm/kafka/ZkState.java|external/storm-kafka/src/jvm/org/apache/storm/kafka/bolt/selector/FieldIndexTopicSelector.java|external/storm-kafka/src/jvm/org/apache/storm/kafka/bolt/selector/FieldNameTopicSelector.java|external/storm-kafka/src/jvm/org/apache/storm/kafka/trident/GlobalPartitionInformation.java|external/storm-kafka/src/jvm/org/apache/storm/kafka/trident/TridentKafkaEmitter.java|external/storm-kafka/src/jvm/org/apache/storm/kafka/trident/ZkBrokerReader.java|external/storm-mongodb/src/main/java/org/apache/storm/mongodb/bolt/MongoInsertBolt.java|external/storm-opentsdb/src/main/java/org/apache/storm/opentsdb/OpenTsdbMetricDatapoint.java|external/storm-opentsdb/src/main/java/org/apache/storm/opentsdb/bolt/ITupleOpenTsdbDatapointMapper.java|external/storm-opentsdb/src/main/java/org/apache/storm/opentsdb/bolt/OpenTsdbBolt.java|external/storm-opentsdb/src/main/java/org/apache/storm/opentsdb/bolt/TupleOpenTsdbDatapointMapper.java|external/storm-opentsdb/src/main/java/org/apache/storm/opentsdb/client/ClientResponse.java|external/storm-opentsdb/src/main/java/org/apache/storm/opentsdb/client/OpenTsdbClient.java|external/storm-opentsdb/src/main/java/org/apache/storm/opentsdb/trident/OpenTsdbState.java|external/storm-opentsdb/src/main/java/org/apache/storm/opentsdb/trident/OpenTsdbStateFactory.java|external/storm-opentsdb/src/main/java/org/apache/storm/opentsdb/trident/OpenTsdbStateUpdater.java|external/storm-redis/src/main/java/org/apache/storm/redis/bolt/RedisFilterBolt.java|external/storm-redis/src/main/java/org/apache/storm/redis/bolt/RedisLookupBolt.java|external/storm-redis/src/main/java/org/apache/storm/redis/bolt/RedisStoreBolt.java|external/storm-redis/src/main/java/org/apache/storm/redis/common/config/JedisPoolConfig.java|external/storm-redis/src/main/java/org/apache/storm/redis/common/container/JedisClusterContainer.java|external/storm-redis/src/main/java/org/apache/storm/redis/common/mapper/RedisDataTypeDescription.java|external/storm-redis/src/main/java/org/apache/storm/redis/common/mapper/RedisFilterMapper.java|external/storm-redis/src/main/java/org/apache/storm/redis/common/mapper/RedisLookupMapper.java|storm-core/src/jvm/org/apache/storm/Config.java|storm-core/src/jvm/org/apache/storm/blobstore/BlobStoreAclHandler.java|storm-core/src/jvm/org/apache/storm/cluster/StormClusterStateImpl.java|storm-core/src/jvm/org/apache/storm/cluster/ZKStateStorage.java|storm-core/src/jvm/org/apache/storm/daemon/Acker.java|storm-core/src/jvm/org/apache/storm/daemon/supervisor/SupervisorUtils.java|storm-core/src/jvm/org/apache/storm/daemon/supervisor/SyncProcessEvent.java|storm-core/src/jvm/org/apache/storm/generated/HBMessageData.java|storm-core/src/jvm/org/apache/storm/hooks/SubmitterHookException.java|storm-core/src/jvm/org/apache/storm/metric/ClusterMetricsConsumerExecutor.java|storm-core/src/jvm/org/apache/storm/metric/LoggingClusterMetricsConsumer.java|storm-core/src/jvm/org/apache/storm/metric/MetricsConsumerBolt.java|storm-core/src/jvm/org/apache/storm/metric/api/DataPoint.java|storm-core/src/jvm/org/apache/storm/metric/api/IClusterMetricsConsumer.java|storm-core/src/jvm/org/apache/storm/metric/api/IMetricsConsumer.java|storm-core/src/jvm/org/apache/storm/metric/filter/FilterByMetricName.java|storm-core/src/jvm/org/apache/storm/metric/filter/MetricsFilter.java|storm-core/src/jvm/org/apache/storm/metric/util/DataPointExpander.java|storm-core/src/jvm/org/apache/storm/pacemaker/PacemakerServer.java|storm-core/src/jvm/org/apache/storm/pacemaker/codec/ThriftDecoder.java|storm-core/src/jvm/org/apache/storm/scheduler/resource/RAS_Node.java|storm-core/src/jvm/org/apache/storm/scheduler/resource/strategies/scheduling/DefaultResourceAwareStrategy.java|storm-core/src/jvm/org/apache/storm/security/auth/AuthUtils.java|storm-core/src/jvm/org/apache/storm/spout/ShellSpout.java|storm-core/src/jvm/org/apache/storm/spout/SpoutOutputCollector.java|storm-core/src/jvm/org/apache/storm/task/ShellBolt.java|storm-core/src/jvm/org/apache/storm/topology/BaseConfigurationDeclarer.java|storm-core/src/jvm/org/apache/storm/topology/WindowedBoltExecutor.java|storm-core/src/jvm/org/apache/storm/topology/base/BaseStatefulWindowedBolt.java|storm-core/src/jvm/org/apache/storm/topology/base/BaseWindowedBolt.java|storm-core/src/jvm/org/apache/storm/trident/TridentTopology.java|storm-core/src/jvm/org/apache/storm/trident/graph/Group.java|storm-core/src/jvm/org/apache/storm/trident/operation/DefaultResourceDeclarer.java|storm-core/src/jvm/org/apache/storm/trident/planner/Node.java|storm-core/src/jvm/org/apache/storm/trident/planner/ProcessorNode.java|storm-core/src/jvm/org/apache/storm/trident/spout/PartitionedTridentSpoutExecutor.java|storm-core/src/jvm/org/apache/storm/trident/topology/TridentTopologyBuilder.java|storm-core/src/jvm/org/apache/storm/trident/windowing/WindowTridentProcessor.java|storm-core/src/jvm/org/apache/storm/utils/BatchHelper.java|storm-core/src/jvm/org/apache/storm/utils/DisruptorQueue.java|storm-core/src/jvm/org/apache/storm/utils/TopologySpoutLag.java|storm-core/src/jvm/org/apache/storm/validation/ConfigValidation.java|storm-core/src/jvm/org/apache/storm/windowing/CountEvictionPolicy.java|storm-core/src/jvm/org/apache/storm/windowing/CountTriggerPolicy.java|storm-core/src/jvm/org/apache/storm/windowing/DefaultEvictionContext.java|storm-core/src/jvm/org/apache/storm/windowing/EvictionContext.java|storm-core/src/jvm/org/apache/storm/windowing/EvictionPolicy.java|storm-core/src/jvm/org/apache/storm/windowing/TimeEvictionPolicy.java|storm-core/src/jvm/org/apache/storm/windowing/TimeTriggerPolicy.java|storm-core/src/jvm/org/apache/storm/windowing/WatermarkCountEvictionPolicy.java|storm-core/src/jvm/org/apache/storm/windowing/WatermarkCountTriggerPolicy.java|storm-core/src/jvm/org/apache/storm/windowing/WatermarkTimeTriggerPolicy.java|storm-core/src/jvm/org/apache/storm/zookeeper/LeaderElectorImp.java|storm-core/src/jvm/org/apache/storm/zookeeper/Zookeeper.java|storm-core/test/jvm/org/apache/storm/metric/FakeMetricConsumer.java|storm-core/test/jvm/org/apache/storm/metric/filter/FilterByMetricNameTest.java|storm-core/test/jvm/org/apache/storm/metric/util/DataPointExpanderTest.java|storm-core/test/jvm/org/apache/storm/nimbus/LocalNimbusTest.java|storm-core/test/jvm/org/apache/storm/scheduler/resource/TestResourceAwareScheduler.java|storm-core/test/jvm/org/apache/storm/scheduler/resource/TestUtilsForResourceAwareScheduler.java|storm-core/test/jvm/org/apache/storm/scheduler/resource/strategies/scheduling/TestDefaultResourceAwareStrategy.java|storm-core/test/jvm/org/apache/storm/security/auth/AuthUtilsTest.java|storm-core/test/jvm/org/apache/storm/security/auth/AuthUtilsTestMock.java|storm-core/test/jvm/org/apache/storm/security/auth/ReqContextTest.java|storm-core/test/jvm/org/apache/storm/security/auth/SaslTransportPluginTest.java|storm-core/test/jvm/org/apache/storm/security/auth/ThriftClientTest.java|storm-core/test/jvm/org/apache/storm/security/auth/ThriftServerTest.java|storm-core/test/jvm/org/apache/storm/security/serialization/BlowfishTupleSerializerTest.java|storm-core/test/jvm/org/apache/storm/topology/WindowedBoltExecutorTest.java|storm-core/test/jvm/org/apache/storm/utils/DisruptorQueueTest.java|storm-core/test/jvm/org/apache/storm/utils/ThrowableNestedCauseMatcher.java|storm-core/test/jvm/org/apache/storm/windowing/WindowManagerTest.java",98,true,"0.9.3",true,"pronto per labeling [IV,FV)"
"STORM-1834",true,"1.0.1|0.10.2",true,"2.0.0|0.10.2|1.0.2|1.1.0",3,0,"",0,false,"",false,"nessuna classe Java nei fixing commit"
"STORM-1832",true,"1.0.0|2.0.0|1.0.1",true,"2.0.0|1.1.0",0,0,"",0,false,"",false,"nessuna classe Java nei fixing commit"
"STORM-1773",true,"1.0.0|2.0.0|1.0.1",true,"2.0.0|1.0.2|1.1.0",2,0,"",0,false,"",false,"nessuna classe Java nei fixing commit"
"STORM-1772",false,"",true,"2.0.0|1.1.0",2,19,"storm-perf/src/main/java/org/apache/storm/perf/ConstSpoutIdBoltNullBoltTopo.java|storm-perf/src/main/java/org/apache/storm/perf/ConstSpoutNullBoltTopo.java|storm-perf/src/main/java/org/apache/storm/perf/ConstSpoutOnlyTopo.java|storm-perf/src/main/java/org/apache/storm/perf/FileReadWordCountTopo.java|storm-perf/src/main/java/org/apache/storm/perf/HdfsSpoutNullBoltTopo.java|storm-perf/src/main/java/org/apache/storm/perf/KafkaHdfsTopo.java|storm-perf/src/main/java/org/apache/storm/perf/KafkaSpoutNullBoltTopo.java|storm-perf/src/main/java/org/apache/storm/perf/StrGenSpoutHdfsBoltTopo.java|storm-perf/src/main/java/org/apache/storm/perf/bolt/CountBolt.java|storm-perf/src/main/java/org/apache/storm/perf/bolt/DevNullBolt.java|storm-perf/src/main/java/org/apache/storm/perf/bolt/IdBolt.java|storm-perf/src/main/java/org/apache/storm/perf/bolt/SplitSentenceBolt.java|storm-perf/src/main/java/org/apache/storm/perf/spout/ConstSpout.java|storm-perf/src/main/java/org/apache/storm/perf/spout/FileReadSpout.java|storm-perf/src/main/java/org/apache/storm/perf/spout/StringGenSpout.java|storm-perf/src/main/java/org/apache/storm/perf/utils/BasicMetricsCollector.java|storm-perf/src/main/java/org/apache/storm/perf/utils/Helper.java|storm-perf/src/main/java/org/apache/storm/perf/utils/IdentityBolt.java|storm-perf/src/main/java/org/apache/storm/perf/utils/MetricsSample.java",0,false,"",true,"SZZ non ha trovato un commit introducente"
"STORM-1771",false,"",true,"2.0.0|1.0.2|1.1.0",2,1,"external/storm-hive/src/main/java/org/apache/storm/hive/trident/HiveState.java",1,true,"0.9.4",true,"pronto per labeling [IV,FV)"
"STORM-1764",false,"",true,"2.0.0|1.0.2|1.1.0",2,2,"storm-core/src/jvm/org/apache/storm/pacemaker/PacemakerServer.java|storm-core/src/jvm/org/apache/storm/pacemaker/codec/ThriftDecoder.java",2,true,"0.10.0",true,"pronto per labeling [IV,FV)"
"STORM-1761",true,"2.0.0|1.0.1",true,"2.0.0|1.0.2|1.1.0",3,0,"",0,false,"",false,"nessuna classe Java nei fixing commit"
"STORM-1756",false,"",true,"2.0.0|1.0.1|1.1.0",3,0,"",0,false,"",false,"nessuna classe Java nei fixing commit"
"STORM-1754",false,"",true,"0.10.2",0,0,"",0,false,"",false,"nessuna classe Java nei fixing commit"
"STORM-1750",true,"0.10.0|1.0.0|2.0.0",true,"2.0.0|0.10.2|1.0.2|1.1.0",5,1,"storm-core/src/jvm/org/apache/storm/cluster/ZKStateStorage.java",2,true,"1.0.0",true,"pronto per labeling [IV,FV)"
"STORM-1749",false,"",true,"2.0.0|1.0.2|1.1.0",3,0,"",0,false,"",false,"nessuna classe Java nei fixing commit"
"STORM-1741",true,"1.0.1",true,"1.0.1",0,0,"",0,false,"",false,"nessuna classe Java nei fixing commit"
"STORM-1737",false,"",true,"2.0.0|1.1.0",4,2,"external/storm-kafka-client/src/main/java/org/apache/storm/kafka/spout/KafkaSpout.java|external/storm-kafka-monitor/src/main/java/org/apache/storm/kafka/monitor/KafkaOffsetLagUtil.java",3,true,"1.0.0",true,"pronto per labeling [IV,FV)"
"STORM-1736",false,"",false,"",0,0,"",0,false,"",false,"nessuna classe Java nei fixing commit"
"STORM-1735",true,"1.0.0|2.0.0",true,"2.0.0|1.0.2|1.1.0",3,0,"",0,false,"",false,"nessuna classe Java nei fixing commit"
"STORM-1733",true,"0.9.3|0.10.0|0.9.4|0.9.5|0.9.6",true,"2.0.0|1.0.1|0.10.2",2,0,"",0,false,"",false,"nessuna classe Java nei fixing commit"
"STORM-1731",true,"1.0.0",true,"0.10.1|1.0.1",0,0,"",0,false,"",false,"nessuna classe Java nei fixing commit"
"STORM-1730",true,"1.0.0",true,"2.0.0|1.1.0|1.0.3",3,1,"storm-core/src/jvm/org/apache/storm/utils/DisruptorQueue.java",1,true,"1.0.0",true,"pronto per labeling [IV,FV)"
"STORM-1729",true,"1.0.0",true,"1.0.1",0,0,"",0,false,"",false,"nessuna classe Java nei fixing commit"
"STORM-1728",true,"1.0.0",true,"2.0.0|1.0.2|1.1.0",2,1,"storm-core/src/jvm/org/apache/storm/trident/spout/PartitionedTridentSpoutExecutor.java",1,true,"1.0.0",true,"pronto per labeling [IV,FV)"
"STORM-1725",true,"1.0.0",true,"1.0.1",3,1,"external/storm-kafka-client/src/main/java/org/apache/storm/kafka/spout/KafkaSpoutRetryExponentialBackoff.java",1,true,"1.0.0",true,"pronto per labeling [IV,FV)"
"STORM-1714",true,"1.0.0|2.0.0",true,"1.0.1",4,5,"storm-core/src/jvm/org/apache/storm/topology/BaseStatefulBoltExecutor.java|storm-core/src/jvm/org/apache/storm/topology/CheckpointTupleForwarder.java|storm-core/src/jvm/org/apache/storm/topology/IStatefulBolt.java|storm-core/src/jvm/org/apache/storm/topology/StatefulBoltExecutor.java|storm-core/src/jvm/org/apache/storm/topology/TopologyBuilder.java",5,true,"1.0.0",true,"pronto per labeling [IV,FV)"
"STORM-1713",false,"",true,"2.0.0|1.0.2|1.1.0",3,1,"external/storm-kafka/src/jvm/org/apache/storm/kafka/StringMultiSchemeWithTopic.java",1,true,"1.0.0",true,"pronto per labeling [IV,FV)"
"STORM-1706",true,"1.0.0",true,"1.0.1",0,0,"",0,false,"",false,"nessuna classe Java nei fixing commit"
"STORM-1704",true,"1.0.0|2.0.0",true,"1.0.1",3,0,"",0,false,"",false,"nessuna classe Java nei fixing commit"
"STORM-1696",true,"1.0.0|2.0.0",true,"2.0.0|1.0.1",3,1,"storm-core/src/jvm/org/apache/storm/utils/DisruptorQueue.java",1,true,"1.0.0",true,"pronto per labeling [IV,FV)"
"STORM-1694",false,"",true,"2.0.0|1.1.0",3,25,"examples/storm-kafka-client-examples/src/main/java/org/apache/storm/kafka/trident/TridentKafkaClientWordCountNamedTopics.java|examples/storm-kafka-client-examples/src/main/java/org/apache/storm/kafka/trident/TridentKafkaClientWordCountWildcardTopics.java|examples/storm-kafka-examples/src/main/java/org/apache/storm/kafka/TridentKafkaTopology.java|examples/storm-kafka-examples/src/main/java/org/apache/storm/kafka/trident/KafkaProducerTopology.java|examples/storm-kafka-examples/src/main/java/org/apache/storm/kafka/trident/LocalSubmitter.java|examples/storm-kafka-examples/src/main/java/org/apache/storm/kafka/trident/TridentKafkaConsumerTopology.java|examples/storm-kafka-examples/src/main/java/org/apache/storm/kafka/trident/TridentKafkaTopology.java|examples/storm-kafka-examples/src/main/java/org/apache/storm/kafka/trident/TridentKafkaWordCount.java|examples/storm-starter/src/jvm/org/apache/storm/starter/trident/DebugMemoryMapState.java|examples/storm-starter/src/jvm/org/apache/storm/starter/trident/TridentKafkaWordCount.java|external/storm-kafka-client/src/main/java/org/apache/storm/kafka/spout/KafkaSpoutStream.java|external/storm-kafka-client/src/main/java/org/apache/storm/kafka/spout/KafkaSpoutStreams.java|external/storm-kafka-client/src/main/java/org/apache/storm/kafka/spout/KafkaSpoutStreamsNamedTopics.java|external/storm-kafka-client/src/main/java/org/apache/storm/kafka/spout/KafkaSpoutStreamsWildcardTopics.java|external/storm-kafka-client/src/main/java/org/apache/storm/kafka/spout/trident/KafkaTridentSpoutBatchMetadata.java|external/storm-kafka-client/src/main/java/org/apache/storm/kafka/spout/trident/KafkaTridentSpoutEmitter.java|external/storm-kafka-client/src/main/java/org/apache/storm/kafka/spout/trident/KafkaTridentSpoutManager.java|external/storm-kafka-client/src/main/java/org/apache/storm/kafka/spout/trident/KafkaTridentSpoutOpaque.java|external/storm-kafka-client/src/main/java/org/apache/storm/kafka/spout/trident/KafkaTridentSpoutOpaqueCoordinator.java|external/storm-kafka-client/src/main/java/org/apache/storm/kafka/spout/trident/KafkaTridentSpoutTopicPartition.java|external/storm-kafka-client/src/main/java/org/apache/storm/kafka/spout/trident/KafkaTridentSpoutTopicPartitionRegistry.java|external/storm-kafka-client/src/main/java/org/apache/storm/kafka/spout/trident/KafkaTridentSpoutTransactional.java|external/storm-kafka/src/jvm/org/apache/storm/kafka/trident/OpaqueTridentKafkaSpout.java|examples/storm-starter/src/jvm/org/apache/storm/starter/trident/TridentKafkaClientWordCountNamedTopics.java|examples/storm-starter/src/jvm/org/apache/storm/starter/trident/TridentKafkaClientWordCountWildcardTopics.java",4,true,"1.0.0",true,"pronto per labeling [IV,FV)"
"STORM-1693",true,"1.0.0",true,"1.0.1",3,4,"storm-core/src/jvm/org/apache/storm/metric/internal/RateTracker.java|storm-core/src/jvm/org/apache/storm/stats/BoltExecutorStats.java|storm-core/src/jvm/org/apache/storm/stats/SpoutExecutorStats.java|storm-core/src/jvm/org/apache/storm/utils/DisruptorQueue.java",4,true,"1.0.0",true,"pronto per labeling [IV,FV)"
"STORM-1687",true,"1.0.0|2.0.0",true,"2.0.0|1.0.1",3,1,"storm-core/src/jvm/org/apache/storm/stats/StatsUtil.java",1,true,"1.0.0",true,"pronto per labeling [IV,FV)"
"STORM-1683",true,"1.0.0|2.0.0",true,"1.0.1",2,0,"",0,false,"",false,"nessuna classe Java nei fixing commit"
"STORM-1681",true,"1.0.0|2.0.0",true,"2.0.0|1.0.1",3,2,"storm-core/src/jvm/org/apache/storm/scheduler/resource/strategies/scheduling/DefaultResourceAwareStrategy.java|storm-core/test/jvm/org/apache/storm/scheduler/resource/TestResourceAwareScheduler.java",1,true,"1.0.0",true,"pronto per labeling [IV,FV)"
"STORM-1677",true,"1.0.0|2.0.0",true,"1.0.0|2.0.0",3,0,"",0,false,"",false,"nessuna classe Java nei fixing commit"
"STORM-1676",true,"2.0.0",true,"2.0.0",2,1,"storm-core/src/jvm/org/apache/storm/stats/StatsUtil.java",2,true,"1.0.0",true,"pronto per labeling [IV,FV)"
"STORM-1674",true,"0.9.3|0.10.1|1.0.1",true,"2.0.0|1.0.2|1.1.0",2,1,"external/storm-kafka/src/jvm/org/apache/storm/kafka/KafkaConfig.java",1,true,"0.10.1",true,"pronto per labeling [IV,FV)"
"STORM-1673",true,"1.0.0|2.0.0",true,"1.0.0|2.0.0",3,0,"",0,false,"",false,"nessuna classe Java nei fixing commit"
"STORM-1672",true,"2.0.0",true,"2.0.0",3,1,"storm-core/src/jvm/org/apache/storm/stats/StatsUtil.java",2,true,"1.0.0",true,"pronto per labeling [IV,FV)"
"STORM-1670",true,"1.0.0|2.0.0",true,"1.0.0|2.0.0",5,1,"storm-core/src/jvm/org/apache/storm/utils/VersionedStore.java",2,true,"1.0.0",true,"pronto per labeling [IV,FV)"
"STORM-1669",true,"1.0.0|2.0.0",true,"1.0.0|2.0.0",3,1,"external/storm-solr/src/main/java/org/apache/storm/solr/bolt/SolrUpdateBolt.java",4,true,"0.10.0",true,"pronto per labeling [IV,FV)"
"STORM-1668",true,"1.0.0|2.0.0",true,"1.0.0",3,1,"external/flux/flux-core/src/main/java/org/apache/storm/flux/FluxBuilder.java",5,true,"0.9.4",true,"pronto per labeling [IV,FV)"
"STORM-1667",true,"1.0.0",true,"1.0.0",0,0,"",0,false,"",false,"nessuna classe Java nei fixing commit"
"STORM-1666",true,"2.0.0",true,"2.0.0",3,1,"storm-core/src/jvm/org/apache/storm/stats/StatsUtil.java",3,true,"1.0.0",true,"pronto per labeling [IV,FV)"
"STORM-1665",false,"",true,"2.0.0",3,1,"storm-core/src/jvm/org/apache/storm/stats/StatsUtil.java",3,true,"1.0.0",true,"pronto per labeling [IV,FV)"
"STORM-1663",true,"2.0.0",true,"2.0.0",3,1,"storm-core/src/jvm/org/apache/storm/stats/StatsUtil.java",3,true,"1.0.0",true,"pronto per labeling [IV,FV)"
"STORM-1658",false,"",true,"2.0.0|1.0.1",1,0,"",0,false,"",false,"nessuna classe Java nei fixing commit"
"STORM-1655",true,"1.0.0|2.0.0",true,"1.0.0",3,1,"external/flux/flux-core/src/main/java/org/apache/storm/flux/Flux.java",4,true,"0.9.4",true,"pronto per labeling [IV,FV)"
"STORM-1654",true,"1.0.0|2.0.0",true,"1.0.0",4,2,"external/storm-hbase/src/main/java/org/apache/storm/hbase/bolt/AbstractHBaseBolt.java|external/storm-hbase/src/main/java/org/apache/storm/hbase/bolt/HBaseBolt.java",6,true,"0.9.3",true,"pronto per labeling [IV,FV)"
"STORM-1646",false,"",true,"2.0.0|1.1.0|1.0.3",2,1,"external/storm-kafka/src/jvm/org/apache/storm/kafka/ExponentialBackoffMsgRetryManager.java",1,true,"1.0.0",true,"pronto per labeling [IV,FV)"
"STORM-1645",true,"0.10.0",true,"0.10.1",0,0,"",0,false,"",false,"nessuna classe Java nei fixing commit"
"STORM-1642",true,"0.10.0",true,"2.0.0",3,3,"storm-client/src/jvm/org/apache/storm/messaging/netty/NettyUncaughtExceptionHandler.java|storm-client/src/jvm/org/apache/storm/messaging/netty/StormServerHandler.java|storm-client/src/jvm/org/apache/storm/utils/Utils.java",2,true,"1.0.0",true,"pronto per labeling [IV,FV)"
"STORM-1641",false,"",true,"1.0.0",0,0,"",0,false,"",false,"nessuna classe Java nei fixing commit"
"STORM-1637",false,"",true,"1.0.0",0,0,"",0,false,"",false,"nessuna classe Java nei fixing commit"
"STORM-1636",true,"1.0.0|2.0.0",true,"1.0.0|2.0.0",4,57,"examples/storm-starter/src/jvm/org/apache/storm/starter/spout/RandomIntegerSpout.java|examples/storm-starter/src/jvm/storm/starter/StatefulTopology.java|external/storm-kafka/src/jvm/org/apache/storm/kafka/PartitionManager.java|external/storm-mongodb/src/main/java/org/apache/storm/mongodb/bolt/AbstractMongoBolt.java|external/storm-mongodb/src/main/java/org/apache/storm/mongodb/bolt/MongoInsertBolt.java|external/storm-mongodb/src/main/java/org/apache/storm/mongodb/bolt/MongoUpdateBolt.java|external/storm-mongodb/src/main/java/org/apache/storm/mongodb/common/MongoDBClient.java|external/storm-mongodb/src/main/java/org/apache/storm/mongodb/common/QueryFilterCreator.java|external/storm-mongodb/src/main/java/org/apache/storm/mongodb/common/SimpleQueryFilterCreator.java|external/storm-mongodb/src/main/java/org/apache/storm/mongodb/common/mapper/MongoMapper.java|external/storm-mongodb/src/main/java/org/apache/storm/mongodb/common/mapper/SimpleMongoMapper.java|external/storm-mongodb/src/main/java/org/apache/storm/mongodb/common/mapper/SimpleMongoUpdateMapper.java|external/storm-mongodb/src/main/java/org/apache/storm/mongodb/trident/state/MongoState.java|external/storm-mongodb/src/main/java/org/apache/storm/mongodb/trident/state/MongoStateFactory.java|external/storm-mongodb/src/main/java/org/apache/storm/mongodb/trident/state/MongoStateUpdater.java|storm-core/src/jvm/org/apache/storm/blobstore/BlobStore.java|storm-core/src/jvm/org/apache/storm/cluster/IStormClusterState.java|storm-core/src/jvm/org/apache/storm/cluster/StormClusterStateImpl.java|storm-core/src/jvm/org/apache/storm/container/ResourceIsolationInterface.java|storm-core/src/jvm/org/apache/storm/container/cgroup/CgroupManager.java|storm-core/src/jvm/org/apache/storm/coordination/CoordinatedBolt.java|storm-core/src/jvm/org/apache/storm/daemon/Acker.java|storm-core/src/jvm/org/apache/storm/daemon/StormCommon.java|storm-core/src/jvm/org/apache/storm/daemon/supervisor/SupervisorUtils.java|storm-core/src/jvm/org/apache/storm/daemon/supervisor/timer/RunProfilerActions.java|storm-core/src/jvm/org/apache/storm/daemon/supervisor/workermanager/DefaultWorkerManager.java|storm-core/src/jvm/org/apache/storm/scheduler/DefaultScheduler.java|storm-core/src/jvm/org/apache/storm/scheduler/EvenScheduler.java|storm-core/src/jvm/org/apache/storm/scheduler/TopologyDetails.java|storm-core/src/jvm/org/apache/storm/stats/BoltExecutorStats.java|storm-core/src/jvm/org/apache/storm/stats/CommonStats.java|storm-core/src/jvm/org/apache/storm/stats/SpoutExecutorStats.java|storm-core/src/jvm/org/apache/storm/stats/StatsUtil.java|storm-core/src/jvm/org/apache/storm/task/IOutputCollector.java|storm-core/src/jvm/org/apache/storm/task/OutputCollector.java|storm-core/src/jvm/org/apache/storm/topology/BasicOutputCollector.java|storm-core/src/jvm/org/apache/storm/topology/CheckpointTupleForwarder.java|storm-core/src/jvm/org/apache/storm/topology/ComponentConfigurationDeclarer.java|storm-core/src/jvm/org/apache/storm/topology/IBasicOutputCollector.java|storm-core/src/jvm/org/apache/storm/topology/IStatefulBolt.java|storm-core/src/jvm/org/apache/storm/topology/ResourceDeclarer.java|storm-core/src/jvm/org/apache/storm/topology/StatefulBoltExecutor.java|storm-core/src/jvm/org/apache/storm/topology/TopologyBuilder.java|storm-core/src/jvm/org/apache/storm/trident/Stream.java|storm-core/src/jvm/org/apache/storm/trident/TridentState.java|storm-core/src/jvm/org/apache/storm/trident/TridentTopology.java|storm-core/src/jvm/org/apache/storm/trident/graph/Group.java|storm-core/src/jvm/org/apache/storm/trident/operation/DefaultResourceDeclarer.java|storm-core/src/jvm/org/apache/storm/trident/operation/ITridentResource.java|storm-core/src/jvm/org/apache/storm/trident/planner/Node.java|storm-core/src/jvm/org/apache/storm/trident/topology/TridentBoltExecutor.java|storm-core/src/jvm/org/apache/storm/utils/ConfigUtils.java|storm-core/src/jvm/org/apache/storm/utils/Utils.java|storm-core/test/jvm/org/apache/storm/blobstore/BlobStoreTest.java|storm-core/test/jvm/org/apache/storm/cluster/StormClusterStateImplTest.java|storm-core/test/jvm/org/apache/storm/localizer/LocalizerTest.java|storm-core/test/jvm/org/apache/storm/topology/StatefulBoltExecutorTest.java",14,true,"1.0.0",true,"pronto per labeling [IV,FV)"
"STORM-1632",false,"",true,"1.0.0",0,0,"",0,false,"",false,"nessuna classe Java nei fixing commit"
"STORM-1631",false,"",true,"2.0.0",4,57,"examples/storm-starter/src/jvm/org/apache/storm/starter/spout/RandomIntegerSpout.java|examples/storm-starter/src/jvm/storm/starter/StatefulTopology.java|external/storm-kafka/src/jvm/org/apache/storm/kafka/PartitionManager.java|external/storm-mongodb/src/main/java/org/apache/storm/mongodb/bolt/AbstractMongoBolt.java|external/storm-mongodb/src/main/java/org/apache/storm/mongodb/bolt/MongoInsertBolt.java|external/storm-mongodb/src/main/java/org/apache/storm/mongodb/bolt/MongoUpdateBolt.java|external/storm-mongodb/src/main/java/org/apache/storm/mongodb/common/MongoDBClient.java|external/storm-mongodb/src/main/java/org/apache/storm/mongodb/common/QueryFilterCreator.java|external/storm-mongodb/src/main/java/org/apache/storm/mongodb/common/SimpleQueryFilterCreator.java|external/storm-mongodb/src/main/java/org/apache/storm/mongodb/common/mapper/MongoMapper.java|external/storm-mongodb/src/main/java/org/apache/storm/mongodb/common/mapper/SimpleMongoMapper.java|external/storm-mongodb/src/main/java/org/apache/storm/mongodb/common/mapper/SimpleMongoUpdateMapper.java|external/storm-mongodb/src/main/java/org/apache/storm/mongodb/trident/state/MongoState.java|external/storm-mongodb/src/main/java/org/apache/storm/mongodb/trident/state/MongoStateFactory.java|external/storm-mongodb/src/main/java/org/apache/storm/mongodb/trident/state/MongoStateUpdater.java|storm-core/src/jvm/org/apache/storm/blobstore/BlobStore.java|storm-core/src/jvm/org/apache/storm/cluster/IStormClusterState.java|storm-core/src/jvm/org/apache/storm/cluster/StormClusterStateImpl.java|storm-core/src/jvm/org/apache/storm/container/ResourceIsolationInterface.java|storm-core/src/jvm/org/apache/storm/container/cgroup/CgroupManager.java|storm-core/src/jvm/org/apache/storm/coordination/CoordinatedBolt.java|storm-core/src/jvm/org/apache/storm/daemon/Acker.java|storm-core/src/jvm/org/apache/storm/daemon/StormCommon.java|storm-core/src/jvm/org/apache/storm/daemon/supervisor/SupervisorUtils.java|storm-core/src/jvm/org/apache/storm/daemon/supervisor/timer/RunProfilerActions.java|storm-core/src/jvm/org/apache/storm/daemon/supervisor/workermanager/DefaultWorkerManager.java|storm-core/src/jvm/org/apache/storm/scheduler/DefaultScheduler.java|storm-core/src/jvm/org/apache/storm/scheduler/EvenScheduler.java|storm-core/src/jvm/org/apache/storm/scheduler/TopologyDetails.java|storm-core/src/jvm/org/apache/storm/stats/BoltExecutorStats.java|storm-core/src/jvm/org/apache/storm/stats/CommonStats.java|storm-core/src/jvm/org/apache/storm/stats/SpoutExecutorStats.java|storm-core/src/jvm/org/apache/storm/stats/StatsUtil.java|storm-core/src/jvm/org/apache/storm/task/IOutputCollector.java|storm-core/src/jvm/org/apache/storm/task/OutputCollector.java|storm-core/src/jvm/org/apache/storm/topology/BasicOutputCollector.java|storm-core/src/jvm/org/apache/storm/topology/CheckpointTupleForwarder.java|storm-core/src/jvm/org/apache/storm/topology/ComponentConfigurationDeclarer.java|storm-core/src/jvm/org/apache/storm/topology/IBasicOutputCollector.java|storm-core/src/jvm/org/apache/storm/topology/IStatefulBolt.java|storm-core/src/jvm/org/apache/storm/topology/ResourceDeclarer.java|storm-core/src/jvm/org/apache/storm/topology/StatefulBoltExecutor.java|storm-core/src/jvm/org/apache/storm/topology/TopologyBuilder.java|storm-core/src/jvm/org/apache/storm/trident/Stream.java|storm-core/src/jvm/org/apache/storm/trident/TridentState.java|storm-core/src/jvm/org/apache/storm/trident/TridentTopology.java|storm-core/src/jvm/org/apache/storm/trident/graph/Group.java|storm-core/src/jvm/org/apache/storm/trident/operation/DefaultResourceDeclarer.java|storm-core/src/jvm/org/apache/storm/trident/operation/ITridentResource.java|storm-core/src/jvm/org/apache/storm/trident/planner/Node.java|storm-core/src/jvm/org/apache/storm/trident/topology/TridentBoltExecutor.java|storm-core/src/jvm/org/apache/storm/utils/ConfigUtils.java|storm-core/src/jvm/org/apache/storm/utils/Utils.java|storm-core/test/jvm/org/apache/storm/blobstore/BlobStoreTest.java|storm-core/test/jvm/org/apache/storm/cluster/StormClusterStateImplTest.java|storm-core/test/jvm/org/apache/storm/localizer/LocalizerTest.java|storm-core/test/jvm/org/apache/storm/topology/StatefulBoltExecutorTest.java",14,true,"1.0.0",true,"pronto per labeling [IV,FV)"
"STORM-1629",true,"1.0.0|2.0.0",true,"1.0.0",3,0,"",0,false,"",false,"nessuna classe Java nei fixing commit"
"STORM-1625",false,"",true,"1.0.0|2.0.0",3,0,"",0,false,"",false,"nessuna classe Java nei fixing commit"
"STORM-1623",false,"",true,"2.0.0",1,0,"",0,false,"",false,"nessuna classe Java nei fixing commit"
"STORM-1622",false,"",true,"1.0.0",0,0,"",0,false,"",false,"nessuna classe Java nei fixing commit"
"STORM-1620",false,"",true,"1.0.0",3,0,"",0,false,"",false,"nessuna classe Java nei fixing commit"
"STORM-1616",false,"",true,"1.0.0",1,0,"",0,false,"",false,"nessuna classe Java nei fixing commit"
"STORM-1615",false,"",true,"1.0.0|2.0.0",0,0,"",0,false,"",false,"nessuna classe Java nei fixing commit"
"STORM-1614",false,"",true,"1.0.0|2.0.0",4,3,"storm-core/src/jvm/org/apache/storm/cluster/IStormClusterState.java|storm-core/src/jvm/org/apache/storm/cluster/StormClusterStateImpl.java|storm-core/test/jvm/org/apache/storm/cluster/StormClusterStateImplTest.java",3,true,"1.0.0",true,"pronto per labeling [IV,FV)"
"STORM-1609",false,"",true,"1.0.0|2.0.0|0.10.2|1.1.0",2,1,"storm-core/src/jvm/org/apache/storm/messaging/netty/Client.java",0,false,"",true,"SZZ non ha trovato un commit introducente"
"STORM-1608",true,"1.0.0|2.0.0",true,"1.0.0|2.0.0",3,7,"examples/storm-starter/src/jvm/org/apache/storm/starter/spout/RandomIntegerSpout.java|examples/storm-starter/src/jvm/storm/starter/StatefulTopology.java|storm-core/src/jvm/org/apache/storm/topology/CheckpointTupleForwarder.java|storm-core/src/jvm/org/apache/storm/topology/IStatefulBolt.java|storm-core/src/jvm/org/apache/storm/topology/StatefulBoltExecutor.java|storm-core/src/jvm/org/apache/storm/topology/TopologyBuilder.java|storm-core/test/jvm/org/apache/storm/topology/StatefulBoltExecutorTest.java",3,true,"1.0.0",true,"pronto per labeling [IV,FV)"
"STORM-1606",false,"",true,"1.0.0",2,0,"",0,false,"",false,"nessuna classe Java nei fixing commit"
"STORM-1604",true,"1.0.0",true,"1.0.0",0,0,"",0,false,"",false,"nessuna classe Java nei fixing commit"
"STORM-1603",true,"0.10.0",true,"0.10.1",0,0,"",0,false,"",false,"nessuna classe Java nei fixing commit"
"STORM-1602",true,"1.0.0",true,"1.0.0",3,3,"storm-core/src/jvm/org/apache/storm/blobstore/BlobStore.java|storm-core/test/jvm/org/apache/storm/blobstore/BlobStoreTest.java|storm-core/test/jvm/org/apache/storm/localizer/LocalizerTest.java",1,true,"1.0.0",true,"pronto per labeling [IV,FV)"
"STORM-1601",true,"1.0.0|2.0.0",true,"1.0.0",2,1,"storm-core/src/jvm/org/apache/storm/cluster/StormClusterStateImpl.java",1,true,"1.0.0",true,"pronto per labeling [IV,FV)"
"STORM-1596",true,"0.10.0|1.0.0|0.10.1|2.0.0",true,"1.0.0|0.10.1|2.0.0",2,3,"storm-core/src/jvm/org/apache/storm/security/auth/AuthUtils.java|storm-core/src/jvm/org/apache/storm/security/auth/kerberos/AutoTGT.java|storm-core/src/jvm/org/apache/storm/security/auth/kerberos/AutoTGTKrb5LoginModule.java",1,true,"1.0.0",true,"pronto per labeling [IV,FV)"
"STORM-1594",false,"",true,"2.0.0|1.1.0|1.0.3",3,1,"storm-core/src/jvm/org/apache/storm/tuple/Fields.java",1,true,"1.0.0",true,"pronto per labeling [IV,FV)"
"STORM-1592",true,"2.0.0",true,"2.0.0",3,1,"storm-core/src/jvm/org/apache/storm/utils/Utils.java",2,true,"1.0.0",true,"pronto per labeling [IV,FV)"
"STORM-1588",true,"1.0.0",true,"1.0.0|2.0.0",3,0,"",0,false,"",false,"nessuna classe Java nei fixing commit"
"STORM-1587",false,"",true,"1.0.0",2,1,"examples/storm-starter/src/jvm/org/apache/storm/starter/ThroughputVsLatency.java",1,true,"1.0.0",true,"pronto per labeling [IV,FV)"
"STORM-1581",true,"1.0.0",true,"1.0.0",0,0,"",0,false,"",false,"nessuna classe Java nei fixing commit"
"STORM-1579",true,"2.0.0",true,"2.0.0",3,1,"storm-core/src/jvm/org/apache/storm/utils/ConfigUtils.java",1,true,"1.0.0",true,"pronto per labeling [IV,FV)"
"STORM-1578",true,"2.0.0",true,"2.0.0",1,1,"storm-core/test/jvm/org/apache/storm/utils/WorkerBackpressureThreadTest.java",1,true,"1.0.0",true,"pronto per labeling [IV,FV)"
"STORM-1576",true,"1.0.0|2.0.0",true,"1.0.0",3,2,"storm-core/src/jvm/org/apache/storm/topology/TopologyBuilder.java|storm-core/test/jvm/org/apache/storm/topology/TopologyBuilderTest.java",1,true,"1.0.0",true,"pronto per labeling [IV,FV)"
"STORM-1575",true,"1.0.0|2.0.0",true,"2.0.0|1.0.2|1.1.0",2,1,"examples/storm-starter/src/jvm/org/apache/storm/starter/spout/TwitterSampleSpout.java",1,true,"1.0.0",true,"pronto per labeling [IV,FV)"
"STORM-1572",false,"",true,"2.0.0",3,2,"storm-core/src/jvm/org/apache/storm/command/CLI.java|storm-core/test/jvm/org/apache/storm/command/TestCLI.java",4,true,"1.0.0",true,"pronto per labeling [IV,FV)"
"STORM-1567",true,"2.0.0",true,"2.0.0|1.1.0|1.0.3",3,0,"",0,false,"",false,"nessuna classe Java nei fixing commit"
"STORM-1566",true,"2.0.0",true,"2.0.0",3,0,"",0,false,"",false,"nessuna classe Java nei fixing commit"
"STORM-1564",false,"",true,"2.0.0",2,1,"storm-core/test/jvm/org/apache/storm/utils/staticmocking/package-info.java",1,true,"1.0.0",true,"pronto per labeling [IV,FV)"
"STORM-1561",true,"1.0.0|2.0.0",true,"1.0.0|2.0.0",1,0,"",0,false,"",false,"nessuna classe Java nei fixing commit"
"STORM-1558",true,"2.0.0",true,"2.0.0",2,0,"",0,false,"",false,"nessuna classe Java nei fixing commit"
"STORM-1556",true,"1.0.0|2.0.0",true,"1.0.0|2.0.0",2,0,"",0,false,"",false,"nessuna classe Java nei fixing commit"
"STORM-1552",true,"1.0.0|2.0.0",true,"1.0.0",0,0,"",0,false,"",false,"nessuna classe Java nei fixing commit"
"STORM-1545",true,"1.0.0",true,"2.0.0",4,1,"storm-core/src/jvm/org/apache/storm/metric/FileBasedEventLogger.java",2,true,"1.0.0",true,"pronto per labeling [IV,FV)"
"STORM-1544",true,"1.0.0",true,"2.0.0|1.0.1",4,0,"",0,false,"",false,"nessuna classe Java nei fixing commit"
"STORM-1543",true,"0.10.0|1.0.0|0.10.1|2.0.0",true,"1.0.0|2.0.0",1,0,"",0,false,"",false,"nessuna classe Java nei fixing commit"
"STORM-1542",true,"1.0.0",true,"1.0.0",4,37,"external/storm-kafka/src/jvm/org/apache/storm/kafka/IntSerializer.java|external/storm-kafka/src/jvm/org/apache/storm/kafka/PartitionManager.java|external/storm-kafka/src/jvm/org/apache/storm/kafka/trident/TridentKafkaEmitter.java|storm-core/src/jvm/org/apache/storm/Config.java|storm-core/src/jvm/org/apache/storm/ProcessSimulator.java|storm-core/src/jvm/org/apache/storm/callback/Callback.java|storm-core/src/jvm/org/apache/storm/callback/ZKStateChangedCallback.java|storm-core/src/jvm/org/apache/storm/cluster/ClusterState.java|storm-core/src/jvm/org/apache/storm/cluster/ClusterStateContext.java|storm-core/src/jvm/org/apache/storm/cluster/ClusterStateFactory.java|storm-core/src/jvm/org/apache/storm/cluster/ClusterUtils.java|storm-core/src/jvm/org/apache/storm/cluster/ExecutorBeat.java|storm-core/src/jvm/org/apache/storm/cluster/IStateStorage.java|storm-core/src/jvm/org/apache/storm/cluster/IStormClusterState.java|storm-core/src/jvm/org/apache/storm/cluster/PaceMakerStateStorage.java|storm-core/src/jvm/org/apache/storm/cluster/PaceMakerStateStorageFactory.java|storm-core/src/jvm/org/apache/storm/cluster/StateStorageFactory.java|storm-core/src/jvm/org/apache/storm/cluster/StormClusterStateImpl.java|storm-core/src/jvm/org/apache/storm/cluster/ZKStateStorage.java|storm-core/src/jvm/org/apache/storm/cluster/ZKStateStorageFactory.java|storm-core/src/jvm/org/apache/storm/command/CLI.java|storm-core/src/jvm/org/apache/storm/command/Monitor.java|storm-core/src/jvm/org/apache/storm/command/Rebalance.java|storm-core/src/jvm/org/apache/storm/command/SetLogLevel.java|storm-core/src/jvm/org/apache/storm/pacemaker/PacemakerClient.java|storm-core/src/jvm/org/apache/storm/security/auth/ThriftConnectionType.java|storm-core/src/jvm/org/apache/storm/testing/staticmocking/MockedCluster.java|storm-core/src/jvm/org/apache/storm/testing/staticmocking/MockedPaceMakerStateStorageFactory.java|storm-core/src/jvm/org/apache/storm/utils/Time.java|storm-core/src/jvm/org/apache/storm/utils/Utils.java|storm-core/src/jvm/org/apache/storm/zookeeper/Zookeeper.java|storm-core/test/jvm/org/apache/storm/command/RebalanceTest.java|storm-core/test/jvm/org/apache/storm/command/SetLogLevelTest.java|storm-core/test/jvm/org/apache/storm/command/TestCLI.java|storm-core/test/jvm/org/apache/storm/utils/TimeTest.java|storm-core/test/jvm/org/apache/storm/utils/UtilsTest.java|storm-core/test/jvm/org/apache/storm/utils/staticmocking/package-info.java",10,true,"0.10.0",true,"pronto per labeling [IV,FV)"
"STORM-1541",true,"1.0.0|2.0.0",true,"1.0.0|2.0.0",3,0,"",0,false,"",false,"nessuna classe Java nei fixing commit"
"STORM-1540",true,"1.0.0",true,"1.0.0",3,2,"storm-core/src/jvm/org/apache/storm/serialization/SerializationFactory.java|storm-core/src/jvm/org/apache/storm/trident/tuple/ConsList.java",1,true,"1.0.0",true,"pronto per labeling [IV,FV)"
"STORM-1538",false,"",true,"2.0.0",2,1,"storm-core/src/jvm/org/apache/storm/utils/Utils.java",1,true,"1.0.0",true,"pronto per labeling [IV,FV)"
"STORM-1535",true,"0.10.0|0.9.5",true,"0.10.1|2.0.0|1.0.1",4,1,"external/storm-hdfs/src/main/java/org/apache/storm/hdfs/common/security/HdfsSecurityUtil.java",2,true,"0.9.4",true,"pronto per labeling [IV,FV)"
"STORM-1534",true,"1.0.0",true,"1.0.0",3,1,"storm-core/src/jvm/org/apache/storm/validation/ConfigValidation.java",1,true,"1.0.0",true,"pronto per labeling [IV,FV)"
"STORM-1533",true,"0.10.0",true,"1.0.0",2,1,"storm-core/src/jvm/org/apache/storm/validation/ConfigValidation.java",1,true,"1.0.0",true,"pronto per labeling [IV,FV)"
"STORM-1532",false,"",true,"1.0.0|2.0.0",3,1,"storm-core/src/jvm/org/apache/storm/utils/Utils.java",1,true,"1.0.0",true,"pronto per labeling [IV,FV)"
"STORM-1531",false,"",true,"1.0.0",2,0,"",0,false,"",false,"nessuna classe Java nei fixing commit"
"STORM-1530",false,"",true,"1.0.0|2.0.0",0,0,"",0,false,"",false,"nessuna classe Java nei fixing commit"
"STORM-1528",false,"",true,"2.0.0",1,0,"",0,false,"",false,"nessuna classe Java nei fixing commit"
"STORM-1527",false,"",true,"1.0.0",0,0,"",0,false,"",false,"nessuna classe Java nei fixing commit"
"STORM-1526",false,"",true,"1.0.0",3,0,"",0,false,"",false,"nessuna classe Java nei fixing commit"
"STORM-1522",false,"",true,"1.0.0|2.0.0",2,0,"",0,false,"",false,"nessuna classe Java nei fixing commit"
"STORM-1521",true,"0.10.0|0.9.5",true,"2.0.0",2,1,"external/storm-hbase/src/main/java/org/apache/storm/hbase/security/HBaseSecurityUtil.java",2,true,"0.9.2-incubating",true,"pronto per labeling [IV,FV)"
"STORM-1520",true,"1.0.0",true,"1.0.0",4,1,"storm-core/src/jvm/org/apache/storm/utils/StormConnectionStateConverter.java",0,false,"",true,"SZZ non ha trovato un commit introducente"
"STORM-1519",false,"",true,"1.0.0",3,0,"",0,false,"",false,"nessuna classe Java nei fixing commit"
"STORM-1518",false,"",true,"1.0.0",0,0,"",0,false,"",false,"nessuna classe Java nei fixing commit"
"STORM-1517",false,"",true,"1.0.0",4,4,"examples/storm-starter/src/jvm/org/apache/storm/starter/trident/TridentMapExample.java|storm-core/src/jvm/org/apache/storm/trident/Stream.java|storm-core/src/jvm/org/apache/storm/trident/operation/Consumer.java|storm-core/src/jvm/org/apache/storm/trident/operation/impl/ConsumerExecutor.java",0,false,"",true,"SZZ non ha trovato un commit introducente"
"STORM-1516",true,"2.0.0",true,"2.0.0",3,0,"",0,false,"",false,"nessuna classe Java nei fixing commit"
"STORM-1515",true,"0.10.0|0.9.4",true,"2.1.0",2,1,"storm-client/src/jvm/org/apache/storm/utils/LocalState.java",0,false,"",true,"SZZ non ha trovato un commit introducente"
"STORM-1510",false,"",true,"1.0.0",2,0,"",0,false,"",false,"nessuna classe Java nei fixing commit"
"STORM-1504",false,"",true,"1.0.0",2,7,"external/storm-hdfs/src/main/java/org/apache/storm/hdfs/avro/AbstractAvroSerializer.java|external/storm-hdfs/src/main/java/org/apache/storm/hdfs/avro/AvroSchemaRegistry.java|external/storm-hdfs/src/main/java/org/apache/storm/hdfs/avro/AvroUtils.java|external/storm-hdfs/src/main/java/org/apache/storm/hdfs/avro/ConfluentAvroSerializer.java|external/storm-hdfs/src/main/java/org/apache/storm/hdfs/avro/FixedAvroSerializer.java|external/storm-hdfs/src/main/java/org/apache/storm/hdfs/avro/GenericAvroSerializer.java|external/storm-hdfs/src/main/java/org/apache/storm/hdfs/bolt/AvroGenericRecordBolt.java",2,true,"0.10.0",true,"pronto per labeling [IV,FV)"
"STORM-1503",true,"0.10.0|0.10.1",true,"1.0.0",1,0,"",0,false,"",false,"nessuna classe Java nei fixing commit"
"STORM-1499",false,"",true,"1.0.0",4,3,"storm-core/test/jvm/org/apache/storm/trident/TestTridentTopology.java|storm-core/test/jvm/storm/trident/TestTridentTopology.java|storm-core/src/jvm/backtype/storm/spout/RawMultiScheme.java",4,true,"0.9.0.1",true,"pronto per labeling [IV,FV)"
"STORM-1496",true,"1.0.0",true,"1.0.0",2,0,"",0,false,"",false,"nessuna classe Java nei fixing commit"
"STORM-1495",true,"1.0.0",true,"1.0.0",0,0,"",0,false,"",false,"nessuna classe Java nei fixing commit"
"STORM-1493",false,"",true,"1.0.0",0,0,"",0,false,"",false,"nessuna classe Java nei fixing commit"
"STORM-1492",true,"1.0.0",true,"2.0.0",2,1,"storm-client/src/jvm/org/apache/storm/utils/Utils.java",0,false,"",true,"SZZ non ha trovato un commit introducente"
"STORM-1488",true,"1.0.0|2.0.0",true,"1.0.0",2,0,"",0,false,"",false,"nessuna classe Java nei fixing commit"
"STORM-1486",false,"",true,"1.0.0",3,0,"",0,false,"",false,"nessuna classe Java nei fixing commit"
"STORM-1485",false,"",true,"1.0.0",2,8,"storm-core/src/jvm/org/apache/storm/drpc/ReturnResults.java|storm-core/src/jvm/org/apache/storm/messaging/netty/KerberosSaslNettyClient.java|storm-core/src/jvm/org/apache/storm/messaging/netty/KerberosSaslNettyServer.java|storm-core/src/jvm/org/apache/storm/messaging/netty/Login.java|storm-core/src/jvm/org/apache/storm/security/auth/TBackoffConnect.java|storm-core/src/jvm/org/apache/storm/security/auth/ThriftClient.java|storm-core/src/jvm/org/apache/storm/security/auth/kerberos/KerberosSaslTransportPlugin.java|storm-core/src/jvm/org/apache/storm/utils/DRPCClient.java",1,true,"1.0.0",true,"pronto per labeling [IV,FV)"
"STORM-1484",false,"",true,"1.0.0",3,0,"",0,false,"",false,"nessuna classe Java nei fixing commit"
"STORM-1482",false,"",true,"0.10.1",2,1,"external/storm-redis/src/main/java/org/apache/storm/redis/bolt/RedisStoreBolt.java",0,false,"",true,"SZZ non ha trovato un commit introducente"
"STORM-1481",false,"",true,"1.0.0|0.10.1|2.0.0",4,2,"storm-core/src/jvm/org/apache/storm/trident/partition/IndexHashGrouping.java|storm-core/src/jvm/org/apache/storm/utils/Utils.java",1,true,"1.0.0",true,"pronto per labeling [IV,FV)"
"STORM-1478",false,"",true,"1.0.0",3,4,"external/storm-hdfs/src/main/java/org/apache/storm/hdfs/bolt/AbstractHdfsBolt.java|external/storm-hive/src/main/java/org/apache/storm/hive/bolt/HiveBolt.java|external/storm-solr/src/main/java/org/apache/storm/solr/bolt/SolrUpdateBolt.java|storm-core/src/jvm/org/apache/storm/utils/TupleUtils.java",4,true,"0.10.0",true,"pronto per labeling [IV,FV)"
"STORM-1476",true,"1.0.0",true,"1.0.0|2.0.0",3,0,"",0,false,"",false,"nessuna classe Java nei fixing commit"
"STORM-1472",true,"1.0.0",true,"1.0.0",5,1,"storm-core/src/jvm/org/apache/storm/scheduler/Cluster.java",1,true,"1.0.0",true,"pronto per labeling [IV,FV)"
"STORM-1470",true,"1.0.0|2.0.0",true,"1.0.0",4,0,"",0,false,"",false,"nessuna classe Java nei fixing commit"
"STORM-1468",false,"",true,"1.0.0",4,0,"",0,false,"",false,"nessuna classe Java nei fixing commit"
"STORM-1467",false,"",true,"1.0.0",4,0,"",0,false,"",false,"nessuna classe Java nei fixing commit"
"STORM-1466",false,"",true,"1.0.0",4,1,"storm-rename-hack/src/main/java/org/apache/storm/hack/StormShadeRequest.java",1,true,"1.0.0",true,"pronto per labeling [IV,FV)"
"STORM-1463",false,"",true,"1.0.0",2,0,"",0,false,"",false,"nessuna classe Java nei fixing commit"
"STORM-1461",false,"",true,"1.0.0",0,0,"",0,false,"",false,"nessuna classe Java nei fixing commit"
"STORM-1458",false,"",true,"1.0.0",3,0,"",0,false,"",false,"nessuna classe Java nei fixing commit"
"STORM-1457",false,"",true,"1.0.0",2,0,"",0,false,"",false,"nessuna classe Java nei fixing commit"
"STORM-1455",true,"1.0.0",true,"1.0.0",4,4,"external/storm-kafka/src/jvm/org/apache/storm/kafka/KafkaSpout.java|external/storm-kafka/src/jvm/org/apache/storm/kafka/KafkaUtils.java|external/storm-kafka/src/jvm/org/apache/storm/kafka/PartitionManager.java|external/storm-kafka/src/jvm/org/apache/storm/kafka/trident/TridentKafkaEmitter.java",2,true,"1.0.0",true,"pronto per labeling [IV,FV)"
"STORM-1453",true,"1.0.0",true,"1.0.0",5,0,"",0,false,"",false,"nessuna classe Java nei fixing commit"
"STORM-1452",true,"1.0.0",true,"1.0.0",2,1,"storm-core/src/jvm/org/apache/storm/Config.java",1,true,"1.0.0",true,"pronto per labeling [IV,FV)"
"STORM-1449",false,"",true,"1.0.0",2,1,"storm-core/src/jvm/backtype/storm/spout/RawMultiScheme.java",1,true,"0.9.0.1",true,"pronto per labeling [IV,FV)"
"STORM-1445",false,"",true,"1.0.0",0,0,"",0,false,"",false,"nessuna classe Java nei fixing commit"
"STORM-1432",false,"",true,"1.0.0",3,0,"",0,false,"",false,"nessuna classe Java nei fixing commit"
"STORM-1427",true,"1.0.0",true,"1.0.0",5,1,"storm-core/src/jvm/backtype/storm/utils/TupleUtils.java",0,false,"",true,"SZZ non ha trovato un commit introducente"
"STORM-1426",true,"1.0.0",true,"1.0.0",3,1,"storm-core/src/jvm/backtype/storm/messaging/AddressedTuple.java",1,true,"0.10.0",true,"pronto per labeling [IV,FV)"
"STORM-1425",false,"",true,"1.0.0",2,4,"external/storm-hbase/src/main/java/org/apache/storm/hbase/bolt/HBaseBolt.java|external/storm-hbase/src/main/java/org/apache/storm/hbase/bolt/HBaseLookupBolt.java|external/storm-hdfs/src/main/java/org/apache/storm/hdfs/bolt/AbstractHdfsBolt.java|external/storm-hive/src/main/java/org/apache/storm/hive/bolt/HiveBolt.java",0,false,"",true,"SZZ non ha trovato un commit introducente"
"STORM-1424",true,"1.0.0",true,"1.0.0",3,0,"",0,false,"",false,"nessuna classe Java nei fixing commit"
"STORM-1423",true,"0.10.1",true,"1.0.0",3,4,"storm-core/src/jvm/backtype/storm/security/auth/DefaultHttpCredentialsPlugin.java|storm-core/src/jvm/backtype/storm/security/auth/ReqContext.java|storm-core/src/jvm/backtype/storm/security/auth/digest/ServerCallbackHandler.java|storm-core/src/jvm/backtype/storm/utils/NimbusClient.java",2,true,"0.9.4",true,"pronto per labeling [IV,FV)"
"STORM-1422",false,"",true,"1.0.0",3,0,"",0,false,"",false,"nessuna classe Java nei fixing commit"
"STORM-1419",false,"",true,"1.0.0",4,1915,"external/storm-solr/src/main/java/org/apache/storm/solr/bolt/SolrUpdateBolt.java|external/storm-solr/src/main/java/org/apache/storm/solr/config/SolrConfig.java|storm-core/src/jvm/org/apache/storm/utils/TupleUtils.java|examples/storm-starter/src/jvm/org/apache/storm/starter/BasicDRPCTopology.java|examples/storm-starter/src/jvm/org/apache/storm/starter/BlobStoreAPIWordCountTopology.java|examples/storm-starter/src/jvm/org/apache/storm/starter/ExclamationTopology.java|examples/storm-starter/src/jvm/org/apache/storm/starter/FastWordCountTopology.java|examples/storm-starter/src/jvm/org/apache/storm/starter/InOrderDeliveryTest.java|examples/storm-starter/src/jvm/org/apache/storm/starter/ManualDRPC.java|examples/storm-starter/src/jvm/org/apache/storm/starter/MultipleLoggerTopology.java|examples/storm-starter/src/jvm/org/apache/storm/starter/PrintSampleStream.java|examples/storm-starter/src/jvm/org/apache/storm/starter/ReachTopology.java|examples/storm-starter/src/jvm/org/apache/storm/starter/ResourceAwareExampleTopology.java|examples/storm-starter/src/jvm/org/apache/storm/starter/RollingTopWords.java|examples/storm-starter/src/jvm/org/apache/storm/starter/SingleJoinExample.java|examples/storm-starter/src/jvm/org/apache/storm/starter/SkewedRollingTopWords.java|examples/storm-starter/src/jvm/org/apache/storm/starter/SlidingTupleTsTopology.java|examples/storm-starter/src/jvm/org/apache/storm/starter/SlidingWindowTopology.java|examples/storm-starter/src/jvm/org/apache/storm/starter/ThroughputVsLatency.java|examples/storm-starter/src/jvm/org/apache/storm/starter/TransactionalGlobalCount.java|examples/storm-starter/src/jvm/org/apache/storm/starter/TransactionalWords.java|examples/storm-starter/src/jvm/org/apache/storm/starter/WordCountTopology.java|examples/storm-starter/src/jvm/org/apache/storm/starter/WordCountTopologyNode.java|examples/storm-starter/src/jvm/org/apache/storm/starter/bolt/AbstractRankerBolt.java|examples/storm-starter/src/jvm/org/apache/storm/starter/bolt/IntermediateRankingsBolt.java|examples/storm-starter/src/jvm/org/apache/storm/starter/bolt/PrinterBolt.java|examples/storm-starter/src/jvm/org/apache/storm/starter/bolt/RollingCountAggBolt.java|examples/storm-starter/src/jvm/org/apache/storm/starter/bolt/RollingCountBolt.java|examples/storm-starter/src/jvm/org/apache/storm/starter/bolt/SingleJoinBolt.java|examples/storm-starter/src/jvm/org/apache/storm/starter/bolt/SlidingWindowSumBolt.java|examples/storm-starter/src/jvm/org/apache/storm/starter/bolt/TotalRankingsBolt.java|examples/storm-starter/src/jvm/org/apache/storm/starter/spout/RandomIntegerSpout.java|examples/storm-starter/src/jvm/org/apache/storm/starter/spout/RandomSentenceSpout.java|examples/storm-starter/src/jvm/org/apache/storm/starter/spout/TwitterSampleSpout.java|examples/storm-starter/src/jvm/org/apache/storm/starter/tools/NthLastModifiedTimeTracker.java|examples/storm-starter/src/jvm/org/apache/storm/starter/tools/Rankable.java|examples/storm-starter/src/jvm/org/apache/storm/starter/tools/RankableObjectWithFields.java|examples/storm-starter/src/jvm/org/apache/storm/starter/tools/Rankings.java|examples/storm-starter/src/jvm/org/apache/storm/starter/tools/SlidingWindowCounter.java|examples/storm-starter/src/jvm/org/apache/storm/starter/tools/SlotBasedCounter.java|examples/storm-starter/src/jvm/org/apache/storm/starter/trident/TridentKafkaWordCount.java|examples/storm-starter/src/jvm/org/apache/storm/starter/trident/TridentReach.java|examples/storm-starter/src/jvm/org/apache/storm/starter/trident/TridentWordCount.java|examples/storm-starter/src/jvm/org/apache/storm/starter/util/StormRunner.java|examples/storm-starter/src/jvm/storm/starter/BasicDRPCTopology.java|examples/storm-starter/src/jvm/storm/starter/ExclamationTopology.java|examples/storm-starter/src/jvm/storm/starter/FastWordCountTopology.java|examples/storm-starter/src/jvm/storm/starter/InOrderDeliveryTest.java|examples/storm-starter/src/jvm/storm/starter/ManualDRPC.java|examples/storm-starter/src/jvm/storm/starter/MultipleLoggerTopology.java|examples/storm-starter/src/jvm/storm/starter/PrintSampleStream.java|examples/storm-starter/src/jvm/storm/starter/ReachTopology.java|examples/storm-starter/src/jvm/storm/starter/ResourceAwareExampleTopology.java|examples/storm-starter/src/jvm/storm/starter/RollingTopWords.java|examples/storm-starter/src/jvm/storm/starter/SingleJoinExample.java|examples/storm-starter/src/jvm/storm/starter/SkewedRollingTopWords.java|examples/storm-starter/src/jvm/storm/starter/SlidingTupleTsTopology.java|examples/storm-starter/src/jvm/storm/starter/SlidingWindowTopology.java|examples/storm-starter/src/jvm/storm/starter/StatefulTopology.java|examples/storm-starter/src/jvm/storm/starter/ThroughputVsLatency.java|examples/storm-starter/src/jvm/storm/starter/TransactionalGlobalCount.java|examples/storm-starter/src/jvm/storm/starter/TransactionalWords.java|examples/storm-starter/src/jvm/storm/starter/WordCountTopology.java|examples/storm-starter/src/jvm/storm/starter/WordCountTopologyNode.java|examples/storm-starter/src/jvm/storm/starter/bolt/AbstractRankerBolt.java|examples/storm-starter/src/jvm/storm/starter/bolt/IntermediateRankingsBolt.java|examples/storm-starter/src/jvm/storm/starter/bolt/PrinterBolt.java|examples/storm-starter/src/jvm/storm/starter/bolt/RollingCountAggBolt.java|examples/storm-starter/src/jvm/storm/starter/bolt/RollingCountBolt.java|examples/storm-starter/src/jvm/storm/starter/bolt/SingleJoinBolt.java|examples/storm-starter/src/jvm/storm/starter/bolt/SlidingWindowSumBolt.java|examples/storm-starter/src/jvm/storm/starter/bolt/TotalRankingsBolt.java|examples/storm-starter/src/jvm/storm/starter/spout/RandomIntegerSpout.java|examples/storm-starter/src/jvm/storm/starter/spout/RandomSentenceSpout.java|examples/storm-starter/src/jvm/storm/starter/spout/TwitterSampleSpout.java|examples/storm-starter/src/jvm/storm/starter/tools/NthLastModifiedTimeTracker.java|examples/storm-starter/src/jvm/storm/starter/tools/Rankable.java|examples/storm-starter/src/jvm/storm/starter/tools/RankableObjectWithFields.java|examples/storm-starter/src/jvm/storm/starter/tools/Rankings.java|examples/storm-starter/src/jvm/storm/starter/tools/SlidingWindowCounter.java|examples/storm-starter/src/jvm/storm/starter/tools/SlotBasedCounter.java|examples/storm-starter/src/jvm/storm/starter/trident/TridentKafkaWordCount.java|examples/storm-starter/src/jvm/storm/starter/trident/TridentReach.java|examples/storm-starter/src/jvm/storm/starter/trident/TridentWordCount.java|examples/storm-starter/src/jvm/storm/starter/util/StormRunner.java|examples/storm-starter/test/jvm/org/apache/storm/starter/bolt/IntermediateRankingsBoltTest.java|examples/storm-starter/test/jvm/org/apache/storm/starter/bolt/RollingCountBoltTest.java|examples/storm-starter/test/jvm/org/apache/storm/starter/bolt/TotalRankingsBoltTest.java|examples/storm-starter/test/jvm/org/apache/storm/starter/tools/NthLastModifiedTimeTrackerTest.java|examples/storm-starter/test/jvm/org/apache/storm/starter/tools/RankableObjectWithFieldsTest.java|examples/storm-starter/test/jvm/org/apache/storm/starter/tools/RankingsTest.java|examples/storm-starter/test/jvm/org/apache/storm/starter/tools/SlidingWindowCounterTest.java|examples/storm-starter/test/jvm/org/apache/storm/starter/tools/SlotBasedCounterTest.java|examples/storm-starter/test/jvm/storm/starter/bolt/IntermediateRankingsBoltTest.java|examples/storm-starter/test/jvm/storm/starter/bolt/RollingCountBoltTest.java|examples/storm-starter/test/jvm/storm/starter/bolt/TotalRankingsBoltTest.java|examples/storm-starter/test/jvm/storm/starter/tools/NthLastModifiedTimeTrackerTest.java|examples/storm-starter/test/jvm/storm/starter/tools/RankableObjectWithFieldsTest.java|examples/storm-starter/test/jvm/storm/starter/tools/RankingsTest.java|examples/storm-starter/test/jvm/storm/starter/tools/SlidingWindowCounterTest.java|examples/storm-starter/test/jvm/storm/starter/tools/SlotBasedCounterTest.java|external/flux/flux-core/src/main/java/org/apache/storm/flux/Flux.java|external/flux/flux-core/src/main/java/org/apache/storm/flux/FluxBuilder.java|external/flux/flux-core/src/main/java/org/apache/storm/flux/api/TopologySource.java|external/flux/flux-core/src/main/java/org/apache/storm/flux/model/ExecutionContext.java|external/flux/flux-core/src/main/java/org/apache/storm/flux/model/ObjectDef.java|external/flux/flux-core/src/main/java/org/apache/storm/flux/model/TopologyDef.java|external/flux/flux-examples/src/main/java/org/apache/storm/flux/examples/TestPrintBolt.java|external/flux/flux-examples/src/main/java/org/apache/storm/flux/examples/TestWindowBolt.java|external/flux/flux-examples/src/main/java/org/apache/storm/flux/examples/WordCounter.java|external/flux/flux-wrappers/src/main/java/org/apache/storm/flux/wrappers/bolts/FluxShellBolt.java|external/flux/flux-wrappers/src/main/java/org/apache/storm/flux/wrappers/bolts/LogInfoBolt.java|external/flux/flux-wrappers/src/main/java/org/apache/storm/flux/wrappers/spouts/FluxShellSpout.java|external/sql/storm-sql-core/src/jvm/org/apache/storm/sql/StormSql.java|external/sql/storm-sql-core/src/jvm/org/apache/storm/sql/StormSqlImpl.java|external/sql/storm-sql-core/src/jvm/org/apache/storm/sql/StormSqlRunner.java|external/sql/storm-sql-core/src/jvm/org/apache/storm/sql/compiler/backends/standalone/PlanCompiler.java|external/sql/storm-sql-core/src/jvm/org/apache/storm/sql/compiler/backends/trident/PlanCompiler.java|external/sql/storm-sql-core/src/jvm/org/apache/storm/sql/compiler/backends/trident/RelNodeCompiler.java|external/sql/storm-sql-kafka/src/jvm/org/apache/storm/sql/kafka/JsonScheme.java|external/sql/storm-sql-kafka/src/jvm/org/apache/storm/sql/kafka/KafkaDataSourcesProvider.java|external/sql/storm-sql-runtime/src/jvm/org/apache/storm/sql/runtime/AbstractChannelHandler.java|external/sql/storm-sql-runtime/src/jvm/org/apache/storm/sql/runtime/AbstractValuesProcessor.java|external/sql/storm-sql-runtime/src/jvm/org/apache/storm/sql/runtime/ChannelContext.java|external/sql/storm-sql-runtime/src/jvm/org/apache/storm/sql/runtime/ChannelHandler.java|external/sql/storm-sql-runtime/src/jvm/org/apache/storm/sql/runtime/Channels.java|external/sql/storm-sql-runtime/src/jvm/org/apache/storm/sql/runtime/ISqlTridentDataSource.java|external/sql/storm-sql-runtime/src/jvm/org/apache/storm/sql/runtime/trident/AbstractTridentProcessor.java|external/storm-cassandra/src/main/java/org/apache/storm/cassandra/AbstractExecutionResultHandler.java|external/storm-cassandra/src/main/java/org/apache/storm/cassandra/BaseExecutionResultHandler.java|external/storm-cassandra/src/main/java/org/apache/storm/cassandra/DynamicStatementBuilder.java|external/storm-cassandra/src/main/java/org/apache/storm/cassandra/ExecutionResultHandler.java|external/storm-cassandra/src/main/java/org/apache/storm/cassandra/Murmur3StreamGrouping.java|external/storm-cassandra/src/main/java/org/apache/storm/cassandra/bolt/BaseCassandraBolt.java|external/storm-cassandra/src/main/java/org/apache/storm/cassandra/bolt/BatchCassandraWriterBolt.java|external/storm-cassandra/src/main/java/org/apache/storm/cassandra/bolt/CassandraWriterBolt.java|external/storm-cassandra/src/main/java/org/apache/storm/cassandra/bolt/GroupingBatchBuilder.java|external/storm-cassandra/src/main/java/org/apache/storm/cassandra/bolt/PairBatchStatementTuples.java|external/storm-cassandra/src/main/java/org/apache/storm/cassandra/bolt/PairStatementTuple.java|external/storm-cassandra/src/main/java/org/apache/storm/cassandra/client/CassandraConf.java|external/storm-cassandra/src/main/java/org/apache/storm/cassandra/executor/AsyncResultHandler.java|external/storm-cassandra/src/main/java/org/apache/storm/cassandra/executor/ExecutionResultCollector.java|external/storm-cassandra/src/main/java/org/apache/storm/cassandra/executor/impl/BatchAsyncResultHandler.java|external/storm-cassandra/src/main/java/org/apache/storm/cassandra/executor/impl/SingleAsyncResultHandler.java|external/storm-cassandra/src/main/java/org/apache/storm/cassandra/query/BaseCQLStatementTupleMapper.java|external/storm-cassandra/src/main/java/org/apache/storm/cassandra/query/BatchStatementTupleMapper.java|external/storm-cassandra/src/main/java/org/apache/storm/cassandra/query/CQLClauseTupleMapper.java|external/storm-cassandra/src/main/java/org/apache/storm/cassandra/query/CQLResultSetValuesMapper.java|external/storm-cassandra/src/main/java/org/apache/storm/cassandra/query/CQLStatementBuilder.java|external/storm-cassandra/src/main/java/org/apache/storm/cassandra/query/CQLStatementTupleMapper.java|external/storm-cassandra/src/main/java/org/apache/storm/cassandra/query/CQLTableTupleMapper.java|external/storm-cassandra/src/main/java/org/apache/storm/cassandra/query/CQLValuesTupleMapper.java|external/storm-cassandra/src/main/java/org/apache/storm/cassandra/query/Column.java|external/storm-cassandra/src/main/java/org/apache/storm/cassandra/query/ContextQuery.java|external/storm-cassandra/src/main/java/org/apache/storm/cassandra/query/CqlMapper.java|external/storm-cassandra/src/main/java/org/apache/storm/cassandra/query/SimpleCQLStatementTupleMapper.java|external/storm-cassandra/src/main/java/org/apache/storm/cassandra/query/builder/BoundCQLStatementMapperBuilder.java|external/storm-cassandra/src/main/java/org/apache/storm/cassandra/query/builder/SimpleCQLStatementMapperBuilder.java|external/storm-cassandra/src/main/java/org/apache/storm/cassandra/query/impl/BatchCQLStatementTupleMapper.java|external/storm-cassandra/src/main/java/org/apache/storm/cassandra/query/impl/BoundCQLStatementTupleMapper.java|external/storm-cassandra/src/main/java/org/apache/storm/cassandra/query/impl/BoundStatementMapperBuilder.java|external/storm-cassandra/src/main/java/org/apache/storm/cassandra/query/impl/InsertStatementBuilder.java|external/storm-cassandra/src/main/java/org/apache/storm/cassandra/query/impl/PreparedStatementBinder.java|external/storm-cassandra/src/main/java/org/apache/storm/cassandra/query/impl/RoutingKeyGenerator.java|external/storm-cassandra/src/main/java/org/apache/storm/cassandra/query/impl/SimpleCQLStatementMapper.java|external/storm-cassandra/src/main/java/org/apache/storm/cassandra/query/impl/UpdateStatementBuilder.java|external/storm-cassandra/src/main/java/org/apache/storm/cassandra/query/selector/FieldSelector.java|external/storm-cassandra/src/main/java/org/apache/storm/cassandra/trident/state/CassandraQuery.java|external/storm-cassandra/src/main/java/org/apache/storm/cassandra/trident/state/CassandraState.java|external/storm-cassandra/src/main/java/org/apache/storm/cassandra/trident/state/CassandraStateFactory.java|external/storm-cassandra/src/main/java/org/apache/storm/cassandra/trident/state/CassandraStateUpdater.java|external/storm-cassandra/src/main/java/org/apache/storm/cassandra/trident/state/TridentResultSetValuesMapper.java|external/storm-elasticsearch/src/main/java/org/apache/storm/elasticsearch/ElasticsearchGetRequest.java|external/storm-elasticsearch/src/main/java/org/apache/storm/elasticsearch/EsLookupResultOutput.java|external/storm-elasticsearch/src/main/java/org/apache/storm/elasticsearch/bolt/AbstractEsBolt.java|external/storm-elasticsearch/src/main/java/org/apache/storm/elasticsearch/bolt/EsIndexBolt.java|external/storm-elasticsearch/src/main/java/org/apache/storm/elasticsearch/bolt/EsLookupBolt.java|external/storm-elasticsearch/src/main/java/org/apache/storm/elasticsearch/bolt/EsPercolateBolt.java|external/storm-elasticsearch/src/main/java/org/apache/storm/elasticsearch/common/DefaultEsTupleMapper.java|external/storm-elasticsearch/src/main/java/org/apache/storm/elasticsearch/common/EsTupleMapper.java|external/storm-elasticsearch/src/main/java/org/apache/storm/elasticsearch/trident/EsState.java|external/storm-elasticsearch/src/main/java/org/apache/storm/elasticsearch/trident/EsStateFactory.java|external/storm-elasticsearch/src/main/java/org/apache/storm/elasticsearch/trident/EsUpdater.java|external/storm-eventhubs/src/main/java/org/apache/storm/eventhubs/bolt/DefaultEventDataFormat.java|external/storm-eventhubs/src/main/java/org/apache/storm/eventhubs/bolt/EventHubBolt.java|external/storm-eventhubs/src/main/java/org/apache/storm/eventhubs/bolt/IEventDataFormat.java|external/storm-eventhubs/src/main/java/org/apache/storm/eventhubs/samples/EventCount.java|external/storm-eventhubs/src/main/java/org/apache/storm/eventhubs/samples/EventHubLoop.java|external/storm-eventhubs/src/main/java/org/apache/storm/eventhubs/samples/OpaqueTridentEventCount.java|external/storm-eventhubs/src/main/java/org/apache/storm/eventhubs/samples/TransactionalTridentEventCount.java|external/storm-eventhubs/src/main/java/org/apache/storm/eventhubs/samples/bolt/GlobalCountBolt.java|external/storm-eventhubs/src/main/java/org/apache/storm/eventhubs/samples/bolt/PartialCountBolt.java|external/storm-eventhubs/src/main/java/org/apache/storm/eventhubs/spout/EventDataScheme.java|external/storm-eventhubs/src/main/java/org/apache/storm/eventhubs/spout/EventHubReceiverImpl.java|external/storm-eventhubs/src/main/java/org/apache/storm/eventhubs/spout/EventHubSpout.java|external/storm-eventhubs/src/main/java/org/apache/storm/eventhubs/spout/IEventDataScheme.java|external/storm-eventhubs/src/main/java/org/apache/storm/eventhubs/trident/Coordinator.java|external/storm-eventhubs/src/main/java/org/apache/storm/eventhubs/trident/OpaqueTridentEventHubEmitter.java|external/storm-eventhubs/src/main/java/org/apache/storm/eventhubs/trident/OpaqueTridentEventHubSpout.java|external/storm-eventhubs/src/main/java/org/apache/storm/eventhubs/trident/Partition.java|external/storm-eventhubs/src/main/java/org/apache/storm/eventhubs/trident/TransactionalTridentEventHubEmitter.java|external/storm-eventhubs/src/main/java/org/apache/storm/eventhubs/trident/TransactionalTridentEventHubSpout.java|external/storm-hbase/src/main/java/org/apache/storm/hbase/bolt/AbstractHBaseBolt.java|external/storm-hbase/src/main/java/org/apache/storm/hbase/bolt/HBaseBolt.java|external/storm-hbase/src/main/java/org/apache/storm/hbase/bolt/HBaseLookupBolt.java|external/storm-hbase/src/main/java/org/apache/storm/hbase/bolt/mapper/HBaseMapper.java|external/storm-hbase/src/main/java/org/apache/storm/hbase/bolt/mapper/HBaseValueMapper.java|external/storm-hbase/src/main/java/org/apache/storm/hbase/bolt/mapper/SimpleHBaseMapper.java|external/storm-hbase/src/main/java/org/apache/storm/hbase/security/AutoHBase.java|external/storm-hbase/src/main/java/org/apache/storm/hbase/security/HBaseSecurityUtil.java|external/storm-hbase/src/main/java/org/apache/storm/hbase/trident/mapper/SimpleTridentHBaseMapper.java|external/storm-hbase/src/main/java/org/apache/storm/hbase/trident/mapper/TridentHBaseMapper.java|external/storm-hbase/src/main/java/org/apache/storm/hbase/trident/state/HBaseMapState.java|external/storm-hbase/src/main/java/org/apache/storm/hbase/trident/state/HBaseQuery.java|external/storm-hbase/src/main/java/org/apache/storm/hbase/trident/state/HBaseState.java|external/storm-hbase/src/main/java/org/apache/storm/hbase/trident/state/HBaseStateFactory.java|external/storm-hbase/src/main/java/org/apache/storm/hbase/trident/state/HBaseUpdater.java|external/storm-hdfs/src/main/java/org/apache/storm/hdfs/blobstore/HdfsBlobStore.java|external/storm-hdfs/src/main/java/org/apache/storm/hdfs/blobstore/HdfsBlobStoreFile.java|external/storm-hdfs/src/main/java/org/apache/storm/hdfs/blobstore/HdfsBlobStoreImpl.java|external/storm-hdfs/src/main/java/org/apache/storm/hdfs/blobstore/HdfsClientBlobStore.java|external/storm-hdfs/src/main/java/org/apache/storm/hdfs/bolt/AbstractHdfsBolt.java|external/storm-hdfs/src/main/java/org/apache/storm/hdfs/bolt/AvroGenericRecordBolt.java|external/storm-hdfs/src/main/java/org/apache/storm/hdfs/bolt/HdfsBolt.java|external/storm-hdfs/src/main/java/org/apache/storm/hdfs/bolt/SequenceFileBolt.java|external/storm-hdfs/src/main/java/org/apache/storm/hdfs/bolt/format/DefaultFileNameFormat.java|external/storm-hdfs/src/main/java/org/apache/storm/hdfs/bolt/format/DefaultSequenceFormat.java|external/storm-hdfs/src/main/java/org/apache/storm/hdfs/bolt/format/DelimitedRecordFormat.java|external/storm-hdfs/src/main/java/org/apache/storm/hdfs/bolt/format/FileNameFormat.java|external/storm-hdfs/src/main/java/org/apache/storm/hdfs/bolt/format/RecordFormat.java|external/storm-hdfs/src/main/java/org/apache/storm/hdfs/bolt/format/SequenceFormat.java|external/storm-hdfs/src/main/java/org/apache/storm/hdfs/bolt/rotation/FileRotationPolicy.java|external/storm-hdfs/src/main/java/org/apache/storm/hdfs/bolt/rotation/FileSizeRotationPolicy.java|external/storm-hdfs/src/main/java/org/apache/storm/hdfs/bolt/rotation/NoRotationPolicy.java|external/storm-hdfs/src/main/java/org/apache/storm/hdfs/bolt/rotation/TimedRotationPolicy.java|external/storm-hdfs/src/main/java/org/apache/storm/hdfs/bolt/sync/CountSyncPolicy.java|external/storm-hdfs/src/main/java/org/apache/storm/hdfs/bolt/sync/SyncPolicy.java|external/storm-hdfs/src/main/java/org/apache/storm/hdfs/common/security/AutoHDFS.java|external/storm-hdfs/src/main/java/org/apache/storm/hdfs/common/security/HdfsSecurityUtil.java|external/storm-hdfs/src/main/java/org/apache/storm/hdfs/trident/HdfsState.java|external/storm-hdfs/src/main/java/org/apache/storm/hdfs/trident/HdfsStateFactory.java|external/storm-hdfs/src/main/java/org/apache/storm/hdfs/trident/HdfsUpdater.java|external/storm-hdfs/src/main/java/org/apache/storm/hdfs/trident/format/DefaultSequenceFormat.java|external/storm-hdfs/src/main/java/org/apache/storm/hdfs/trident/format/DelimitedRecordFormat.java|external/storm-hdfs/src/main/java/org/apache/storm/hdfs/trident/format/RecordFormat.java|external/storm-hdfs/src/main/java/org/apache/storm/hdfs/trident/format/SequenceFormat.java|external/storm-hdfs/src/main/java/org/apache/storm/hdfs/trident/rotation/FileRotationPolicy.java|external/storm-hdfs/src/main/java/org/apache/storm/hdfs/trident/rotation/FileSizeRotationPolicy.java|external/storm-hdfs/src/main/java/org/apache/storm/hdfs/trident/rotation/NoRotationPolicy.java|external/storm-hdfs/src/main/java/org/apache/storm/hdfs/trident/rotation/TimedRotationPolicy.java|external/storm-hdfs/src/main/java/org/apache/storm/hdfs/trident/sync/CountSyncPolicy.java|external/storm-hdfs/src/main/java/org/apache/storm/hdfs/trident/sync/SyncPolicy.java|external/storm-hive/src/main/java/org/apache/storm/hive/bolt/HiveBolt.java|external/storm-hive/src/main/java/org/apache/storm/hive/bolt/mapper/DelimitedRecordHiveMapper.java|external/storm-hive/src/main/java/org/apache/storm/hive/bolt/mapper/HiveMapper.java|external/storm-hive/src/main/java/org/apache/storm/hive/bolt/mapper/JsonRecordHiveMapper.java|external/storm-hive/src/main/java/org/apache/storm/hive/common/HiveOptions.java|external/storm-hive/src/main/java/org/apache/storm/hive/common/HiveWriter.java|external/storm-hive/src/main/java/org/apache/storm/hive/trident/HiveState.java|external/storm-hive/src/main/java/org/apache/storm/hive/trident/HiveStateFactory.java|external/storm-hive/src/main/java/org/apache/storm/hive/trident/HiveUpdater.java|external/storm-jdbc/src/main/java/org/apache/storm/jdbc/bolt/AbstractJdbcBolt.java|external/storm-jdbc/src/main/java/org/apache/storm/jdbc/bolt/JdbcInsertBolt.java|external/storm-jdbc/src/main/java/org/apache/storm/jdbc/bolt/JdbcLookupBolt.java|external/storm-jdbc/src/main/java/org/apache/storm/jdbc/common/ConnectionProvider.java|external/storm-jdbc/src/main/java/org/apache/storm/jdbc/common/HikariCPConnectionProvider.java|external/storm-jdbc/src/main/java/org/apache/storm/jdbc/mapper/JdbcLookupMapper.java|external/storm-jdbc/src/main/java/org/apache/storm/jdbc/mapper/JdbcMapper.java|external/storm-jdbc/src/main/java/org/apache/storm/jdbc/mapper/SimpleJdbcLookupMapper.java|external/storm-jdbc/src/main/java/org/apache/storm/jdbc/mapper/SimpleJdbcMapper.java|external/storm-jdbc/src/main/java/org/apache/storm/jdbc/trident/state/JdbcQuery.java|external/storm-jdbc/src/main/java/org/apache/storm/jdbc/trident/state/JdbcState.java|external/storm-jdbc/src/main/java/org/apache/storm/jdbc/trident/state/JdbcStateFactory.java|external/storm-jdbc/src/main/java/org/apache/storm/jdbc/trident/state/JdbcUpdater.java|external/storm-kafka/src/jvm/org/apache/storm/kafka/Broker.java|external/storm-kafka/src/jvm/org/apache/storm/kafka/BrokerHosts.java|external/storm-kafka/src/jvm/org/apache/storm/kafka/ByteBufferSerializer.java|external/storm-kafka/src/jvm/org/apache/storm/kafka/DynamicBrokersReader.java|external/storm-kafka/src/jvm/org/apache/storm/kafka/DynamicPartitionConnections.java|external/storm-kafka/src/jvm/org/apache/storm/kafka/ExponentialBackoffMsgRetryManager.java|external/storm-kafka/src/jvm/org/apache/storm/kafka/FailedFetchException.java|external/storm-kafka/src/jvm/org/apache/storm/kafka/FailedMsgRetryManager.java|external/storm-kafka/src/jvm/org/apache/storm/kafka/IntSerializer.java|external/storm-kafka/src/jvm/org/apache/storm/kafka/KafkaConfig.java|external/storm-kafka/src/jvm/org/apache/storm/kafka/KafkaError.java|external/storm-kafka/src/jvm/org/apache/storm/kafka/KafkaSpout.java|external/storm-kafka/src/jvm/org/apache/storm/kafka/KafkaUtils.java|external/storm-kafka/src/jvm/org/apache/storm/kafka/KeyValueScheme.java|external/storm-kafka/src/jvm/org/apache/storm/kafka/KeyValueSchemeAsMultiScheme.java|external/storm-kafka/src/jvm/org/apache/storm/kafka/MessageMetadataScheme.java|external/storm-kafka/src/jvm/org/apache/storm/kafka/MessageMetadataSchemeAsMultiScheme.java|external/storm-kafka/src/jvm/org/apache/storm/kafka/Partition.java|external/storm-kafka/src/jvm/org/apache/storm/kafka/PartitionCoordinator.java|external/storm-kafka/src/jvm/org/apache/storm/kafka/PartitionManager.java|external/storm-kafka/src/jvm/org/apache/storm/kafka/SpoutConfig.java|external/storm-kafka/src/jvm/org/apache/storm/kafka/StaticCoordinator.java|external/storm-kafka/src/jvm/org/apache/storm/kafka/StaticHosts.java|external/storm-kafka/src/jvm/org/apache/storm/kafka/StaticPartitionConnections.java|external/storm-kafka/src/jvm/org/apache/storm/kafka/StringKeyValueScheme.java|external/storm-kafka/src/jvm/org/apache/storm/kafka/StringMessageAndMetadataScheme.java|external/storm-kafka/src/jvm/org/apache/storm/kafka/StringMultiSchemeWithTopic.java|external/storm-kafka/src/jvm/org/apache/storm/kafka/StringScheme.java|external/storm-kafka/src/jvm/org/apache/storm/kafka/TopicOffsetOutOfRangeException.java|external/storm-kafka/src/jvm/org/apache/storm/kafka/ZkCoordinator.java|external/storm-kafka/src/jvm/org/apache/storm/kafka/ZkHosts.java|external/storm-kafka/src/jvm/org/apache/storm/kafka/ZkState.java|external/storm-kafka/src/jvm/org/apache/storm/kafka/bolt/KafkaBolt.java|external/storm-kafka/src/jvm/org/apache/storm/kafka/bolt/mapper/FieldNameBasedTupleToKafkaMapper.java|external/storm-kafka/src/jvm/org/apache/storm/kafka/bolt/mapper/TupleToKafkaMapper.java|external/storm-kafka/src/jvm/org/apache/storm/kafka/bolt/selector/DefaultTopicSelector.java|external/storm-kafka/src/jvm/org/apache/storm/kafka/bolt/selector/KafkaTopicSelector.java|external/storm-kafka/src/jvm/org/apache/storm/kafka/trident/Coordinator.java|external/storm-kafka/src/jvm/org/apache/storm/kafka/trident/DefaultCoordinator.java|external/storm-kafka/src/jvm/org/apache/storm/kafka/trident/GlobalPartitionInformation.java|external/storm-kafka/src/jvm/org/apache/storm/kafka/trident/IBatchCoordinator.java|external/storm-kafka/src/jvm/org/apache/storm/kafka/trident/IBrokerReader.java|external/storm-kafka/src/jvm/org/apache/storm/kafka/trident/MaxMetric.java|external/storm-kafka/src/jvm/org/apache/storm/kafka/trident/OpaqueTridentKafkaSpout.java|external/storm-kafka/src/jvm/org/apache/storm/kafka/trident/StaticBrokerReader.java|external/storm-kafka/src/jvm/org/apache/storm/kafka/trident/TransactionalTridentKafkaSpout.java|external/storm-kafka/src/jvm/org/apache/storm/kafka/trident/TridentKafkaConfig.java|external/storm-kafka/src/jvm/org/apache/storm/kafka/trident/TridentKafkaEmitter.java|external/storm-kafka/src/jvm/org/apache/storm/kafka/trident/TridentKafkaState.java|external/storm-kafka/src/jvm/org/apache/storm/kafka/trident/TridentKafkaStateFactory.java|external/storm-kafka/src/jvm/org/apache/storm/kafka/trident/TridentKafkaUpdater.java|external/storm-kafka/src/jvm/org/apache/storm/kafka/trident/ZkBrokerReader.java|external/storm-kafka/src/jvm/org/apache/storm/kafka/trident/mapper/FieldNameBasedTupleToKafkaMapper.java|external/storm-kafka/src/jvm/org/apache/storm/kafka/trident/mapper/TridentTupleToKafkaMapper.java|external/storm-kafka/src/jvm/org/apache/storm/kafka/trident/selector/DefaultTopicSelector.java|external/storm-kafka/src/jvm/org/apache/storm/kafka/trident/selector/KafkaTopicSelector.java|external/storm-kafka/src/jvm/storm/kafka/Broker.java|external/storm-kafka/src/jvm/storm/kafka/BrokerHosts.java|external/storm-kafka/src/jvm/storm/kafka/ByteBufferSerializer.java|external/storm-kafka/src/jvm/storm/kafka/DynamicBrokersReader.java|external/storm-kafka/src/jvm/storm/kafka/DynamicPartitionConnections.java|external/storm-kafka/src/jvm/storm/kafka/ExponentialBackoffMsgRetryManager.java|external/storm-kafka/src/jvm/storm/kafka/FailedFetchException.java|external/storm-kafka/src/jvm/storm/kafka/FailedMsgRetryManager.java|external/storm-kafka/src/jvm/storm/kafka/IntSerializer.java|external/storm-kafka/src/jvm/storm/kafka/KafkaConfig.java|external/storm-kafka/src/jvm/storm/kafka/KafkaError.java|external/storm-kafka/src/jvm/storm/kafka/KafkaSpout.java|external/storm-kafka/src/jvm/storm/kafka/KafkaUtils.java|external/storm-kafka/src/jvm/storm/kafka/KeyValueScheme.java|external/storm-kafka/src/jvm/storm/kafka/KeyValueSchemeAsMultiScheme.java|external/storm-kafka/src/jvm/storm/kafka/MessageMetadataScheme.java|external/storm-kafka/src/jvm/storm/kafka/MessageMetadataSchemeAsMultiScheme.java|external/storm-kafka/src/jvm/storm/kafka/Partition.java|external/storm-kafka/src/jvm/storm/kafka/PartitionCoordinator.java|external/storm-kafka/src/jvm/storm/kafka/PartitionManager.java|external/storm-kafka/src/jvm/storm/kafka/SpoutConfig.java|external/storm-kafka/src/jvm/storm/kafka/StaticCoordinator.java|external/storm-kafka/src/jvm/storm/kafka/StaticHosts.java|external/storm-kafka/src/jvm/storm/kafka/StaticPartitionConnections.java|external/storm-kafka/src/jvm/storm/kafka/StringKeyValueScheme.java|external/storm-kafka/src/jvm/storm/kafka/StringMessageAndMetadataScheme.java|external/storm-kafka/src/jvm/storm/kafka/StringMultiSchemeWithTopic.java|external/storm-kafka/src/jvm/storm/kafka/StringScheme.java|external/storm-kafka/src/jvm/storm/kafka/TopicOffsetOutOfRangeException.java|external/storm-kafka/src/jvm/storm/kafka/ZkCoordinator.java|external/storm-kafka/src/jvm/storm/kafka/ZkHosts.java|external/storm-kafka/src/jvm/storm/kafka/ZkState.java|external/storm-kafka/src/jvm/storm/kafka/bolt/KafkaBolt.java|external/storm-kafka/src/jvm/storm/kafka/bolt/mapper/FieldNameBasedTupleToKafkaMapper.java|external/storm-kafka/src/jvm/storm/kafka/bolt/mapper/TupleToKafkaMapper.java|external/storm-kafka/src/jvm/storm/kafka/bolt/selector/DefaultTopicSelector.java|external/storm-kafka/src/jvm/storm/kafka/bolt/selector/KafkaTopicSelector.java|external/storm-kafka/src/jvm/storm/kafka/trident/Coordinator.java|external/storm-kafka/src/jvm/storm/kafka/trident/DefaultCoordinator.java|external/storm-kafka/src/jvm/storm/kafka/trident/GlobalPartitionInformation.java|external/storm-kafka/src/jvm/storm/kafka/trident/IBatchCoordinator.java|external/storm-kafka/src/jvm/storm/kafka/trident/IBrokerReader.java|external/storm-kafka/src/jvm/storm/kafka/trident/MaxMetric.java|external/storm-kafka/src/jvm/storm/kafka/trident/OpaqueTridentKafkaSpout.java|external/storm-kafka/src/jvm/storm/kafka/trident/StaticBrokerReader.java|external/storm-kafka/src/jvm/storm/kafka/trident/TransactionalTridentKafkaSpout.java|external/storm-kafka/src/jvm/storm/kafka/trident/TridentKafkaConfig.java|external/storm-kafka/src/jvm/storm/kafka/trident/TridentKafkaEmitter.java|external/storm-kafka/src/jvm/storm/kafka/trident/TridentKafkaState.java|external/storm-kafka/src/jvm/storm/kafka/trident/TridentKafkaStateFactory.java|external/storm-kafka/src/jvm/storm/kafka/trident/TridentKafkaUpdater.java|external/storm-kafka/src/jvm/storm/kafka/trident/ZkBrokerReader.java|external/storm-kafka/src/jvm/storm/kafka/trident/mapper/FieldNameBasedTupleToKafkaMapper.java|external/storm-kafka/src/jvm/storm/kafka/trident/mapper/TridentTupleToKafkaMapper.java|external/storm-kafka/src/jvm/storm/kafka/trident/selector/DefaultTopicSelector.java|external/storm-kafka/src/jvm/storm/kafka/trident/selector/KafkaTopicSelector.java|external/storm-metrics/src/main/java/org/apache/storm/metrics/hdrhistogram/HistogramMetric.java|external/storm-metrics/src/main/java/org/apache/storm/metrics/sigar/CPUMetric.java|external/storm-redis/src/main/java/org/apache/storm/redis/bolt/AbstractRedisBolt.java|external/storm-redis/src/main/java/org/apache/storm/redis/bolt/RedisLookupBolt.java|external/storm-redis/src/main/java/org/apache/storm/redis/bolt/RedisStoreBolt.java|external/storm-redis/src/main/java/org/apache/storm/redis/common/config/JedisPoolConfig.java|external/storm-redis/src/main/java/org/apache/storm/redis/common/mapper/RedisLookupMapper.java|external/storm-redis/src/main/java/org/apache/storm/redis/common/mapper/TupleMapper.java|external/storm-redis/src/main/java/org/apache/storm/redis/state/RedisKeyValueState.java|external/storm-redis/src/main/java/org/apache/storm/redis/state/RedisKeyValueStateProvider.java|external/storm-redis/src/main/java/org/apache/storm/redis/trident/state/AbstractRedisMapState.java|external/storm-redis/src/main/java/org/apache/storm/redis/trident/state/AbstractRedisStateQuerier.java|external/storm-redis/src/main/java/org/apache/storm/redis/trident/state/AbstractRedisStateUpdater.java|external/storm-redis/src/main/java/org/apache/storm/redis/trident/state/Options.java|external/storm-redis/src/main/java/org/apache/storm/redis/trident/state/RedisClusterMapState.java|external/storm-redis/src/main/java/org/apache/storm/redis/trident/state/RedisClusterState.java|external/storm-redis/src/main/java/org/apache/storm/redis/trident/state/RedisMapState.java|external/storm-redis/src/main/java/org/apache/storm/redis/trident/state/RedisState.java|external/storm-solr/src/main/java/org/apache/storm/solr/mapper/SolrFieldsMapper.java|external/storm-solr/src/main/java/org/apache/storm/solr/mapper/SolrJsonMapper.java|external/storm-solr/src/main/java/org/apache/storm/solr/mapper/SolrMapper.java|external/storm-solr/src/main/java/org/apache/storm/solr/trident/SolrState.java|external/storm-solr/src/main/java/org/apache/storm/solr/trident/SolrStateFactory.java|external/storm-solr/src/main/java/org/apache/storm/solr/trident/SolrUpdater.java|storm-core/src/jvm/backtype/storm/Config.java|storm-core/src/jvm/backtype/storm/Constants.java|storm-core/src/jvm/backtype/storm/ICredentialsListener.java|storm-core/src/jvm/backtype/storm/ILocalCluster.java|storm-core/src/jvm/backtype/storm/ILocalDRPC.java|storm-core/src/jvm/backtype/storm/ISubmitterHook.java|storm-core/src/jvm/backtype/storm/LogWriter.java|storm-core/src/jvm/backtype/storm/StormSubmitter.java|storm-core/src/jvm/backtype/storm/blobstore/AtomicOutputStream.java|storm-core/src/jvm/backtype/storm/blobstore/BlobKeySequenceInfo.java|storm-core/src/jvm/backtype/storm/blobstore/BlobStore.java|storm-core/src/jvm/backtype/storm/blobstore/BlobStoreAclHandler.java|storm-core/src/jvm/backtype/storm/blobstore/BlobStoreFile.java|storm-core/src/jvm/backtype/storm/blobstore/BlobStoreUtils.java|storm-core/src/jvm/backtype/storm/blobstore/BlobSynchronizer.java|storm-core/src/jvm/backtype/storm/blobstore/ClientBlobStore.java|storm-core/src/jvm/backtype/storm/blobstore/FileBlobStoreImpl.java|storm-core/src/jvm/backtype/storm/blobstore/InputStreamWithMeta.java|storm-core/src/jvm/backtype/storm/blobstore/KeyFilter.java|storm-core/src/jvm/backtype/storm/blobstore/KeySequenceNumber.java|storm-core/src/jvm/backtype/storm/blobstore/LocalFsBlobStore.java|storm-core/src/jvm/backtype/storm/blobstore/LocalFsBlobStoreFile.java|storm-core/src/jvm/backtype/storm/blobstore/NimbusBlobStore.java|storm-core/src/jvm/backtype/storm/clojure/ClojureBolt.java|storm-core/src/jvm/backtype/storm/clojure/ClojureSpout.java|storm-core/src/jvm/backtype/storm/clojure/RichShellBolt.java|storm-core/src/jvm/backtype/storm/clojure/RichShellSpout.java|storm-core/src/jvm/backtype/storm/cluster/ClusterState.java|storm-core/src/jvm/backtype/storm/cluster/ClusterStateContext.java|storm-core/src/jvm/backtype/storm/cluster/ClusterStateFactory.java|storm-core/src/jvm/backtype/storm/cluster/ClusterStateListener.java|storm-core/src/jvm/backtype/storm/cluster/ConnectionState.java|storm-core/src/jvm/backtype/storm/cluster/DaemonType.java|storm-core/src/jvm/backtype/storm/coordination/BatchBoltExecutor.java|storm-core/src/jvm/backtype/storm/coordination/BatchOutputCollector.java|storm-core/src/jvm/backtype/storm/coordination/BatchOutputCollectorImpl.java|storm-core/src/jvm/backtype/storm/coordination/BatchSubtopologyBuilder.java|storm-core/src/jvm/backtype/storm/coordination/CoordinatedBolt.java|storm-core/src/jvm/backtype/storm/coordination/IBatchBolt.java|storm-core/src/jvm/backtype/storm/daemon/Shutdownable.java|storm-core/src/jvm/backtype/storm/drpc/DRPCInvocationsClient.java|storm-core/src/jvm/backtype/storm/drpc/DRPCSpout.java|storm-core/src/jvm/backtype/storm/drpc/JoinResult.java|storm-core/src/jvm/backtype/storm/drpc/KeyedFairBolt.java|storm-core/src/jvm/backtype/storm/drpc/LinearDRPCInputDeclarer.java|storm-core/src/jvm/backtype/storm/drpc/LinearDRPCTopologyBuilder.java|storm-core/src/jvm/backtype/storm/drpc/PrepareRequest.java|storm-core/src/jvm/backtype/storm/drpc/ReturnResults.java|storm-core/src/jvm/backtype/storm/generated/AccessControl.java|storm-core/src/jvm/backtype/storm/generated/AccessControlType.java|storm-core/src/jvm/backtype/storm/generated/AlreadyAliveException.java|storm-core/src/jvm/backtype/storm/generated/Assignment.java|storm-core/src/jvm/backtype/storm/generated/AuthorizationException.java|storm-core/src/jvm/backtype/storm/generated/BeginDownloadResult.java|storm-core/src/jvm/backtype/storm/generated/Bolt.java|storm-core/src/jvm/backtype/storm/generated/BoltAggregateStats.java|storm-core/src/jvm/backtype/storm/generated/BoltStats.java|storm-core/src/jvm/backtype/storm/generated/ClusterSummary.java|storm-core/src/jvm/backtype/storm/generated/ClusterWorkerHeartbeat.java|storm-core/src/jvm/backtype/storm/generated/CommonAggregateStats.java|storm-core/src/jvm/backtype/storm/generated/ComponentAggregateStats.java|storm-core/src/jvm/backtype/storm/generated/ComponentCommon.java|storm-core/src/jvm/backtype/storm/generated/ComponentObject.java|storm-core/src/jvm/backtype/storm/generated/ComponentPageInfo.java|storm-core/src/jvm/backtype/storm/generated/ComponentType.java|storm-core/src/jvm/backtype/storm/generated/Credentials.java|storm-core/src/jvm/backtype/storm/generated/DRPCExecutionException.java|storm-core/src/jvm/backtype/storm/generated/DRPCRequest.java|storm-core/src/jvm/backtype/storm/generated/DebugOptions.java|storm-core/src/jvm/backtype/storm/generated/DistributedRPC.java|storm-core/src/jvm/backtype/storm/generated/DistributedRPCInvocations.java|storm-core/src/jvm/backtype/storm/generated/ErrorInfo.java|storm-core/src/jvm/backtype/storm/generated/ExecutorAggregateStats.java|storm-core/src/jvm/backtype/storm/generated/ExecutorInfo.java|storm-core/src/jvm/backtype/storm/generated/ExecutorSpecificStats.java|storm-core/src/jvm/backtype/storm/generated/ExecutorStats.java|storm-core/src/jvm/backtype/storm/generated/ExecutorSummary.java|storm-core/src/jvm/backtype/storm/generated/GetInfoOptions.java|storm-core/src/jvm/backtype/storm/generated/GlobalStreamId.java|storm-core/src/jvm/backtype/storm/generated/Grouping.java|storm-core/src/jvm/backtype/storm/generated/HBAuthorizationException.java|storm-core/src/jvm/backtype/storm/generated/HBExecutionException.java|storm-core/src/jvm/backtype/storm/generated/HBMessage.java|storm-core/src/jvm/backtype/storm/generated/HBMessageData.java|storm-core/src/jvm/backtype/storm/generated/HBNodes.java|storm-core/src/jvm/backtype/storm/generated/HBPulse.java|storm-core/src/jvm/backtype/storm/generated/HBRecords.java|storm-core/src/jvm/backtype/storm/generated/HBServerMessageType.java|storm-core/src/jvm/backtype/storm/generated/InvalidTopologyException.java|storm-core/src/jvm/backtype/storm/generated/JavaObject.java|storm-core/src/jvm/backtype/storm/generated/JavaObjectArg.java|storm-core/src/jvm/backtype/storm/generated/KeyAlreadyExistsException.java|storm-core/src/jvm/backtype/storm/generated/KeyNotFoundException.java|storm-core/src/jvm/backtype/storm/generated/KillOptions.java|storm-core/src/jvm/backtype/storm/generated/LSApprovedWorkers.java|storm-core/src/jvm/backtype/storm/generated/LSSupervisorAssignments.java|storm-core/src/jvm/backtype/storm/generated/LSSupervisorId.java|storm-core/src/jvm/backtype/storm/generated/LSTopoHistory.java|storm-core/src/jvm/backtype/storm/generated/LSTopoHistoryList.java|storm-core/src/jvm/backtype/storm/generated/LSWorkerHeartbeat.java|storm-core/src/jvm/backtype/storm/generated/ListBlobsResult.java|storm-core/src/jvm/backtype/storm/generated/LocalAssignment.java|storm-core/src/jvm/backtype/storm/generated/LocalStateData.java|storm-core/src/jvm/backtype/storm/generated/LogConfig.java|storm-core/src/jvm/backtype/storm/generated/LogLevel.java|storm-core/src/jvm/backtype/storm/generated/LogLevelAction.java|storm-core/src/jvm/backtype/storm/generated/Nimbus.java|storm-core/src/jvm/backtype/storm/generated/NimbusSummary.java|storm-core/src/jvm/backtype/storm/generated/NodeInfo.java|storm-core/src/jvm/backtype/storm/generated/NotAliveException.java|storm-core/src/jvm/backtype/storm/generated/NullStruct.java|storm-core/src/jvm/backtype/storm/generated/NumErrorsChoice.java|storm-core/src/jvm/backtype/storm/generated/ProfileAction.java|storm-core/src/jvm/backtype/storm/generated/ProfileRequest.java|storm-core/src/jvm/backtype/storm/generated/ReadableBlobMeta.java|storm-core/src/jvm/backtype/storm/generated/RebalanceOptions.java|storm-core/src/jvm/backtype/storm/generated/SettableBlobMeta.java|storm-core/src/jvm/backtype/storm/generated/ShellComponent.java|storm-core/src/jvm/backtype/storm/generated/SpecificAggregateStats.java|storm-core/src/jvm/backtype/storm/generated/SpoutAggregateStats.java|storm-core/src/jvm/backtype/storm/generated/SpoutSpec.java|storm-core/src/jvm/backtype/storm/generated/SpoutStats.java|storm-core/src/jvm/backtype/storm/generated/StateSpoutSpec.java|storm-core/src/jvm/backtype/storm/generated/StormBase.java|storm-core/src/jvm/backtype/storm/generated/StormTopology.java|storm-core/src/jvm/backtype/storm/generated/StreamInfo.java|storm-core/src/jvm/backtype/storm/generated/SubmitOptions.java|storm-core/src/jvm/backtype/storm/generated/SupervisorInfo.java|storm-core/src/jvm/backtype/storm/generated/SupervisorSummary.java|storm-core/src/jvm/backtype/storm/generated/ThriftSerializedObject.java|storm-core/src/jvm/backtype/storm/generated/TopologyActionOptions.java|storm-core/src/jvm/backtype/storm/generated/TopologyHistoryInfo.java|storm-core/src/jvm/backtype/storm/generated/TopologyInfo.java|storm-core/src/jvm/backtype/storm/generated/TopologyInitialStatus.java|storm-core/src/jvm/backtype/storm/generated/TopologyPageInfo.java|storm-core/src/jvm/backtype/storm/generated/TopologyStats.java|storm-core/src/jvm/backtype/storm/generated/TopologyStatus.java|storm-core/src/jvm/backtype/storm/generated/TopologySummary.java|storm-core/src/jvm/backtype/storm/generated/WorkerResources.java|storm-core/src/jvm/backtype/storm/grouping/CustomStreamGrouping.java|storm-core/src/jvm/backtype/storm/grouping/Load.java|storm-core/src/jvm/backtype/storm/grouping/LoadAwareCustomStreamGrouping.java|storm-core/src/jvm/backtype/storm/grouping/LoadAwareShuffleGrouping.java|storm-core/src/jvm/backtype/storm/grouping/LoadMapping.java|storm-core/src/jvm/backtype/storm/grouping/PartialKeyGrouping.java|storm-core/src/jvm/backtype/storm/grouping/ShuffleGrouping.java|storm-core/src/jvm/backtype/storm/hooks/BaseTaskHook.java|storm-core/src/jvm/backtype/storm/hooks/BaseWorkerHook.java|storm-core/src/jvm/backtype/storm/hooks/ITaskHook.java|storm-core/src/jvm/backtype/storm/hooks/IWorkerHook.java|storm-core/src/jvm/backtype/storm/hooks/info/BoltAckInfo.java|storm-core/src/jvm/backtype/storm/hooks/info/BoltExecuteInfo.java|storm-core/src/jvm/backtype/storm/hooks/info/BoltFailInfo.java|storm-core/src/jvm/backtype/storm/hooks/info/EmitInfo.java|storm-core/src/jvm/backtype/storm/hooks/info/SpoutAckInfo.java|storm-core/src/jvm/backtype/storm/hooks/info/SpoutFailInfo.java|storm-core/src/jvm/backtype/storm/localizer/LocalResource.java|storm-core/src/jvm/backtype/storm/localizer/LocalizedResource.java|storm-core/src/jvm/backtype/storm/localizer/LocalizedResourceRetentionSet.java|storm-core/src/jvm/backtype/storm/localizer/LocalizedResourceSet.java|storm-core/src/jvm/backtype/storm/localizer/Localizer.java|storm-core/src/jvm/backtype/storm/logging/ThriftAccessLogger.java|storm-core/src/jvm/backtype/storm/logging/filters/AccessLoggingFilter.java|storm-core/src/jvm/backtype/storm/messaging/AddressedTuple.java|storm-core/src/jvm/backtype/storm/messaging/ConnectionWithStatus.java|storm-core/src/jvm/backtype/storm/messaging/DeserializingConnectionCallback.java|storm-core/src/jvm/backtype/storm/messaging/IConnection.java|storm-core/src/jvm/backtype/storm/messaging/IConnectionCallback.java|storm-core/src/jvm/backtype/storm/messaging/IContext.java|storm-core/src/jvm/backtype/storm/messaging/TaskMessage.java|storm-core/src/jvm/backtype/storm/messaging/TransportFactory.java|storm-core/src/jvm/backtype/storm/messaging/local/Context.java|storm-core/src/jvm/backtype/storm/messaging/netty/Client.java|storm-core/src/jvm/backtype/storm/messaging/netty/Context.java|storm-core/src/jvm/backtype/storm/messaging/netty/ControlMessage.java|storm-core/src/jvm/backtype/storm/messaging/netty/INettySerializable.java|storm-core/src/jvm/backtype/storm/messaging/netty/ISaslClient.java|storm-core/src/jvm/backtype/storm/messaging/netty/ISaslServer.java|storm-core/src/jvm/backtype/storm/messaging/netty/IServer.java|storm-core/src/jvm/backtype/storm/messaging/netty/KerberosSaslClientHandler.java|storm-core/src/jvm/backtype/storm/messaging/netty/KerberosSaslNettyClient.java|storm-core/src/jvm/backtype/storm/messaging/netty/KerberosSaslNettyClientState.java|storm-core/src/jvm/backtype/storm/messaging/netty/KerberosSaslNettyServer.java|storm-core/src/jvm/backtype/storm/messaging/netty/KerberosSaslNettyServerState.java|storm-core/src/jvm/backtype/storm/messaging/netty/KerberosSaslServerHandler.java|storm-core/src/jvm/backtype/storm/messaging/netty/MessageBatch.java|storm-core/src/jvm/backtype/storm/messaging/netty/MessageBuffer.java|storm-core/src/jvm/backtype/storm/messaging/netty/MessageDecoder.java|storm-core/src/jvm/backtype/storm/messaging/netty/MessageEncoder.java|storm-core/src/jvm/backtype/storm/messaging/netty/NettyRenameThreadFactory.java|storm-core/src/jvm/backtype/storm/messaging/netty/NettyUncaughtExceptionHandler.java|storm-core/src/jvm/backtype/storm/messaging/netty/SaslMessageToken.java|storm-core/src/jvm/backtype/storm/messaging/netty/SaslNettyClient.java|storm-core/src/jvm/backtype/storm/messaging/netty/SaslNettyClientState.java|storm-core/src/jvm/backtype/storm/messaging/netty/SaslNettyServer.java|storm-core/src/jvm/backtype/storm/messaging/netty/SaslNettyServerState.java|storm-core/src/jvm/backtype/storm/messaging/netty/SaslStormClientHandler.java|storm-core/src/jvm/backtype/storm/messaging/netty/SaslStormServerAuthorizeHandler.java|storm-core/src/jvm/backtype/storm/messaging/netty/SaslStormServerHandler.java|storm-core/src/jvm/backtype/storm/messaging/netty/SaslUtils.java|storm-core/src/jvm/backtype/storm/messaging/netty/Server.java|storm-core/src/jvm/backtype/storm/messaging/netty/StormClientErrorHandler.java|storm-core/src/jvm/backtype/storm/messaging/netty/StormClientHandler.java|storm-core/src/jvm/backtype/storm/messaging/netty/StormClientPipelineFactory.java|storm-core/src/jvm/backtype/storm/messaging/netty/StormServerHandler.java|storm-core/src/jvm/backtype/storm/messaging/netty/StormServerPipelineFactory.java|storm-core/src/jvm/backtype/storm/metric/EventLoggerBolt.java|storm-core/src/jvm/backtype/storm/metric/FileBasedEventLogger.java|storm-core/src/jvm/backtype/storm/metric/HttpForwardingMetricsConsumer.java|storm-core/src/jvm/backtype/storm/metric/HttpForwardingMetricsServer.java|storm-core/src/jvm/backtype/storm/metric/IEventLogger.java|storm-core/src/jvm/backtype/storm/metric/LoggingMetricsConsumer.java|storm-core/src/jvm/backtype/storm/metric/MetricsConsumerBolt.java|storm-core/src/jvm/backtype/storm/metric/SystemBolt.java|storm-core/src/jvm/backtype/storm/metric/api/AssignableMetric.java|storm-core/src/jvm/backtype/storm/metric/api/CombinedMetric.java|storm-core/src/jvm/backtype/storm/metric/api/CountMetric.java|storm-core/src/jvm/backtype/storm/metric/api/ICombiner.java|storm-core/src/jvm/backtype/storm/metric/api/IMetric.java|storm-core/src/jvm/backtype/storm/metric/api/IMetricsConsumer.java|storm-core/src/jvm/backtype/storm/metric/api/IReducer.java|storm-core/src/jvm/backtype/storm/metric/api/IStatefulObject.java|storm-core/src/jvm/backtype/storm/metric/api/MeanReducer.java|storm-core/src/jvm/backtype/storm/metric/api/MultiCountMetric.java|storm-core/src/jvm/backtype/storm/metric/api/MultiReducedMetric.java|storm-core/src/jvm/backtype/storm/metric/api/ReducedMetric.java|storm-core/src/jvm/backtype/storm/metric/api/StateMetric.java|storm-core/src/jvm/backtype/storm/metric/api/rpc/AssignableShellMetric.java|storm-core/src/jvm/backtype/storm/metric/api/rpc/CombinedShellMetric.java|storm-core/src/jvm/backtype/storm/metric/api/rpc/CountShellMetric.java|storm-core/src/jvm/backtype/storm/metric/api/rpc/IShellMetric.java|storm-core/src/jvm/backtype/storm/metric/api/rpc/ReducedShellMetric.java|storm-core/src/jvm/backtype/storm/metric/internal/CountStatAndMetric.java|storm-core/src/jvm/backtype/storm/metric/internal/LatencyStatAndMetric.java|storm-core/src/jvm/backtype/storm/metric/internal/MetricStatTimer.java|storm-core/src/jvm/backtype/storm/metric/internal/MultiCountStatAndMetric.java|storm-core/src/jvm/backtype/storm/metric/internal/MultiLatencyStatAndMetric.java|storm-core/src/jvm/backtype/storm/metric/internal/RateTracker.java|storm-core/src/jvm/backtype/storm/multilang/BoltMsg.java|storm-core/src/jvm/backtype/storm/multilang/ISerializer.java|storm-core/src/jvm/backtype/storm/multilang/JsonSerializer.java|storm-core/src/jvm/backtype/storm/multilang/NoOutputException.java|storm-core/src/jvm/backtype/storm/multilang/ShellMsg.java|storm-core/src/jvm/backtype/storm/multilang/SpoutMsg.java|storm-core/src/jvm/backtype/storm/networktopography/AbstractDNSToSwitchMapping.java|storm-core/src/jvm/backtype/storm/networktopography/DNSToSwitchMapping.java|storm-core/src/jvm/backtype/storm/networktopography/DefaultRackDNSToSwitchMapping.java|storm-core/src/jvm/backtype/storm/nimbus/DefaultTopologyValidator.java|storm-core/src/jvm/backtype/storm/nimbus/ILeaderElector.java|storm-core/src/jvm/backtype/storm/nimbus/ITopologyActionNotifierPlugin.java|storm-core/src/jvm/backtype/storm/nimbus/ITopologyValidator.java|storm-core/src/jvm/backtype/storm/nimbus/NimbusInfo.java|storm-core/src/jvm/backtype/storm/planner/CompoundSpout.java|storm-core/src/jvm/backtype/storm/planner/CompoundTask.java|storm-core/src/jvm/backtype/storm/planner/TaskBundle.java|storm-core/src/jvm/backtype/storm/scheduler/Cluster.java|storm-core/src/jvm/backtype/storm/scheduler/ExecutorDetails.java|storm-core/src/jvm/backtype/storm/scheduler/INimbus.java|storm-core/src/jvm/backtype/storm/scheduler/IScheduler.java|storm-core/src/jvm/backtype/storm/scheduler/ISupervisor.java|storm-core/src/jvm/backtype/storm/scheduler/SchedulerAssignment.java|storm-core/src/jvm/backtype/storm/scheduler/SchedulerAssignmentImpl.java|storm-core/src/jvm/backtype/storm/scheduler/SupervisorDetails.java|storm-core/src/jvm/backtype/storm/scheduler/Topologies.java|storm-core/src/jvm/backtype/storm/scheduler/TopologyDetails.java|storm-core/src/jvm/backtype/storm/scheduler/WorkerSlot.java|storm-core/src/jvm/backtype/storm/scheduler/multitenant/DefaultPool.java|storm-core/src/jvm/backtype/storm/scheduler/multitenant/FreePool.java|storm-core/src/jvm/backtype/storm/scheduler/multitenant/IsolatedPool.java|storm-core/src/jvm/backtype/storm/scheduler/multitenant/MultitenantScheduler.java|storm-core/src/jvm/backtype/storm/scheduler/multitenant/Node.java|storm-core/src/jvm/backtype/storm/scheduler/multitenant/NodePool.java|storm-core/src/jvm/backtype/storm/scheduler/resource/Component.java|storm-core/src/jvm/backtype/storm/scheduler/resource/RAS_Node.java|storm-core/src/jvm/backtype/storm/scheduler/resource/RAS_Nodes.java|storm-core/src/jvm/backtype/storm/scheduler/resource/ResourceAwareScheduler.java|storm-core/src/jvm/backtype/storm/scheduler/resource/ResourceUtils.java|storm-core/src/jvm/backtype/storm/scheduler/resource/SchedulingResult.java|storm-core/src/jvm/backtype/storm/scheduler/resource/SchedulingStatus.java|storm-core/src/jvm/backtype/storm/scheduler/resource/User.java|storm-core/src/jvm/backtype/storm/scheduler/resource/strategies/eviction/DefaultEvictionStrategy.java|storm-core/src/jvm/backtype/storm/scheduler/resource/strategies/eviction/IEvictionStrategy.java|storm-core/src/jvm/backtype/storm/scheduler/resource/strategies/priority/DefaultSchedulingPriorityStrategy.java|storm-core/src/jvm/backtype/storm/scheduler/resource/strategies/priority/ISchedulingPriorityStrategy.java|storm-core/src/jvm/backtype/storm/scheduler/resource/strategies/scheduling/DefaultResourceAwareStrategy.java|storm-core/src/jvm/backtype/storm/scheduler/resource/strategies/scheduling/IStrategy.java|storm-core/src/jvm/backtype/storm/security/INimbusCredentialPlugin.java|storm-core/src/jvm/backtype/storm/security/auth/AuthUtils.java|storm-core/src/jvm/backtype/storm/security/auth/DefaultHttpCredentialsPlugin.java|storm-core/src/jvm/backtype/storm/security/auth/DefaultPrincipalToLocal.java|storm-core/src/jvm/backtype/storm/security/auth/IAuthorizer.java|storm-core/src/jvm/backtype/storm/security/auth/IAutoCredentials.java|storm-core/src/jvm/backtype/storm/security/auth/ICredentialsRenewer.java|storm-core/src/jvm/backtype/storm/security/auth/IGroupMappingServiceProvider.java|storm-core/src/jvm/backtype/storm/security/auth/IHttpCredentialsPlugin.java|storm-core/src/jvm/backtype/storm/security/auth/IPrincipalToLocal.java|storm-core/src/jvm/backtype/storm/security/auth/ITransportPlugin.java|storm-core/src/jvm/backtype/storm/security/auth/KerberosPrincipalToLocal.java|storm-core/src/jvm/backtype/storm/security/auth/NimbusPrincipal.java|storm-core/src/jvm/backtype/storm/security/auth/ReqContext.java|storm-core/src/jvm/backtype/storm/security/auth/SaslTransportPlugin.java|storm-core/src/jvm/backtype/storm/security/auth/ShellBasedGroupsMapping.java|storm-core/src/jvm/backtype/storm/security/auth/SimpleTransportPlugin.java|storm-core/src/jvm/backtype/storm/security/auth/SingleUserPrincipal.java|storm-core/src/jvm/backtype/storm/security/auth/TBackoffConnect.java|storm-core/src/jvm/backtype/storm/security/auth/ThriftClient.java|storm-core/src/jvm/backtype/storm/security/auth/ThriftConnectionType.java|storm-core/src/jvm/backtype/storm/security/auth/ThriftServer.java|storm-core/src/jvm/backtype/storm/security/auth/authorizer/DRPCAuthorizerBase.java|storm-core/src/jvm/backtype/storm/security/auth/authorizer/DRPCSimpleACLAuthorizer.java|storm-core/src/jvm/backtype/storm/security/auth/authorizer/DenyAuthorizer.java|storm-core/src/jvm/backtype/storm/security/auth/authorizer/ImpersonationAuthorizer.java|storm-core/src/jvm/backtype/storm/security/auth/authorizer/NoopAuthorizer.java|storm-core/src/jvm/backtype/storm/security/auth/authorizer/SimpleACLAuthorizer.java|storm-core/src/jvm/backtype/storm/security/auth/authorizer/SimpleWhitelistAuthorizer.java|storm-core/src/jvm/backtype/storm/security/auth/digest/ClientCallbackHandler.java|storm-core/src/jvm/backtype/storm/security/auth/digest/DigestSaslTransportPlugin.java|storm-core/src/jvm/backtype/storm/security/auth/digest/ServerCallbackHandler.java|storm-core/src/jvm/backtype/storm/security/auth/kerberos/AutoTGT.java|storm-core/src/jvm/backtype/storm/security/auth/kerberos/AutoTGTKrb5LoginModule.java|storm-core/src/jvm/backtype/storm/security/auth/kerberos/AutoTGTKrb5LoginModuleTest.java|storm-core/src/jvm/backtype/storm/security/auth/kerberos/ClientCallbackHandler.java|storm-core/src/jvm/backtype/storm/security/auth/kerberos/KerberosSaslTransportPlugin.java|storm-core/src/jvm/backtype/storm/security/auth/kerberos/NoOpTTrasport.java|storm-core/src/jvm/backtype/storm/security/auth/kerberos/ServerCallbackHandler.java|storm-core/src/jvm/backtype/storm/security/serialization/BlowfishTupleSerializer.java|storm-core/src/jvm/backtype/storm/serialization/DefaultKryoFactory.java|storm-core/src/jvm/backtype/storm/serialization/DefaultSerializationDelegate.java|storm-core/src/jvm/backtype/storm/serialization/GzipBridgeSerializationDelegate.java|storm-core/src/jvm/backtype/storm/serialization/GzipBridgeThriftSerializationDelegate.java|storm-core/src/jvm/backtype/storm/serialization/GzipSerializationDelegate.java|storm-core/src/jvm/backtype/storm/serialization/GzipThriftSerializationDelegate.java|storm-core/src/jvm/backtype/storm/serialization/IKryoDecorator.java|storm-core/src/jvm/backtype/storm/serialization/IKryoFactory.java|storm-core/src/jvm/backtype/storm/serialization/ITupleDeserializer.java|storm-core/src/jvm/backtype/storm/serialization/ITupleSerializer.java|storm-core/src/jvm/backtype/storm/serialization/KryoTupleDeserializer.java|storm-core/src/jvm/backtype/storm/serialization/KryoTupleSerializer.java|storm-core/src/jvm/backtype/storm/serialization/KryoValuesDeserializer.java|storm-core/src/jvm/backtype/storm/serialization/KryoValuesSerializer.java|storm-core/src/jvm/backtype/storm/serialization/SerializableSerializer.java|storm-core/src/jvm/backtype/storm/serialization/SerializationDelegate.java|storm-core/src/jvm/backtype/storm/serialization/SerializationFactory.java|storm-core/src/jvm/backtype/storm/serialization/ThriftSerializationDelegate.java|storm-core/src/jvm/backtype/storm/serialization/types/ArrayListSerializer.java|storm-core/src/jvm/backtype/storm/serialization/types/HashMapSerializer.java|storm-core/src/jvm/backtype/storm/serialization/types/HashSetSerializer.java|storm-core/src/jvm/backtype/storm/serialization/types/ListDelegateSerializer.java|storm-core/src/jvm/backtype/storm/spout/IMultiSchemableSpout.java|storm-core/src/jvm/backtype/storm/spout/ISchemableSpout.java|storm-core/src/jvm/backtype/storm/spout/ISpout.java|storm-core/src/jvm/backtype/storm/spout/ISpoutOutputCollector.java|storm-core/src/jvm/backtype/storm/spout/ISpoutWaitStrategy.java|storm-core/src/jvm/backtype/storm/spout/MultiScheme.java|storm-core/src/jvm/backtype/storm/spout/NothingEmptyEmitStrategy.java|storm-core/src/jvm/backtype/storm/spout/RawMultiScheme.java|storm-core/src/jvm/backtype/storm/spout/RawScheme.java|storm-core/src/jvm/backtype/storm/spout/Scheme.java|storm-core/src/jvm/backtype/storm/spout/SchemeAsMultiScheme.java|storm-core/src/jvm/backtype/storm/spout/ShellSpout.java|storm-core/src/jvm/backtype/storm/spout/SleepSpoutWaitStrategy.java|storm-core/src/jvm/backtype/storm/spout/SpoutOutputCollector.java|storm-core/src/jvm/backtype/storm/state/IStateSpout.java|storm-core/src/jvm/backtype/storm/state/IStateSpoutOutputCollector.java|storm-core/src/jvm/backtype/storm/state/ISubscribedState.java|storm-core/src/jvm/backtype/storm/state/ISynchronizeOutputCollector.java|storm-core/src/jvm/backtype/storm/state/StateSpoutOutputCollector.java|storm-core/src/jvm/backtype/storm/state/SynchronizeOutputCollector.java|storm-core/src/jvm/backtype/storm/task/GeneralTopologyContext.java|storm-core/src/jvm/backtype/storm/task/IBolt.java|storm-core/src/jvm/backtype/storm/task/IErrorReporter.java|storm-core/src/jvm/backtype/storm/task/IMetricsContext.java|storm-core/src/jvm/backtype/storm/task/IOutputCollector.java|storm-core/src/jvm/backtype/storm/task/OutputCollector.java|storm-core/src/jvm/backtype/storm/task/ShellBolt.java|storm-core/src/jvm/backtype/storm/task/TopologyContext.java|storm-core/src/jvm/backtype/storm/task/WorkerTopologyContext.java|storm-core/src/jvm/backtype/storm/testing/AckFailDelegate.java|storm-core/src/jvm/backtype/storm/testing/AckFailMapTracker.java|storm-core/src/jvm/backtype/storm/testing/AckTracker.java|storm-core/src/jvm/backtype/storm/testing/AlternateRackDNSToSwitchMapping.java|storm-core/src/jvm/backtype/storm/testing/BatchNumberList.java|storm-core/src/jvm/backtype/storm/testing/BatchProcessWord.java|storm-core/src/jvm/backtype/storm/testing/BatchRepeatA.java|storm-core/src/jvm/backtype/storm/testing/BoltTracker.java|storm-core/src/jvm/backtype/storm/testing/CompleteTopologyParam.java|storm-core/src/jvm/backtype/storm/testing/CountingBatchBolt.java|storm-core/src/jvm/backtype/storm/testing/CountingCommitBolt.java|storm-core/src/jvm/backtype/storm/testing/FeederSpout.java|storm-core/src/jvm/backtype/storm/testing/FixedTuple.java|storm-core/src/jvm/backtype/storm/testing/FixedTupleSpout.java|storm-core/src/jvm/backtype/storm/testing/ForwardingMetricsConsumer.java|storm-core/src/jvm/backtype/storm/testing/IdentityBolt.java|storm-core/src/jvm/backtype/storm/testing/IntegrationTest.java|storm-core/src/jvm/backtype/storm/testing/KeyedCountingBatchBolt.java|storm-core/src/jvm/backtype/storm/testing/KeyedCountingCommitterBolt.java|storm-core/src/jvm/backtype/storm/testing/KeyedSummingBatchBolt.java|storm-core/src/jvm/backtype/storm/testing/MemoryTransactionalSpout.java|storm-core/src/jvm/backtype/storm/testing/MemoryTransactionalSpoutMeta.java|storm-core/src/jvm/backtype/storm/testing/MkClusterParam.java|storm-core/src/jvm/backtype/storm/testing/MkTupleParam.java|storm-core/src/jvm/backtype/storm/testing/MockedSources.java|storm-core/src/jvm/backtype/storm/testing/NGrouping.java|storm-core/src/jvm/backtype/storm/testing/NonRichBoltTracker.java|storm-core/src/jvm/backtype/storm/testing/OpaqueMemoryTransactionalSpout.java|storm-core/src/jvm/backtype/storm/testing/PrepareBatchBolt.java|storm-core/src/jvm/backtype/storm/testing/PythonShellMetricsBolt.java|storm-core/src/jvm/backtype/storm/testing/PythonShellMetricsSpout.java|storm-core/src/jvm/backtype/storm/testing/SingleUserSimpleTransport.java|storm-core/src/jvm/backtype/storm/testing/SpoutTracker.java|storm-core/src/jvm/backtype/storm/testing/TestAggregatesCounter.java|storm-core/src/jvm/backtype/storm/testing/TestConfBolt.java|storm-core/src/jvm/backtype/storm/testing/TestEventLogSpout.java|storm-core/src/jvm/backtype/storm/testing/TestEventOrderCheckBolt.java|storm-core/src/jvm/backtype/storm/testing/TestGlobalCount.java|storm-core/src/jvm/backtype/storm/testing/TestJob.java|storm-core/src/jvm/backtype/storm/testing/TestKryoDecorator.java|storm-core/src/jvm/backtype/storm/testing/TestPlannerBolt.java|storm-core/src/jvm/backtype/storm/testing/TestPlannerSpout.java|storm-core/src/jvm/backtype/storm/testing/TestSerObject.java|storm-core/src/jvm/backtype/storm/testing/TestWordBytesCounter.java|storm-core/src/jvm/backtype/storm/testing/TestWordCounter.java|storm-core/src/jvm/backtype/storm/testing/TestWordSpout.java|storm-core/src/jvm/backtype/storm/testing/TrackedTopology.java|storm-core/src/jvm/backtype/storm/testing/TupleCaptureBolt.java|storm-core/src/jvm/backtype/storm/topology/BaseConfigurationDeclarer.java|storm-core/src/jvm/backtype/storm/topology/BasicBoltExecutor.java|storm-core/src/jvm/backtype/storm/topology/BasicOutputCollector.java|storm-core/src/jvm/backtype/storm/topology/BoltDeclarer.java|storm-core/src/jvm/backtype/storm/topology/ComponentConfigurationDeclarer.java|storm-core/src/jvm/backtype/storm/topology/FailedException.java|storm-core/src/jvm/backtype/storm/topology/IBasicBolt.java|storm-core/src/jvm/backtype/storm/topology/IBasicOutputCollector.java|storm-core/src/jvm/backtype/storm/topology/IComponent.java|storm-core/src/jvm/backtype/storm/topology/IRichBolt.java|storm-core/src/jvm/backtype/storm/topology/IRichSpout.java|storm-core/src/jvm/backtype/storm/topology/IRichStateSpout.java|storm-core/src/jvm/backtype/storm/topology/IWindowedBolt.java|storm-core/src/jvm/backtype/storm/topology/InputDeclarer.java|storm-core/src/jvm/backtype/storm/topology/OutputFieldsDeclarer.java|storm-core/src/jvm/backtype/storm/topology/OutputFieldsGetter.java|storm-core/src/jvm/backtype/storm/topology/ReportedFailedException.java|storm-core/src/jvm/backtype/storm/topology/SpoutDeclarer.java|storm-core/src/jvm/backtype/storm/topology/TopologyBuilder.java|storm-core/src/jvm/backtype/storm/topology/WindowedBoltExecutor.java|storm-core/src/jvm/backtype/storm/topology/base/BaseBasicBolt.java|storm-core/src/jvm/backtype/storm/topology/base/BaseBatchBolt.java|storm-core/src/jvm/backtype/storm/topology/base/BaseComponent.java|storm-core/src/jvm/backtype/storm/topology/base/BaseOpaquePartitionedTransactionalSpout.java|storm-core/src/jvm/backtype/storm/topology/base/BasePartitionedTransactionalSpout.java|storm-core/src/jvm/backtype/storm/topology/base/BaseRichBolt.java|storm-core/src/jvm/backtype/storm/topology/base/BaseRichSpout.java|storm-core/src/jvm/backtype/storm/topology/base/BaseTransactionalBolt.java|storm-core/src/jvm/backtype/storm/topology/base/BaseTransactionalSpout.java|storm-core/src/jvm/backtype/storm/topology/base/BaseWindowedBolt.java|storm-core/src/jvm/backtype/storm/transactional/ICommitter.java|storm-core/src/jvm/backtype/storm/transactional/ICommitterTransactionalSpout.java|storm-core/src/jvm/backtype/storm/transactional/ITransactionalSpout.java|storm-core/src/jvm/backtype/storm/transactional/TransactionAttempt.java|storm-core/src/jvm/backtype/storm/transactional/TransactionalSpoutBatchExecutor.java|storm-core/src/jvm/backtype/storm/transactional/TransactionalSpoutCoordinator.java|storm-core/src/jvm/backtype/storm/transactional/TransactionalTopologyBuilder.java|storm-core/src/jvm/backtype/storm/transactional/partitioned/IOpaquePartitionedTransactionalSpout.java|storm-core/src/jvm/backtype/storm/transactional/partitioned/IPartitionedTransactionalSpout.java|storm-core/src/jvm/backtype/storm/transactional/partitioned/OpaquePartitionedTransactionalSpoutExecutor.java|storm-core/src/jvm/backtype/storm/transactional/partitioned/PartitionedTransactionalSpoutExecutor.java|storm-core/src/jvm/backtype/storm/transactional/state/RotatingTransactionalState.java|storm-core/src/jvm/backtype/storm/transactional/state/TestTransactionalState.java|storm-core/src/jvm/backtype/storm/transactional/state/TransactionalState.java|storm-core/src/jvm/backtype/storm/tuple/AddressedTuple.java|storm-core/src/jvm/backtype/storm/tuple/Fields.java|storm-core/src/jvm/backtype/storm/tuple/ITuple.java|storm-core/src/jvm/backtype/storm/tuple/MessageId.java|storm-core/src/jvm/backtype/storm/tuple/Tuple.java|storm-core/src/jvm/backtype/storm/tuple/TupleImpl.java|storm-core/src/jvm/backtype/storm/tuple/Values.java|storm-core/src/jvm/backtype/storm/ui/InvalidRequestException.java|storm-core/src/jvm/backtype/storm/utils/BufferFileInputStream.java|storm-core/src/jvm/backtype/storm/utils/BufferInputStream.java|storm-core/src/jvm/backtype/storm/utils/CRC32OutputStream.java|storm-core/src/jvm/backtype/storm/utils/ClojureTimerTask.java|storm-core/src/jvm/backtype/storm/utils/Container.java|storm-core/src/jvm/backtype/storm/utils/DRPCClient.java|storm-core/src/jvm/backtype/storm/utils/DisruptorBackpressureCallback.java|storm-core/src/jvm/backtype/storm/utils/DisruptorQueue.java|storm-core/src/jvm/backtype/storm/utils/ExtendedThreadPoolExecutor.java|storm-core/src/jvm/backtype/storm/utils/IndifferentAccessMap.java|storm-core/src/jvm/backtype/storm/utils/InprocMessaging.java|storm-core/src/jvm/backtype/storm/utils/KeyedRoundRobinQueue.java|storm-core/src/jvm/backtype/storm/utils/ListDelegate.java|storm-core/src/jvm/backtype/storm/utils/LocalState.java|storm-core/src/jvm/backtype/storm/utils/Monitor.java|storm-core/src/jvm/backtype/storm/utils/MutableInt.java|storm-core/src/jvm/backtype/storm/utils/MutableLong.java|storm-core/src/jvm/backtype/storm/utils/MutableObject.java|storm-core/src/jvm/backtype/storm/utils/NimbusClient.java|storm-core/src/jvm/backtype/storm/utils/NimbusLeaderNotFoundException.java|storm-core/src/jvm/backtype/storm/utils/RegisteredGlobalState.java|storm-core/src/jvm/backtype/storm/utils/RotatingMap.java|storm-core/src/jvm/backtype/storm/utils/ServiceRegistry.java|storm-core/src/jvm/backtype/storm/utils/ShellBoltMessageQueue.java|storm-core/src/jvm/backtype/storm/utils/ShellProcess.java|storm-core/src/jvm/backtype/storm/utils/ShellUtils.java|storm-core/src/jvm/backtype/storm/utils/StormBoundedExponentialBackoffRetry.java|storm-core/src/jvm/backtype/storm/utils/TestUtils.java|storm-core/src/jvm/backtype/storm/utils/ThriftTopologyUtils.java|storm-core/src/jvm/backtype/storm/utils/Time.java|storm-core/src/jvm/backtype/storm/utils/TimeCacheMap.java|storm-core/src/jvm/backtype/storm/utils/TransferDrainer.java|storm-core/src/jvm/backtype/storm/utils/Utils.java|storm-core/src/jvm/backtype/storm/utils/VersionInfo.java|storm-core/src/jvm/backtype/storm/utils/VersionedStore.java|storm-core/src/jvm/backtype/storm/utils/WindowedTimeThrottler.java|storm-core/src/jvm/backtype/storm/utils/WorkerBackpressureCallback.java|storm-core/src/jvm/backtype/storm/utils/WorkerBackpressureThread.java|storm-core/src/jvm/backtype/storm/utils/WritableUtils.java|storm-core/src/jvm/backtype/storm/utils/ZookeeperAuthInfo.java|storm-core/src/jvm/backtype/storm/utils/ZookeeperServerCnxnFactory.java|storm-core/src/jvm/backtype/storm/validation/ConfigValidation.java|storm-core/src/jvm/backtype/storm/validation/ConfigValidationAnnotations.java|storm-core/src/jvm/backtype/storm/validation/ConfigValidationUtils.java|storm-core/src/jvm/backtype/storm/windowing/CountEvictionPolicy.java|storm-core/src/jvm/backtype/storm/windowing/CountTriggerPolicy.java|storm-core/src/jvm/backtype/storm/windowing/Event.java|storm-core/src/jvm/backtype/storm/windowing/EventImpl.java|storm-core/src/jvm/backtype/storm/windowing/EvictionPolicy.java|storm-core/src/jvm/backtype/storm/windowing/TimeEvictionPolicy.java|storm-core/src/jvm/backtype/storm/windowing/TimeTriggerPolicy.java|storm-core/src/jvm/backtype/storm/windowing/TriggerHandler.java|storm-core/src/jvm/backtype/storm/windowing/TriggerPolicy.java|storm-core/src/jvm/backtype/storm/windowing/TupleWindow.java|storm-core/src/jvm/backtype/storm/windowing/TupleWindowImpl.java|storm-core/src/jvm/backtype/storm/windowing/WaterMarkEvent.java|storm-core/src/jvm/backtype/storm/windowing/WaterMarkEventGenerator.java|storm-core/src/jvm/backtype/storm/windowing/WatermarkCountEvictionPolicy.java|storm-core/src/jvm/backtype/storm/windowing/WatermarkCountTriggerPolicy.java|storm-core/src/jvm/backtype/storm/windowing/WatermarkTimeEvictionPolicy.java|storm-core/src/jvm/backtype/storm/windowing/WatermarkTimeTriggerPolicy.java|storm-core/src/jvm/backtype/storm/windowing/Window.java|storm-core/src/jvm/backtype/storm/windowing/WindowLifecycleListener.java|storm-core/src/jvm/backtype/storm/windowing/WindowManager.java|storm-core/src/jvm/org/apache/storm/Config.java|storm-core/src/jvm/org/apache/storm/Constants.java|storm-core/src/jvm/org/apache/storm/ICredentialsListener.java|storm-core/src/jvm/org/apache/storm/ILocalCluster.java|storm-core/src/jvm/org/apache/storm/ILocalDRPC.java|storm-core/src/jvm/org/apache/storm/ISubmitterHook.java|storm-core/src/jvm/org/apache/storm/LogWriter.java|storm-core/src/jvm/org/apache/storm/StormSubmitter.java|storm-core/src/jvm/org/apache/storm/blobstore/AtomicOutputStream.java|storm-core/src/jvm/org/apache/storm/blobstore/BlobKeySequenceInfo.java|storm-core/src/jvm/org/apache/storm/blobstore/BlobStore.java|storm-core/src/jvm/org/apache/storm/blobstore/BlobStoreAclHandler.java|storm-core/src/jvm/org/apache/storm/blobstore/BlobStoreFile.java|storm-core/src/jvm/org/apache/storm/blobstore/BlobStoreUtils.java|storm-core/src/jvm/org/apache/storm/blobstore/BlobSynchronizer.java|storm-core/src/jvm/org/apache/storm/blobstore/ClientBlobStore.java|storm-core/src/jvm/org/apache/storm/blobstore/FileBlobStoreImpl.java|storm-core/src/jvm/org/apache/storm/blobstore/InputStreamWithMeta.java|storm-core/src/jvm/org/apache/storm/blobstore/KeyFilter.java|storm-core/src/jvm/org/apache/storm/blobstore/KeySequenceNumber.java|storm-core/src/jvm/org/apache/storm/blobstore/LocalFsBlobStore.java|storm-core/src/jvm/org/apache/storm/blobstore/LocalFsBlobStoreFile.java|storm-core/src/jvm/org/apache/storm/blobstore/NimbusBlobStore.java|storm-core/src/jvm/org/apache/storm/clojure/ClojureBolt.java|storm-core/src/jvm/org/apache/storm/clojure/ClojureSpout.java|storm-core/src/jvm/org/apache/storm/clojure/RichShellBolt.java|storm-core/src/jvm/org/apache/storm/clojure/RichShellSpout.java|storm-core/src/jvm/org/apache/storm/cluster/ClusterState.java|storm-core/src/jvm/org/apache/storm/cluster/ClusterStateContext.java|storm-core/src/jvm/org/apache/storm/cluster/ClusterStateFactory.java|storm-core/src/jvm/org/apache/storm/cluster/ClusterStateListener.java|storm-core/src/jvm/org/apache/storm/cluster/ConnectionState.java|storm-core/src/jvm/org/apache/storm/cluster/DaemonType.java|storm-core/src/jvm/org/apache/storm/coordination/BatchBoltExecutor.java|storm-core/src/jvm/org/apache/storm/coordination/BatchOutputCollector.java|storm-core/src/jvm/org/apache/storm/coordination/BatchOutputCollectorImpl.java|storm-core/src/jvm/org/apache/storm/coordination/BatchSubtopologyBuilder.java|storm-core/src/jvm/org/apache/storm/coordination/CoordinatedBolt.java|storm-core/src/jvm/org/apache/storm/coordination/IBatchBolt.java|storm-core/src/jvm/org/apache/storm/daemon/ClientJarTransformerRunner.java|storm-core/src/jvm/org/apache/storm/daemon/DirectoryCleaner.java|storm-core/src/jvm/org/apache/storm/daemon/JarTransformer.java|storm-core/src/jvm/org/apache/storm/daemon/Shutdownable.java|storm-core/src/jvm/org/apache/storm/drpc/DRPCInvocationsClient.java|storm-core/src/jvm/org/apache/storm/drpc/DRPCSpout.java|storm-core/src/jvm/org/apache/storm/drpc/JoinResult.java|storm-core/src/jvm/org/apache/storm/drpc/KeyedFairBolt.java|storm-core/src/jvm/org/apache/storm/drpc/LinearDRPCInputDeclarer.java|storm-core/src/jvm/org/apache/storm/drpc/LinearDRPCTopologyBuilder.java|storm-core/src/jvm/org/apache/storm/drpc/PrepareRequest.java|storm-core/src/jvm/org/apache/storm/drpc/ReturnResults.java|storm-core/src/jvm/org/apache/storm/generated/AccessControl.java|storm-core/src/jvm/org/apache/storm/generated/AccessControlType.java|storm-core/src/jvm/org/apache/storm/generated/AlreadyAliveException.java|storm-core/src/jvm/org/apache/storm/generated/Assignment.java|storm-core/src/jvm/org/apache/storm/generated/AuthorizationException.java|storm-core/src/jvm/org/apache/storm/generated/BeginDownloadResult.java|storm-core/src/jvm/org/apache/storm/generated/Bolt.java|storm-core/src/jvm/org/apache/storm/generated/BoltAggregateStats.java|storm-core/src/jvm/org/apache/storm/generated/BoltStats.java|storm-core/src/jvm/org/apache/storm/generated/ClusterSummary.java|storm-core/src/jvm/org/apache/storm/generated/ClusterWorkerHeartbeat.java|storm-core/src/jvm/org/apache/storm/generated/CommonAggregateStats.java|storm-core/src/jvm/org/apache/storm/generated/ComponentAggregateStats.java|storm-core/src/jvm/org/apache/storm/generated/ComponentCommon.java|storm-core/src/jvm/org/apache/storm/generated/ComponentObject.java|storm-core/src/jvm/org/apache/storm/generated/ComponentPageInfo.java|storm-core/src/jvm/org/apache/storm/generated/ComponentType.java|storm-core/src/jvm/org/apache/storm/generated/Credentials.java|storm-core/src/jvm/org/apache/storm/generated/DRPCExecutionException.java|storm-core/src/jvm/org/apache/storm/generated/DRPCRequest.java|storm-core/src/jvm/org/apache/storm/generated/DebugOptions.java|storm-core/src/jvm/org/apache/storm/generated/DistributedRPC.java|storm-core/src/jvm/org/apache/storm/generated/DistributedRPCInvocations.java|storm-core/src/jvm/org/apache/storm/generated/ErrorInfo.java|storm-core/src/jvm/org/apache/storm/generated/ExecutorAggregateStats.java|storm-core/src/jvm/org/apache/storm/generated/ExecutorInfo.java|storm-core/src/jvm/org/apache/storm/generated/ExecutorSpecificStats.java|storm-core/src/jvm/org/apache/storm/generated/ExecutorStats.java|storm-core/src/jvm/org/apache/storm/generated/ExecutorSummary.java|storm-core/src/jvm/org/apache/storm/generated/GetInfoOptions.java|storm-core/src/jvm/org/apache/storm/generated/GlobalStreamId.java|storm-core/src/jvm/org/apache/storm/generated/Grouping.java|storm-core/src/jvm/org/apache/storm/generated/HBAuthorizationException.java|storm-core/src/jvm/org/apache/storm/generated/HBExecutionException.java|storm-core/src/jvm/org/apache/storm/generated/HBMessage.java|storm-core/src/jvm/org/apache/storm/generated/HBMessageData.java|storm-core/src/jvm/org/apache/storm/generated/HBNodes.java|storm-core/src/jvm/org/apache/storm/generated/HBPulse.java|storm-core/src/jvm/org/apache/storm/generated/HBRecords.java|storm-core/src/jvm/org/apache/storm/generated/HBServerMessageType.java|storm-core/src/jvm/org/apache/storm/generated/InvalidTopologyException.java|storm-core/src/jvm/org/apache/storm/generated/JavaObject.java|storm-core/src/jvm/org/apache/storm/generated/JavaObjectArg.java|storm-core/src/jvm/org/apache/storm/generated/KeyAlreadyExistsException.java|storm-core/src/jvm/org/apache/storm/generated/KeyNotFoundException.java|storm-core/src/jvm/org/apache/storm/generated/KillOptions.java|storm-core/src/jvm/org/apache/storm/generated/LSApprovedWorkers.java|storm-core/src/jvm/org/apache/storm/generated/LSSupervisorAssignments.java|storm-core/src/jvm/org/apache/storm/generated/LSSupervisorId.java|storm-core/src/jvm/org/apache/storm/generated/LSTopoHistory.java|storm-core/src/jvm/org/apache/storm/generated/LSTopoHistoryList.java|storm-core/src/jvm/org/apache/storm/generated/LSWorkerHeartbeat.java|storm-core/src/jvm/org/apache/storm/generated/ListBlobsResult.java|storm-core/src/jvm/org/apache/storm/generated/LocalAssignment.java|storm-core/src/jvm/org/apache/storm/generated/LocalStateData.java|storm-core/src/jvm/org/apache/storm/generated/LogConfig.java|storm-core/src/jvm/org/apache/storm/generated/LogLevel.java|storm-core/src/jvm/org/apache/storm/generated/LogLevelAction.java|storm-core/src/jvm/org/apache/storm/generated/Nimbus.java|storm-core/src/jvm/org/apache/storm/generated/NimbusSummary.java|storm-core/src/jvm/org/apache/storm/generated/NodeInfo.java|storm-core/src/jvm/org/apache/storm/generated/NotAliveException.java|storm-core/src/jvm/org/apache/storm/generated/NullStruct.java|storm-core/src/jvm/org/apache/storm/generated/NumErrorsChoice.java|storm-core/src/jvm/org/apache/storm/generated/ProfileAction.java|storm-core/src/jvm/org/apache/storm/generated/ProfileRequest.java|storm-core/src/jvm/org/apache/storm/generated/ReadableBlobMeta.java|storm-core/src/jvm/org/apache/storm/generated/RebalanceOptions.java|storm-core/src/jvm/org/apache/storm/generated/SettableBlobMeta.java|storm-core/src/jvm/org/apache/storm/generated/ShellComponent.java|storm-core/src/jvm/org/apache/storm/generated/SpecificAggregateStats.java|storm-core/src/jvm/org/apache/storm/generated/SpoutAggregateStats.java|storm-core/src/jvm/org/apache/storm/generated/SpoutSpec.java|storm-core/src/jvm/org/apache/storm/generated/SpoutStats.java|storm-core/src/jvm/org/apache/storm/generated/StateSpoutSpec.java|storm-core/src/jvm/org/apache/storm/generated/StormBase.java|storm-core/src/jvm/org/apache/storm/generated/StormTopology.java|storm-core/src/jvm/org/apache/storm/generated/StreamInfo.java|storm-core/src/jvm/org/apache/storm/generated/SubmitOptions.java|storm-core/src/jvm/org/apache/storm/generated/SupervisorInfo.java|storm-core/src/jvm/org/apache/storm/generated/SupervisorSummary.java|storm-core/src/jvm/org/apache/storm/generated/ThriftSerializedObject.java|storm-core/src/jvm/org/apache/storm/generated/TopologyActionOptions.java|storm-core/src/jvm/org/apache/storm/generated/TopologyHistoryInfo.java|storm-core/src/jvm/org/apache/storm/generated/TopologyInfo.java|storm-core/src/jvm/org/apache/storm/generated/TopologyInitialStatus.java|storm-core/src/jvm/org/apache/storm/generated/TopologyPageInfo.java|storm-core/src/jvm/org/apache/storm/generated/TopologyStats.java|storm-core/src/jvm/org/apache/storm/generated/TopologyStatus.java|storm-core/src/jvm/org/apache/storm/generated/TopologySummary.java|storm-core/src/jvm/org/apache/storm/generated/WorkerResources.java|storm-core/src/jvm/org/apache/storm/grouping/CustomStreamGrouping.java|storm-core/src/jvm/org/apache/storm/grouping/Load.java|storm-core/src/jvm/org/apache/storm/grouping/LoadAwareCustomStreamGrouping.java|storm-core/src/jvm/org/apache/storm/grouping/LoadAwareShuffleGrouping.java|storm-core/src/jvm/org/apache/storm/grouping/LoadMapping.java|storm-core/src/jvm/org/apache/storm/grouping/PartialKeyGrouping.java|storm-core/src/jvm/org/apache/storm/grouping/ShuffleGrouping.java|storm-core/src/jvm/org/apache/storm/hooks/BaseTaskHook.java|storm-core/src/jvm/org/apache/storm/hooks/BaseWorkerHook.java|storm-core/src/jvm/org/apache/storm/hooks/ITaskHook.java|storm-core/src/jvm/org/apache/storm/hooks/IWorkerHook.java|storm-core/src/jvm/org/apache/storm/hooks/info/BoltAckInfo.java|storm-core/src/jvm/org/apache/storm/hooks/info/BoltExecuteInfo.java|storm-core/src/jvm/org/apache/storm/hooks/info/BoltFailInfo.java|storm-core/src/jvm/org/apache/storm/hooks/info/EmitInfo.java|storm-core/src/jvm/org/apache/storm/hooks/info/SpoutAckInfo.java|storm-core/src/jvm/org/apache/storm/hooks/info/SpoutFailInfo.java|storm-core/src/jvm/org/apache/storm/localizer/LocalResource.java|storm-core/src/jvm/org/apache/storm/localizer/LocalizedResource.java|storm-core/src/jvm/org/apache/storm/localizer/LocalizedResourceRetentionSet.java|storm-core/src/jvm/org/apache/storm/localizer/LocalizedResourceSet.java|storm-core/src/jvm/org/apache/storm/localizer/Localizer.java|storm-core/src/jvm/org/apache/storm/logging/ThriftAccessLogger.java|storm-core/src/jvm/org/apache/storm/logging/filters/AccessLoggingFilter.java|storm-core/src/jvm/org/apache/storm/messaging/ConnectionWithStatus.java|storm-core/src/jvm/org/apache/storm/messaging/DeserializingConnectionCallback.java|storm-core/src/jvm/org/apache/storm/messaging/IConnection.java|storm-core/src/jvm/org/apache/storm/messaging/IConnectionCallback.java|storm-core/src/jvm/org/apache/storm/messaging/IContext.java|storm-core/src/jvm/org/apache/storm/messaging/TaskMessage.java|storm-core/src/jvm/org/apache/storm/messaging/TransportFactory.java|storm-core/src/jvm/org/apache/storm/messaging/local/Context.java|storm-core/src/jvm/org/apache/storm/messaging/netty/Client.java|storm-core/src/jvm/org/apache/storm/messaging/netty/Context.java|storm-core/src/jvm/org/apache/storm/messaging/netty/ControlMessage.java|storm-core/src/jvm/org/apache/storm/messaging/netty/INettySerializable.java|storm-core/src/jvm/org/apache/storm/messaging/netty/ISaslClient.java|storm-core/src/jvm/org/apache/storm/messaging/netty/ISaslServer.java|storm-core/src/jvm/org/apache/storm/messaging/netty/IServer.java|storm-core/src/jvm/org/apache/storm/messaging/netty/KerberosSaslClientHandler.java|storm-core/src/jvm/org/apache/storm/messaging/netty/KerberosSaslNettyClient.java|storm-core/src/jvm/org/apache/storm/messaging/netty/KerberosSaslNettyClientState.java|storm-core/src/jvm/org/apache/storm/messaging/netty/KerberosSaslNettyServer.java|storm-core/src/jvm/org/apache/storm/messaging/netty/KerberosSaslNettyServerState.java|storm-core/src/jvm/org/apache/storm/messaging/netty/KerberosSaslServerHandler.java|storm-core/src/jvm/org/apache/storm/messaging/netty/MessageBatch.java|storm-core/src/jvm/org/apache/storm/messaging/netty/MessageBuffer.java|storm-core/src/jvm/org/apache/storm/messaging/netty/MessageDecoder.java|storm-core/src/jvm/org/apache/storm/messaging/netty/MessageEncoder.java|storm-core/src/jvm/org/apache/storm/messaging/netty/NettyRenameThreadFactory.java|storm-core/src/jvm/org/apache/storm/messaging/netty/NettyUncaughtExceptionHandler.java|storm-core/src/jvm/org/apache/storm/messaging/netty/SaslMessageToken.java|storm-core/src/jvm/org/apache/storm/messaging/netty/SaslNettyClient.java|storm-core/src/jvm/org/apache/storm/messaging/netty/SaslNettyClientState.java|storm-core/src/jvm/org/apache/storm/messaging/netty/SaslNettyServer.java|storm-core/src/jvm/org/apache/storm/messaging/netty/SaslNettyServerState.java|storm-core/src/jvm/org/apache/storm/messaging/netty/SaslStormClientHandler.java|storm-core/src/jvm/org/apache/storm/messaging/netty/SaslStormServerAuthorizeHandler.java|storm-core/src/jvm/org/apache/storm/messaging/netty/SaslStormServerHandler.java|storm-core/src/jvm/org/apache/storm/messaging/netty/SaslUtils.java|storm-core/src/jvm/org/apache/storm/messaging/netty/Server.java|storm-core/src/jvm/org/apache/storm/messaging/netty/StormClientHandler.java|storm-core/src/jvm/org/apache/storm/messaging/netty/StormClientPipelineFactory.java|storm-core/src/jvm/org/apache/storm/messaging/netty/StormServerHandler.java|storm-core/src/jvm/org/apache/storm/messaging/netty/StormServerPipelineFactory.java|storm-core/src/jvm/org/apache/storm/metric/EventLoggerBolt.java|storm-core/src/jvm/org/apache/storm/metric/FileBasedEventLogger.java|storm-core/src/jvm/org/apache/storm/metric/HttpForwardingMetricsConsumer.java|storm-core/src/jvm/org/apache/storm/metric/HttpForwardingMetricsServer.java|storm-core/src/jvm/org/apache/storm/metric/IEventLogger.java|storm-core/src/jvm/org/apache/storm/metric/LoggingMetricsConsumer.java|storm-core/src/jvm/org/apache/storm/metric/MetricsConsumerBolt.java|storm-core/src/jvm/org/apache/storm/metric/SystemBolt.java|storm-core/src/jvm/org/apache/storm/metric/api/AssignableMetric.java|storm-core/src/jvm/org/apache/storm/metric/api/CombinedMetric.java|storm-core/src/jvm/org/apache/storm/metric/api/CountMetric.java|storm-core/src/jvm/org/apache/storm/metric/api/ICombiner.java|storm-core/src/jvm/org/apache/storm/metric/api/IMetric.java|storm-core/src/jvm/org/apache/storm/metric/api/IMetricsConsumer.java|storm-core/src/jvm/org/apache/storm/metric/api/IReducer.java|storm-core/src/jvm/org/apache/storm/metric/api/IStatefulObject.java|storm-core/src/jvm/org/apache/storm/metric/api/MeanReducer.java|storm-core/src/jvm/org/apache/storm/metric/api/MultiCountMetric.java|storm-core/src/jvm/org/apache/storm/metric/api/MultiReducedMetric.java|storm-core/src/jvm/org/apache/storm/metric/api/ReducedMetric.java|storm-core/src/jvm/org/apache/storm/metric/api/StateMetric.java|storm-core/src/jvm/org/apache/storm/metric/api/rpc/AssignableShellMetric.java|storm-core/src/jvm/org/apache/storm/metric/api/rpc/CombinedShellMetric.java|storm-core/src/jvm/org/apache/storm/metric/api/rpc/CountShellMetric.java|storm-core/src/jvm/org/apache/storm/metric/api/rpc/IShellMetric.java|storm-core/src/jvm/org/apache/storm/metric/api/rpc/ReducedShellMetric.java|storm-core/src/jvm/org/apache/storm/metric/internal/CountStatAndMetric.java|storm-core/src/jvm/org/apache/storm/metric/internal/LatencyStatAndMetric.java|storm-core/src/jvm/org/apache/storm/metric/internal/MetricStatTimer.java|storm-core/src/jvm/org/apache/storm/metric/internal/MultiCountStatAndMetric.java|storm-core/src/jvm/org/apache/storm/metric/internal/MultiLatencyStatAndMetric.java|storm-core/src/jvm/org/apache/storm/metric/internal/RateTracker.java|storm-core/src/jvm/org/apache/storm/multilang/BoltMsg.java|storm-core/src/jvm/org/apache/storm/multilang/ISerializer.java|storm-core/src/jvm/org/apache/storm/multilang/JsonSerializer.java|storm-core/src/jvm/org/apache/storm/multilang/NoOutputException.java|storm-core/src/jvm/org/apache/storm/multilang/ShellMsg.java|storm-core/src/jvm/org/apache/storm/multilang/SpoutMsg.java|storm-core/src/jvm/org/apache/storm/networktopography/AbstractDNSToSwitchMapping.java|storm-core/src/jvm/org/apache/storm/networktopography/DNSToSwitchMapping.java|storm-core/src/jvm/org/apache/storm/networktopography/DefaultRackDNSToSwitchMapping.java|storm-core/src/jvm/org/apache/storm/nimbus/DefaultTopologyValidator.java|storm-core/src/jvm/org/apache/storm/nimbus/ILeaderElector.java|storm-core/src/jvm/org/apache/storm/nimbus/ITopologyActionNotifierPlugin.java|storm-core/src/jvm/org/apache/storm/nimbus/ITopologyValidator.java|storm-core/src/jvm/org/apache/storm/nimbus/NimbusInfo.java|storm-core/src/jvm/org/apache/storm/pacemaker/IServerMessageHandler.java|storm-core/src/jvm/org/apache/storm/pacemaker/PacemakerClient.java|storm-core/src/jvm/org/apache/storm/pacemaker/PacemakerClientHandler.java|storm-core/src/jvm/org/apache/storm/pacemaker/PacemakerServer.java|storm-core/src/jvm/org/apache/storm/pacemaker/codec/ThriftDecoder.java|storm-core/src/jvm/org/apache/storm/pacemaker/codec/ThriftEncoder.java|storm-core/src/jvm/org/apache/storm/pacemaker/codec/ThriftNettyClientCodec.java|storm-core/src/jvm/org/apache/storm/pacemaker/codec/ThriftNettyServerCodec.java|storm-core/src/jvm/org/apache/storm/planner/CompoundSpout.java|storm-core/src/jvm/org/apache/storm/planner/CompoundTask.java|storm-core/src/jvm/org/apache/storm/planner/TaskBundle.java|storm-core/src/jvm/org/apache/storm/scheduler/Cluster.java|storm-core/src/jvm/org/apache/storm/scheduler/ExecutorDetails.java|storm-core/src/jvm/org/apache/storm/scheduler/INimbus.java|storm-core/src/jvm/org/apache/storm/scheduler/IScheduler.java|storm-core/src/jvm/org/apache/storm/scheduler/ISupervisor.java|storm-core/src/jvm/org/apache/storm/scheduler/SchedulerAssignment.java|storm-core/src/jvm/org/apache/storm/scheduler/SchedulerAssignmentImpl.java|storm-core/src/jvm/org/apache/storm/scheduler/SupervisorDetails.java|storm-core/src/jvm/org/apache/storm/scheduler/Topologies.java|storm-core/src/jvm/org/apache/storm/scheduler/TopologyDetails.java|storm-core/src/jvm/org/apache/storm/scheduler/WorkerSlot.java|storm-core/src/jvm/org/apache/storm/scheduler/multitenant/DefaultPool.java|storm-core/src/jvm/org/apache/storm/scheduler/multitenant/FreePool.java|storm-core/src/jvm/org/apache/storm/scheduler/multitenant/IsolatedPool.java|storm-core/src/jvm/org/apache/storm/scheduler/multitenant/MultitenantScheduler.java|storm-core/src/jvm/org/apache/storm/scheduler/multitenant/Node.java|storm-core/src/jvm/org/apache/storm/scheduler/multitenant/NodePool.java|storm-core/src/jvm/org/apache/storm/scheduler/resource/Component.java|storm-core/src/jvm/org/apache/storm/scheduler/resource/RAS_Node.java|storm-core/src/jvm/org/apache/storm/scheduler/resource/RAS_Nodes.java|storm-core/src/jvm/org/apache/storm/scheduler/resource/ResourceAwareScheduler.java|storm-core/src/jvm/org/apache/storm/scheduler/resource/ResourceUtils.java|storm-core/src/jvm/org/apache/storm/scheduler/resource/SchedulingResult.java|storm-core/src/jvm/org/apache/storm/scheduler/resource/SchedulingStatus.java|storm-core/src/jvm/org/apache/storm/scheduler/resource/User.java|storm-core/src/jvm/org/apache/storm/scheduler/resource/strategies/eviction/DefaultEvictionStrategy.java|storm-core/src/jvm/org/apache/storm/scheduler/resource/strategies/eviction/IEvictionStrategy.java|storm-core/src/jvm/org/apache/storm/scheduler/resource/strategies/priority/DefaultSchedulingPriorityStrategy.java|storm-core/src/jvm/org/apache/storm/scheduler/resource/strategies/priority/ISchedulingPriorityStrategy.java|storm-core/src/jvm/org/apache/storm/scheduler/resource/strategies/scheduling/DefaultResourceAwareStrategy.java|storm-core/src/jvm/org/apache/storm/scheduler/resource/strategies/scheduling/IStrategy.java|storm-core/src/jvm/org/apache/storm/security/INimbusCredentialPlugin.java|storm-core/src/jvm/org/apache/storm/security/auth/AuthUtils.java|storm-core/src/jvm/org/apache/storm/security/auth/DefaultHttpCredentialsPlugin.java|storm-core/src/jvm/org/apache/storm/security/auth/DefaultPrincipalToLocal.java|storm-core/src/jvm/org/apache/storm/security/auth/IAuthorizer.java|storm-core/src/jvm/org/apache/storm/security/auth/IAutoCredentials.java|storm-core/src/jvm/org/apache/storm/security/auth/ICredentialsRenewer.java|storm-core/src/jvm/org/apache/storm/security/auth/IGroupMappingServiceProvider.java|storm-core/src/jvm/org/apache/storm/security/auth/IHttpCredentialsPlugin.java|storm-core/src/jvm/org/apache/storm/security/auth/IPrincipalToLocal.java|storm-core/src/jvm/org/apache/storm/security/auth/ITransportPlugin.java|storm-core/src/jvm/org/apache/storm/security/auth/KerberosPrincipalToLocal.java|storm-core/src/jvm/org/apache/storm/security/auth/NimbusPrincipal.java|storm-core/src/jvm/org/apache/storm/security/auth/ReqContext.java|storm-core/src/jvm/org/apache/storm/security/auth/SaslTransportPlugin.java|storm-core/src/jvm/org/apache/storm/security/auth/ShellBasedGroupsMapping.java|storm-core/src/jvm/org/apache/storm/security/auth/SimpleTransportPlugin.java|storm-core/src/jvm/org/apache/storm/security/auth/SingleUserPrincipal.java|storm-core/src/jvm/org/apache/storm/security/auth/TBackoffConnect.java|storm-core/src/jvm/org/apache/storm/security/auth/ThriftClient.java|storm-core/src/jvm/org/apache/storm/security/auth/ThriftConnectionType.java|storm-core/src/jvm/org/apache/storm/security/auth/ThriftServer.java|storm-core/src/jvm/org/apache/storm/security/auth/authorizer/DRPCAuthorizerBase.java|storm-core/src/jvm/org/apache/storm/security/auth/authorizer/DRPCSimpleACLAuthorizer.java|storm-core/src/jvm/org/apache/storm/security/auth/authorizer/DenyAuthorizer.java|storm-core/src/jvm/org/apache/storm/security/auth/authorizer/ImpersonationAuthorizer.java|storm-core/src/jvm/org/apache/storm/security/auth/authorizer/NoopAuthorizer.java|storm-core/src/jvm/org/apache/storm/security/auth/authorizer/SimpleACLAuthorizer.java|storm-core/src/jvm/org/apache/storm/security/auth/authorizer/SimpleWhitelistAuthorizer.java|storm-core/src/jvm/org/apache/storm/security/auth/digest/ClientCallbackHandler.java|storm-core/src/jvm/org/apache/storm/security/auth/digest/DigestSaslTransportPlugin.java|storm-core/src/jvm/org/apache/storm/security/auth/digest/ServerCallbackHandler.java|storm-core/src/jvm/org/apache/storm/security/auth/kerberos/AutoTGT.java|storm-core/src/jvm/org/apache/storm/security/auth/kerberos/AutoTGTKrb5LoginModule.java|storm-core/src/jvm/org/apache/storm/security/auth/kerberos/AutoTGTKrb5LoginModuleTest.java|storm-core/src/jvm/org/apache/storm/security/auth/kerberos/ClientCallbackHandler.java|storm-core/src/jvm/org/apache/storm/security/auth/kerberos/KerberosSaslTransportPlugin.java|storm-core/src/jvm/org/apache/storm/security/auth/kerberos/NoOpTTrasport.java|storm-core/src/jvm/org/apache/storm/security/auth/kerberos/ServerCallbackHandler.java|storm-core/src/jvm/org/apache/storm/security/serialization/BlowfishTupleSerializer.java|storm-core/src/jvm/org/apache/storm/serialization/DefaultKryoFactory.java|storm-core/src/jvm/org/apache/storm/serialization/DefaultSerializationDelegate.java|storm-core/src/jvm/org/apache/storm/serialization/GzipBridgeSerializationDelegate.java|storm-core/src/jvm/org/apache/storm/serialization/GzipBridgeThriftSerializationDelegate.java|storm-core/src/jvm/org/apache/storm/serialization/GzipSerializationDelegate.java|storm-core/src/jvm/org/apache/storm/serialization/GzipThriftSerializationDelegate.java|storm-core/src/jvm/org/apache/storm/serialization/IKryoDecorator.java|storm-core/src/jvm/org/apache/storm/serialization/IKryoFactory.java|storm-core/src/jvm/org/apache/storm/serialization/ITupleDeserializer.java|storm-core/src/jvm/org/apache/storm/serialization/ITupleSerializer.java|storm-core/src/jvm/org/apache/storm/serialization/KryoTupleDeserializer.java|storm-core/src/jvm/org/apache/storm/serialization/KryoTupleSerializer.java|storm-core/src/jvm/org/apache/storm/serialization/KryoValuesDeserializer.java|storm-core/src/jvm/org/apache/storm/serialization/KryoValuesSerializer.java|storm-core/src/jvm/org/apache/storm/serialization/SerializableSerializer.java|storm-core/src/jvm/org/apache/storm/serialization/SerializationDelegate.java|storm-core/src/jvm/org/apache/storm/serialization/SerializationFactory.java|storm-core/src/jvm/org/apache/storm/serialization/ThriftSerializationDelegate.java|storm-core/src/jvm/org/apache/storm/serialization/types/ArrayListSerializer.java|storm-core/src/jvm/org/apache/storm/serialization/types/HashMapSerializer.java|storm-core/src/jvm/org/apache/storm/serialization/types/HashSetSerializer.java|storm-core/src/jvm/org/apache/storm/serialization/types/ListDelegateSerializer.java|storm-core/src/jvm/org/apache/storm/spout/CheckPointState.java|storm-core/src/jvm/org/apache/storm/spout/CheckpointSpout.java|storm-core/src/jvm/org/apache/storm/spout/IMultiSchemableSpout.java|storm-core/src/jvm/org/apache/storm/spout/ISchemableSpout.java|storm-core/src/jvm/org/apache/storm/spout/ISpout.java|storm-core/src/jvm/org/apache/storm/spout/ISpoutOutputCollector.java|storm-core/src/jvm/org/apache/storm/spout/ISpoutWaitStrategy.java|storm-core/src/jvm/org/apache/storm/spout/MultiScheme.java|storm-core/src/jvm/org/apache/storm/spout/NothingEmptyEmitStrategy.java|storm-core/src/jvm/org/apache/storm/spout/RawMultiScheme.java|storm-core/src/jvm/org/apache/storm/spout/RawScheme.java|storm-core/src/jvm/org/apache/storm/spout/Scheme.java|storm-core/src/jvm/org/apache/storm/spout/SchemeAsMultiScheme.java|storm-core/src/jvm/org/apache/storm/spout/ShellSpout.java|storm-core/src/jvm/org/apache/storm/spout/SleepSpoutWaitStrategy.java|storm-core/src/jvm/org/apache/storm/spout/SpoutOutputCollector.java|storm-core/src/jvm/org/apache/storm/state/DefaultStateSerializer.java|storm-core/src/jvm/org/apache/storm/state/IStateSpout.java|storm-core/src/jvm/org/apache/storm/state/IStateSpoutOutputCollector.java|storm-core/src/jvm/org/apache/storm/state/ISubscribedState.java|storm-core/src/jvm/org/apache/storm/state/ISynchronizeOutputCollector.java|storm-core/src/jvm/org/apache/storm/state/InMemoryKeyValueState.java|storm-core/src/jvm/org/apache/storm/state/InMemoryKeyValueStateProvider.java|storm-core/src/jvm/org/apache/storm/state/KeyValueState.java|storm-core/src/jvm/org/apache/storm/state/Serializer.java|storm-core/src/jvm/org/apache/storm/state/State.java|storm-core/src/jvm/org/apache/storm/state/StateFactory.java|storm-core/src/jvm/org/apache/storm/state/StateProvider.java|storm-core/src/jvm/org/apache/storm/state/StateSpoutOutputCollector.java|storm-core/src/jvm/org/apache/storm/state/SynchronizeOutputCollector.java|storm-core/src/jvm/org/apache/storm/task/GeneralTopologyContext.java|storm-core/src/jvm/org/apache/storm/task/IBolt.java|storm-core/src/jvm/org/apache/storm/task/IErrorReporter.java|storm-core/src/jvm/org/apache/storm/task/IMetricsContext.java|storm-core/src/jvm/org/apache/storm/task/IOutputCollector.java|storm-core/src/jvm/org/apache/storm/task/OutputCollector.java|storm-core/src/jvm/org/apache/storm/task/ShellBolt.java|storm-core/src/jvm/org/apache/storm/task/TopologyContext.java|storm-core/src/jvm/org/apache/storm/task/WorkerTopologyContext.java|storm-core/src/jvm/org/apache/storm/testing/AckFailDelegate.java|storm-core/src/jvm/org/apache/storm/testing/AckFailMapTracker.java|storm-core/src/jvm/org/apache/storm/testing/AckTracker.java|storm-core/src/jvm/org/apache/storm/testing/AlternateRackDNSToSwitchMapping.java|storm-core/src/jvm/org/apache/storm/testing/BatchNumberList.java|storm-core/src/jvm/org/apache/storm/testing/BatchProcessWord.java|storm-core/src/jvm/org/apache/storm/testing/BatchRepeatA.java|storm-core/src/jvm/org/apache/storm/testing/BoltTracker.java|storm-core/src/jvm/org/apache/storm/testing/CompleteTopologyParam.java|storm-core/src/jvm/org/apache/storm/testing/CountingBatchBolt.java|storm-core/src/jvm/org/apache/storm/testing/CountingCommitBolt.java|storm-core/src/jvm/org/apache/storm/testing/FeederSpout.java|storm-core/src/jvm/org/apache/storm/testing/FixedTuple.java|storm-core/src/jvm/org/apache/storm/testing/FixedTupleSpout.java|storm-core/src/jvm/org/apache/storm/testing/ForwardingMetricsConsumer.java|storm-core/src/jvm/org/apache/storm/testing/IdentityBolt.java|storm-core/src/jvm/org/apache/storm/testing/IntegrationTest.java|storm-core/src/jvm/org/apache/storm/testing/KeyedCountingBatchBolt.java|storm-core/src/jvm/org/apache/storm/testing/KeyedCountingCommitterBolt.java|storm-core/src/jvm/org/apache/storm/testing/KeyedSummingBatchBolt.java|storm-core/src/jvm/org/apache/storm/testing/MemoryTransactionalSpout.java|storm-core/src/jvm/org/apache/storm/testing/MemoryTransactionalSpoutMeta.java|storm-core/src/jvm/org/apache/storm/testing/MkClusterParam.java|storm-core/src/jvm/org/apache/storm/testing/MkTupleParam.java|storm-core/src/jvm/org/apache/storm/testing/MockedSources.java|storm-core/src/jvm/org/apache/storm/testing/NGrouping.java|storm-core/src/jvm/org/apache/storm/testing/NonRichBoltTracker.java|storm-core/src/jvm/org/apache/storm/testing/OpaqueMemoryTransactionalSpout.java|storm-core/src/jvm/org/apache/storm/testing/PrepareBatchBolt.java|storm-core/src/jvm/org/apache/storm/testing/PythonShellMetricsBolt.java|storm-core/src/jvm/org/apache/storm/testing/PythonShellMetricsSpout.java|storm-core/src/jvm/org/apache/storm/testing/SingleUserSimpleTransport.java|storm-core/src/jvm/org/apache/storm/testing/SpoutTracker.java|storm-core/src/jvm/org/apache/storm/testing/TestAggregatesCounter.java|storm-core/src/jvm/org/apache/storm/testing/TestConfBolt.java|storm-core/src/jvm/org/apache/storm/testing/TestEventLogSpout.java|storm-core/src/jvm/org/apache/storm/testing/TestEventOrderCheckBolt.java|storm-core/src/jvm/org/apache/storm/testing/TestGlobalCount.java|storm-core/src/jvm/org/apache/storm/testing/TestJob.java|storm-core/src/jvm/org/apache/storm/testing/TestKryoDecorator.java|storm-core/src/jvm/org/apache/storm/testing/TestPlannerBolt.java|storm-core/src/jvm/org/apache/storm/testing/TestPlannerSpout.java|storm-core/src/jvm/org/apache/storm/testing/TestSerObject.java|storm-core/src/jvm/org/apache/storm/testing/TestWordBytesCounter.java|storm-core/src/jvm/org/apache/storm/testing/TestWordCounter.java|storm-core/src/jvm/org/apache/storm/testing/TestWordSpout.java|storm-core/src/jvm/org/apache/storm/testing/TrackedTopology.java|storm-core/src/jvm/org/apache/storm/testing/TupleCaptureBolt.java|storm-core/src/jvm/org/apache/storm/topology/BaseConfigurationDeclarer.java|storm-core/src/jvm/org/apache/storm/topology/BasicBoltExecutor.java|storm-core/src/jvm/org/apache/storm/topology/BasicOutputCollector.java|storm-core/src/jvm/org/apache/storm/topology/BoltDeclarer.java|storm-core/src/jvm/org/apache/storm/topology/CheckpointTupleForwarder.java|storm-core/src/jvm/org/apache/storm/topology/ComponentConfigurationDeclarer.java|storm-core/src/jvm/org/apache/storm/topology/FailedException.java|storm-core/src/jvm/org/apache/storm/topology/IBasicBolt.java|storm-core/src/jvm/org/apache/storm/topology/IBasicOutputCollector.java|storm-core/src/jvm/org/apache/storm/topology/IComponent.java|storm-core/src/jvm/org/apache/storm/topology/IRichBolt.java|storm-core/src/jvm/org/apache/storm/topology/IRichSpout.java|storm-core/src/jvm/org/apache/storm/topology/IRichStateSpout.java|storm-core/src/jvm/org/apache/storm/topology/IStatefulBolt.java|storm-core/src/jvm/org/apache/storm/topology/IStatefulComponent.java|storm-core/src/jvm/org/apache/storm/topology/IWindowedBolt.java|storm-core/src/jvm/org/apache/storm/topology/InputDeclarer.java|storm-core/src/jvm/org/apache/storm/topology/OutputFieldsDeclarer.java|storm-core/src/jvm/org/apache/storm/topology/OutputFieldsGetter.java|storm-core/src/jvm/org/apache/storm/topology/ReportedFailedException.java|storm-core/src/jvm/org/apache/storm/topology/SpoutDeclarer.java|storm-core/src/jvm/org/apache/storm/topology/StatefulBoltExecutor.java|storm-core/src/jvm/org/apache/storm/topology/TopologyBuilder.java|storm-core/src/jvm/org/apache/storm/topology/WindowedBoltExecutor.java|storm-core/src/jvm/org/apache/storm/topology/base/BaseBasicBolt.java|storm-core/src/jvm/org/apache/storm/topology/base/BaseBatchBolt.java|storm-core/src/jvm/org/apache/storm/topology/base/BaseComponent.java|storm-core/src/jvm/org/apache/storm/topology/base/BaseOpaquePartitionedTransactionalSpout.java|storm-core/src/jvm/org/apache/storm/topology/base/BasePartitionedTransactionalSpout.java|storm-core/src/jvm/org/apache/storm/topology/base/BaseRichBolt.java|storm-core/src/jvm/org/apache/storm/topology/base/BaseRichSpout.java|storm-core/src/jvm/org/apache/storm/topology/base/BaseStatefulBolt.java|storm-core/src/jvm/org/apache/storm/topology/base/BaseTransactionalBolt.java|storm-core/src/jvm/org/apache/storm/topology/base/BaseTransactionalSpout.java|storm-core/src/jvm/org/apache/storm/topology/base/BaseWindowedBolt.java|storm-core/src/jvm/org/apache/storm/transactional/ICommitter.java|storm-core/src/jvm/org/apache/storm/transactional/ICommitterTransactionalSpout.java|storm-core/src/jvm/org/apache/storm/transactional/ITransactionalSpout.java|storm-core/src/jvm/org/apache/storm/transactional/TransactionAttempt.java|storm-core/src/jvm/org/apache/storm/transactional/TransactionalSpoutBatchExecutor.java|storm-core/src/jvm/org/apache/storm/transactional/TransactionalSpoutCoordinator.java|storm-core/src/jvm/org/apache/storm/transactional/TransactionalTopologyBuilder.java|storm-core/src/jvm/org/apache/storm/transactional/partitioned/IOpaquePartitionedTransactionalSpout.java|storm-core/src/jvm/org/apache/storm/transactional/partitioned/IPartitionedTransactionalSpout.java|storm-core/src/jvm/org/apache/storm/transactional/partitioned/OpaquePartitionedTransactionalSpoutExecutor.java|storm-core/src/jvm/org/apache/storm/transactional/partitioned/PartitionedTransactionalSpoutExecutor.java|storm-core/src/jvm/org/apache/storm/transactional/state/RotatingTransactionalState.java|storm-core/src/jvm/org/apache/storm/transactional/state/TestTransactionalState.java|storm-core/src/jvm/org/apache/storm/transactional/state/TransactionalState.java|storm-core/src/jvm/org/apache/storm/trident/JoinType.java|storm-core/src/jvm/org/apache/storm/trident/Stream.java|storm-core/src/jvm/org/apache/storm/trident/TridentState.java|storm-core/src/jvm/org/apache/storm/trident/TridentTopology.java|storm-core/src/jvm/org/apache/storm/trident/drpc/ReturnResultsReducer.java|storm-core/src/jvm/org/apache/storm/trident/fluent/ChainedAggregatorDeclarer.java|storm-core/src/jvm/org/apache/storm/trident/fluent/ChainedFullAggregatorDeclarer.java|storm-core/src/jvm/org/apache/storm/trident/fluent/ChainedPartitionAggregatorDeclarer.java|storm-core/src/jvm/org/apache/storm/trident/fluent/GlobalAggregationScheme.java|storm-core/src/jvm/org/apache/storm/trident/fluent/GroupedStream.java|storm-core/src/jvm/org/apache/storm/trident/fluent/IAggregatableStream.java|storm-core/src/jvm/org/apache/storm/trident/fluent/IChainedAggregatorDeclarer.java|storm-core/src/jvm/org/apache/storm/trident/fluent/UniqueIdGen.java|storm-core/src/jvm/org/apache/storm/trident/graph/GraphGrouper.java|storm-core/src/jvm/org/apache/storm/trident/graph/Group.java|storm-core/src/jvm/org/apache/storm/trident/operation/Aggregator.java|storm-core/src/jvm/org/apache/storm/trident/operation/Assembly.java|storm-core/src/jvm/org/apache/storm/trident/operation/BaseAggregator.java|storm-core/src/jvm/org/apache/storm/trident/operation/BaseFilter.java|storm-core/src/jvm/org/apache/storm/trident/operation/BaseFunction.java|storm-core/src/jvm/org/apache/storm/trident/operation/BaseMultiReducer.java|storm-core/src/jvm/org/apache/storm/trident/operation/BaseOperation.java|storm-core/src/jvm/org/apache/storm/trident/operation/CombinerAggregator.java|storm-core/src/jvm/org/apache/storm/trident/operation/EachOperation.java|storm-core/src/jvm/org/apache/storm/trident/operation/Filter.java|storm-core/src/jvm/org/apache/storm/trident/operation/Function.java|storm-core/src/jvm/org/apache/storm/trident/operation/GroupedMultiReducer.java|storm-core/src/jvm/org/apache/storm/trident/operation/MultiReducer.java|storm-core/src/jvm/org/apache/storm/trident/operation/Operation.java|storm-core/src/jvm/org/apache/storm/trident/operation/ReducerAggregator.java|storm-core/src/jvm/org/apache/storm/trident/operation/TridentCollector.java|storm-core/src/jvm/org/apache/storm/trident/operation/TridentMultiReducerContext.java|storm-core/src/jvm/org/apache/storm/trident/operation/TridentOperationContext.java|storm-core/src/jvm/org/apache/storm/trident/operation/builtin/Count.java|storm-core/src/jvm/org/apache/storm/trident/operation/builtin/Debug.java|storm-core/src/jvm/org/apache/storm/trident/operation/builtin/Equals.java|storm-core/src/jvm/org/apache/storm/trident/operation/builtin/FilterNull.java|storm-core/src/jvm/org/apache/storm/trident/operation/builtin/FirstN.java|storm-core/src/jvm/org/apache/storm/trident/operation/builtin/MapGet.java|storm-core/src/jvm/org/apache/storm/trident/operation/builtin/Negate.java|storm-core/src/jvm/org/apache/storm/trident/operation/builtin/SnapshotGet.java|storm-core/src/jvm/org/apache/storm/trident/operation/builtin/Sum.java|storm-core/src/jvm/org/apache/storm/trident/operation/builtin/TupleCollectionGet.java|storm-core/src/jvm/org/apache/storm/trident/operation/impl/CaptureCollector.java|storm-core/src/jvm/org/apache/storm/trident/operation/impl/ChainedAggregatorImpl.java|storm-core/src/jvm/org/apache/storm/trident/operation/impl/ChainedResult.java|storm-core/src/jvm/org/apache/storm/trident/operation/impl/CombinerAggStateUpdater.java|storm-core/src/jvm/org/apache/storm/trident/operation/impl/CombinerAggregatorCombineImpl.java|storm-core/src/jvm/org/apache/storm/trident/operation/impl/CombinerAggregatorInitImpl.java|storm-core/src/jvm/org/apache/storm/trident/operation/impl/FilterExecutor.java|storm-core/src/jvm/org/apache/storm/trident/operation/impl/GlobalBatchToPartition.java|storm-core/src/jvm/org/apache/storm/trident/operation/impl/GroupCollector.java|storm-core/src/jvm/org/apache/storm/trident/operation/impl/GroupedAggregator.java|storm-core/src/jvm/org/apache/storm/trident/operation/impl/GroupedMultiReducerExecutor.java|storm-core/src/jvm/org/apache/storm/trident/operation/impl/IdentityMultiReducer.java|storm-core/src/jvm/org/apache/storm/trident/operation/impl/IndexHashBatchToPartition.java|storm-core/src/jvm/org/apache/storm/trident/operation/impl/JoinerMultiReducer.java|storm-core/src/jvm/org/apache/storm/trident/operation/impl/ReducerAggStateUpdater.java|storm-core/src/jvm/org/apache/storm/trident/operation/impl/ReducerAggregatorImpl.java|storm-core/src/jvm/org/apache/storm/trident/operation/impl/Result.java|storm-core/src/jvm/org/apache/storm/trident/operation/impl/SingleEmitAggregator.java|storm-core/src/jvm/org/apache/storm/trident/operation/impl/TrueFilter.java|storm-core/src/jvm/org/apache/storm/trident/partition/GlobalGrouping.java|storm-core/src/jvm/org/apache/storm/trident/partition/IdentityGrouping.java|storm-core/src/jvm/org/apache/storm/trident/partition/IndexHashGrouping.java|storm-core/src/jvm/org/apache/storm/trident/planner/BridgeReceiver.java|storm-core/src/jvm/org/apache/storm/trident/planner/Node.java|storm-core/src/jvm/org/apache/storm/trident/planner/NodeStateInfo.java|storm-core/src/jvm/org/apache/storm/trident/planner/PartitionNode.java|storm-core/src/jvm/org/apache/storm/trident/planner/ProcessorContext.java|storm-core/src/jvm/org/apache/storm/trident/planner/ProcessorNode.java|storm-core/src/jvm/org/apache/storm/trident/planner/SpoutNode.java|storm-core/src/jvm/org/apache/storm/trident/planner/SubtopologyBolt.java|storm-core/src/jvm/org/apache/storm/trident/planner/TridentProcessor.java|storm-core/src/jvm/org/apache/storm/trident/planner/TupleReceiver.java|storm-core/src/jvm/org/apache/storm/trident/planner/processor/AggregateProcessor.java|storm-core/src/jvm/org/apache/storm/trident/planner/processor/AppendCollector.java|storm-core/src/jvm/org/apache/storm/trident/planner/processor/EachProcessor.java|storm-core/src/jvm/org/apache/storm/trident/planner/processor/FreshCollector.java|storm-core/src/jvm/org/apache/storm/trident/planner/processor/MultiReducerProcessor.java|storm-core/src/jvm/org/apache/storm/trident/planner/processor/PartitionPersistProcessor.java|storm-core/src/jvm/org/apache/storm/trident/planner/processor/ProjectedProcessor.java|storm-core/src/jvm/org/apache/storm/trident/planner/processor/StateQueryProcessor.java|storm-core/src/jvm/org/apache/storm/trident/planner/processor/TridentContext.java|storm-core/src/jvm/org/apache/storm/trident/spout/BatchSpoutExecutor.java|storm-core/src/jvm/org/apache/storm/trident/spout/IBatchID.java|storm-core/src/jvm/org/apache/storm/trident/spout/IBatchSpout.java|storm-core/src/jvm/org/apache/storm/trident/spout/ICommitterTridentSpout.java|storm-core/src/jvm/org/apache/storm/trident/spout/IOpaquePartitionedTridentSpout.java|storm-core/src/jvm/org/apache/storm/trident/spout/IPartitionedTridentSpout.java|storm-core/src/jvm/org/apache/storm/trident/spout/ISpoutPartition.java|storm-core/src/jvm/org/apache/storm/trident/spout/ITridentDataSource.java|storm-core/src/jvm/org/apache/storm/trident/spout/ITridentSpout.java|storm-core/src/jvm/org/apache/storm/trident/spout/OpaquePartitionedTridentSpoutExecutor.java|storm-core/src/jvm/org/apache/storm/trident/spout/PartitionedTridentSpoutExecutor.java|storm-core/src/jvm/org/apache/storm/trident/spout/RichSpoutBatchExecutor.java|storm-core/src/jvm/org/apache/storm/trident/spout/RichSpoutBatchId.java|storm-core/src/jvm/org/apache/storm/trident/spout/RichSpoutBatchIdSerializer.java|storm-core/src/jvm/org/apache/storm/trident/spout/RichSpoutBatchTriggerer.java|storm-core/src/jvm/org/apache/storm/trident/spout/TridentSpoutCoordinator.java|storm-core/src/jvm/org/apache/storm/trident/spout/TridentSpoutExecutor.java|storm-core/src/jvm/org/apache/storm/trident/state/BaseQueryFunction.java|storm-core/src/jvm/org/apache/storm/trident/state/BaseStateUpdater.java|storm-core/src/jvm/org/apache/storm/trident/state/CombinerValueUpdater.java|storm-core/src/jvm/org/apache/storm/trident/state/ITupleCollection.java|storm-core/src/jvm/org/apache/storm/trident/state/JSONNonTransactionalSerializer.java|storm-core/src/jvm/org/apache/storm/trident/state/JSONOpaqueSerializer.java|storm-core/src/jvm/org/apache/storm/trident/state/JSONTransactionalSerializer.java|storm-core/src/jvm/org/apache/storm/trident/state/OpaqueValue.java|storm-core/src/jvm/org/apache/storm/trident/state/QueryFunction.java|storm-core/src/jvm/org/apache/storm/trident/state/ReadOnlyState.java|storm-core/src/jvm/org/apache/storm/trident/state/ReducerValueUpdater.java|storm-core/src/jvm/org/apache/storm/trident/state/Serializer.java|storm-core/src/jvm/org/apache/storm/trident/state/State.java|storm-core/src/jvm/org/apache/storm/trident/state/StateFactory.java|storm-core/src/jvm/org/apache/storm/trident/state/StateSpec.java|storm-core/src/jvm/org/apache/storm/trident/state/StateType.java|storm-core/src/jvm/org/apache/storm/trident/state/StateUpdater.java|storm-core/src/jvm/org/apache/storm/trident/state/TransactionalValue.java|storm-core/src/jvm/org/apache/storm/trident/state/ValueUpdater.java|storm-core/src/jvm/org/apache/storm/trident/state/map/CachedBatchReadsMap.java|storm-core/src/jvm/org/apache/storm/trident/state/map/CachedMap.java|storm-core/src/jvm/org/apache/storm/trident/state/map/IBackingMap.java|storm-core/src/jvm/org/apache/storm/trident/state/map/MapCombinerAggStateUpdater.java|storm-core/src/jvm/org/apache/storm/trident/state/map/MapReducerAggStateUpdater.java|storm-core/src/jvm/org/apache/storm/trident/state/map/MapState.java|storm-core/src/jvm/org/apache/storm/trident/state/map/MicroBatchIBackingMap.java|storm-core/src/jvm/org/apache/storm/trident/state/map/NonTransactionalMap.java|storm-core/src/jvm/org/apache/storm/trident/state/map/OpaqueMap.java|storm-core/src/jvm/org/apache/storm/trident/state/map/ReadOnlyMapState.java|storm-core/src/jvm/org/apache/storm/trident/state/map/RemovableMapState.java|storm-core/src/jvm/org/apache/storm/trident/state/map/SnapshottableMap.java|storm-core/src/jvm/org/apache/storm/trident/state/map/TransactionalMap.java|storm-core/src/jvm/org/apache/storm/trident/state/snapshot/ReadOnlySnapshottable.java|storm-core/src/jvm/org/apache/storm/trident/state/snapshot/Snapshottable.java|storm-core/src/jvm/org/apache/storm/trident/testing/CountAsAggregator.java|storm-core/src/jvm/org/apache/storm/trident/testing/FeederBatchSpout.java|storm-core/src/jvm/org/apache/storm/trident/testing/FeederCommitterBatchSpout.java|storm-core/src/jvm/org/apache/storm/trident/testing/FixedBatchSpout.java|storm-core/src/jvm/org/apache/storm/trident/testing/IFeeder.java|storm-core/src/jvm/org/apache/storm/trident/testing/LRUMemoryMapState.java|storm-core/src/jvm/org/apache/storm/trident/testing/MemoryBackingMap.java|storm-core/src/jvm/org/apache/storm/trident/testing/MemoryMapState.java|storm-core/src/jvm/org/apache/storm/trident/testing/Split.java|storm-core/src/jvm/org/apache/storm/trident/testing/StringLength.java|storm-core/src/jvm/org/apache/storm/trident/testing/TrueFilter.java|storm-core/src/jvm/org/apache/storm/trident/testing/TuplifyArgs.java|storm-core/src/jvm/org/apache/storm/trident/topology/BatchInfo.java|storm-core/src/jvm/org/apache/storm/trident/topology/ITridentBatchBolt.java|storm-core/src/jvm/org/apache/storm/trident/topology/MasterBatchCoordinator.java|storm-core/src/jvm/org/apache/storm/trident/topology/TransactionAttempt.java|storm-core/src/jvm/org/apache/storm/trident/topology/TridentBoltExecutor.java|storm-core/src/jvm/org/apache/storm/trident/topology/TridentTopologyBuilder.java|storm-core/src/jvm/org/apache/storm/trident/topology/state/RotatingTransactionalState.java|storm-core/src/jvm/org/apache/storm/trident/topology/state/TestTransactionalState.java|storm-core/src/jvm/org/apache/storm/trident/topology/state/TransactionalState.java|storm-core/src/jvm/org/apache/storm/trident/tuple/ComboList.java|storm-core/src/jvm/org/apache/storm/trident/tuple/ConsList.java|storm-core/src/jvm/org/apache/storm/trident/tuple/TridentTuple.java|storm-core/src/jvm/org/apache/storm/trident/tuple/TridentTupleView.java|storm-core/src/jvm/org/apache/storm/trident/tuple/ValuePointer.java|storm-core/src/jvm/org/apache/storm/trident/util/ErrorEdgeFactory.java|storm-core/src/jvm/org/apache/storm/trident/util/IndexedEdge.java|storm-core/src/jvm/org/apache/storm/trident/util/LRUMap.java|storm-core/src/jvm/org/apache/storm/trident/util/TridentUtils.java|storm-core/src/jvm/org/apache/storm/tuple/AddressedTuple.java|storm-core/src/jvm/org/apache/storm/tuple/Fields.java|storm-core/src/jvm/org/apache/storm/tuple/ITuple.java|storm-core/src/jvm/org/apache/storm/tuple/MessageId.java|storm-core/src/jvm/org/apache/storm/tuple/Tuple.java|storm-core/src/jvm/org/apache/storm/tuple/TupleImpl.java|storm-core/src/jvm/org/apache/storm/tuple/Values.java|storm-core/src/jvm/org/apache/storm/ui/InvalidRequestException.java|storm-core/src/jvm/org/apache/storm/utils/BufferFileInputStream.java|storm-core/src/jvm/org/apache/storm/utils/BufferInputStream.java|storm-core/src/jvm/org/apache/storm/utils/CRC32OutputStream.java|storm-core/src/jvm/org/apache/storm/utils/ClojureTimerTask.java|storm-core/src/jvm/org/apache/storm/utils/Container.java|storm-core/src/jvm/org/apache/storm/utils/DRPCClient.java|storm-core/src/jvm/org/apache/storm/utils/DisruptorBackpressureCallback.java|storm-core/src/jvm/org/apache/storm/utils/DisruptorQueue.java|storm-core/src/jvm/org/apache/storm/utils/ExtendedThreadPoolExecutor.java|storm-core/src/jvm/org/apache/storm/utils/IndifferentAccessMap.java|storm-core/src/jvm/org/apache/storm/utils/InprocMessaging.java|storm-core/src/jvm/org/apache/storm/utils/KeyedRoundRobinQueue.java|storm-core/src/jvm/org/apache/storm/utils/ListDelegate.java|storm-core/src/jvm/org/apache/storm/utils/LocalState.java|storm-core/src/jvm/org/apache/storm/utils/Monitor.java|storm-core/src/jvm/org/apache/storm/utils/MutableInt.java|storm-core/src/jvm/org/apache/storm/utils/MutableLong.java|storm-core/src/jvm/org/apache/storm/utils/MutableObject.java|storm-core/src/jvm/org/apache/storm/utils/NimbusClient.java|storm-core/src/jvm/org/apache/storm/utils/NimbusLeaderNotFoundException.java|storm-core/src/jvm/org/apache/storm/utils/RegisteredGlobalState.java|storm-core/src/jvm/org/apache/storm/utils/RotatingMap.java|storm-core/src/jvm/org/apache/storm/utils/ServiceRegistry.java|storm-core/src/jvm/org/apache/storm/utils/ShellBoltMessageQueue.java|storm-core/src/jvm/org/apache/storm/utils/ShellProcess.java|storm-core/src/jvm/org/apache/storm/utils/ShellUtils.java|storm-core/src/jvm/org/apache/storm/utils/StormBoundedExponentialBackoffRetry.java|storm-core/src/jvm/org/apache/storm/utils/TestUtils.java|storm-core/src/jvm/org/apache/storm/utils/ThriftTopologyUtils.java|storm-core/src/jvm/org/apache/storm/utils/Time.java|storm-core/src/jvm/org/apache/storm/utils/TimeCacheMap.java|storm-core/src/jvm/org/apache/storm/utils/TransferDrainer.java|storm-core/src/jvm/org/apache/storm/utils/Utils.java|storm-core/src/jvm/org/apache/storm/utils/VersionInfo.java|storm-core/src/jvm/org/apache/storm/utils/VersionedStore.java|storm-core/src/jvm/org/apache/storm/utils/WindowedTimeThrottler.java|storm-core/src/jvm/org/apache/storm/utils/WorkerBackpressureCallback.java|storm-core/src/jvm/org/apache/storm/utils/WorkerBackpressureThread.java|storm-core/src/jvm/org/apache/storm/utils/WritableUtils.java|storm-core/src/jvm/org/apache/storm/utils/ZookeeperAuthInfo.java|storm-core/src/jvm/org/apache/storm/utils/ZookeeperServerCnxnFactory.java|storm-core/src/jvm/org/apache/storm/validation/ConfigValidation.java|storm-core/src/jvm/org/apache/storm/validation/ConfigValidationAnnotations.java|storm-core/src/jvm/org/apache/storm/validation/ConfigValidationUtils.java|storm-core/src/jvm/org/apache/storm/windowing/CountEvictionPolicy.java|storm-core/src/jvm/org/apache/storm/windowing/CountTriggerPolicy.java|storm-core/src/jvm/org/apache/storm/windowing/Event.java|storm-core/src/jvm/org/apache/storm/windowing/EventImpl.java|storm-core/src/jvm/org/apache/storm/windowing/EvictionPolicy.java|storm-core/src/jvm/org/apache/storm/windowing/TimeEvictionPolicy.java|storm-core/src/jvm/org/apache/storm/windowing/TimeTriggerPolicy.java|storm-core/src/jvm/org/apache/storm/windowing/TriggerHandler.java|storm-core/src/jvm/org/apache/storm/windowing/TriggerPolicy.java|storm-core/src/jvm/org/apache/storm/windowing/TupleWindow.java|storm-core/src/jvm/org/apache/storm/windowing/TupleWindowImpl.java|storm-core/src/jvm/org/apache/storm/windowing/WaterMarkEvent.java|storm-core/src/jvm/org/apache/storm/windowing/WaterMarkEventGenerator.java|storm-core/src/jvm/org/apache/storm/windowing/WatermarkCountEvictionPolicy.java|storm-core/src/jvm/org/apache/storm/windowing/WatermarkCountTriggerPolicy.java|storm-core/src/jvm/org/apache/storm/windowing/WatermarkTimeEvictionPolicy.java|storm-core/src/jvm/org/apache/storm/windowing/WatermarkTimeTriggerPolicy.java|storm-core/src/jvm/org/apache/storm/windowing/Window.java|storm-core/src/jvm/org/apache/storm/windowing/WindowLifecycleListener.java|storm-core/src/jvm/org/apache/storm/windowing/WindowManager.java|storm-core/src/jvm/storm/trident/JoinType.java|storm-core/src/jvm/storm/trident/Stream.java|storm-core/src/jvm/storm/trident/TridentState.java|storm-core/src/jvm/storm/trident/TridentTopology.java|storm-core/src/jvm/storm/trident/drpc/ReturnResultsReducer.java|storm-core/src/jvm/storm/trident/fluent/ChainedAggregatorDeclarer.java|storm-core/src/jvm/storm/trident/fluent/ChainedFullAggregatorDeclarer.java|storm-core/src/jvm/storm/trident/fluent/ChainedPartitionAggregatorDeclarer.java|storm-core/src/jvm/storm/trident/fluent/GlobalAggregationScheme.java|storm-core/src/jvm/storm/trident/fluent/GroupedStream.java|storm-core/src/jvm/storm/trident/fluent/IAggregatableStream.java|storm-core/src/jvm/storm/trident/fluent/IChainedAggregatorDeclarer.java|storm-core/src/jvm/storm/trident/fluent/UniqueIdGen.java|storm-core/src/jvm/storm/trident/graph/GraphGrouper.java|storm-core/src/jvm/storm/trident/graph/Group.java|storm-core/src/jvm/storm/trident/operation/Aggregator.java|storm-core/src/jvm/storm/trident/operation/Assembly.java|storm-core/src/jvm/storm/trident/operation/BaseAggregator.java|storm-core/src/jvm/storm/trident/operation/BaseFilter.java|storm-core/src/jvm/storm/trident/operation/BaseFunction.java|storm-core/src/jvm/storm/trident/operation/BaseMultiReducer.java|storm-core/src/jvm/storm/trident/operation/BaseOperation.java|storm-core/src/jvm/storm/trident/operation/CombinerAggregator.java|storm-core/src/jvm/storm/trident/operation/EachOperation.java|storm-core/src/jvm/storm/trident/operation/Filter.java|storm-core/src/jvm/storm/trident/operation/Function.java|storm-core/src/jvm/storm/trident/operation/GroupedMultiReducer.java|storm-core/src/jvm/storm/trident/operation/MultiReducer.java|storm-core/src/jvm/storm/trident/operation/Operation.java|storm-core/src/jvm/storm/trident/operation/ReducerAggregator.java|storm-core/src/jvm/storm/trident/operation/TridentCollector.java|storm-core/src/jvm/storm/trident/operation/TridentMultiReducerContext.java|storm-core/src/jvm/storm/trident/operation/TridentOperationContext.java|storm-core/src/jvm/storm/trident/operation/builtin/Count.java|storm-core/src/jvm/storm/trident/operation/builtin/Debug.java|storm-core/src/jvm/storm/trident/operation/builtin/Equals.java|storm-core/src/jvm/storm/trident/operation/builtin/FilterNull.java|storm-core/src/jvm/storm/trident/operation/builtin/FirstN.java|storm-core/src/jvm/storm/trident/operation/builtin/MapGet.java|storm-core/src/jvm/storm/trident/operation/builtin/Negate.java|storm-core/src/jvm/storm/trident/operation/builtin/SnapshotGet.java|storm-core/src/jvm/storm/trident/operation/builtin/Sum.java|storm-core/src/jvm/storm/trident/operation/builtin/TupleCollectionGet.java|storm-core/src/jvm/storm/trident/operation/impl/CaptureCollector.java|storm-core/src/jvm/storm/trident/operation/impl/ChainedAggregatorImpl.java|storm-core/src/jvm/storm/trident/operation/impl/ChainedResult.java|storm-core/src/jvm/storm/trident/operation/impl/CombinerAggStateUpdater.java|storm-core/src/jvm/storm/trident/operation/impl/CombinerAggregatorCombineImpl.java|storm-core/src/jvm/storm/trident/operation/impl/CombinerAggregatorInitImpl.java|storm-core/src/jvm/storm/trident/operation/impl/FilterExecutor.java|storm-core/src/jvm/storm/trident/operation/impl/GlobalBatchToPartition.java|storm-core/src/jvm/storm/trident/operation/impl/GroupCollector.java|storm-core/src/jvm/storm/trident/operation/impl/GroupedAggregator.java|storm-core/src/jvm/storm/trident/operation/impl/GroupedMultiReducerExecutor.java|storm-core/src/jvm/storm/trident/operation/impl/IdentityMultiReducer.java|storm-core/src/jvm/storm/trident/operation/impl/IndexHashBatchToPartition.java|storm-core/src/jvm/storm/trident/operation/impl/JoinerMultiReducer.java|storm-core/src/jvm/storm/trident/operation/impl/ReducerAggStateUpdater.java|storm-core/src/jvm/storm/trident/operation/impl/ReducerAggregatorImpl.java|storm-core/src/jvm/storm/trident/operation/impl/Result.java|storm-core/src/jvm/storm/trident/operation/impl/SingleEmitAggregator.java|storm-core/src/jvm/storm/trident/operation/impl/TrueFilter.java|storm-core/src/jvm/storm/trident/partition/GlobalGrouping.java|storm-core/src/jvm/storm/trident/partition/IdentityGrouping.java|storm-core/src/jvm/storm/trident/partition/IndexHashGrouping.java|storm-core/src/jvm/storm/trident/planner/BridgeReceiver.java|storm-core/src/jvm/storm/trident/planner/Node.java|storm-core/src/jvm/storm/trident/planner/NodeStateInfo.java|storm-core/src/jvm/storm/trident/planner/PartitionNode.java|storm-core/src/jvm/storm/trident/planner/ProcessorContext.java|storm-core/src/jvm/storm/trident/planner/ProcessorNode.java|storm-core/src/jvm/storm/trident/planner/SpoutNode.java|storm-core/src/jvm/storm/trident/planner/SubtopologyBolt.java|storm-core/src/jvm/storm/trident/planner/TridentProcessor.java|storm-core/src/jvm/storm/trident/planner/TupleReceiver.java|storm-core/src/jvm/storm/trident/planner/processor/AggregateProcessor.java|storm-core/src/jvm/storm/trident/planner/processor/AppendCollector.java|storm-core/src/jvm/storm/trident/planner/processor/EachProcessor.java|storm-core/src/jvm/storm/trident/planner/processor/FreshCollector.java|storm-core/src/jvm/storm/trident/planner/processor/MultiReducerProcessor.java|storm-core/src/jvm/storm/trident/planner/processor/PartitionPersistProcessor.java|storm-core/src/jvm/storm/trident/planner/processor/ProjectedProcessor.java|storm-core/src/jvm/storm/trident/planner/processor/StateQueryProcessor.java|storm-core/src/jvm/storm/trident/planner/processor/TridentContext.java|storm-core/src/jvm/storm/trident/spout/BatchSpoutExecutor.java|storm-core/src/jvm/storm/trident/spout/IBatchID.java|storm-core/src/jvm/storm/trident/spout/IBatchSpout.java|storm-core/src/jvm/storm/trident/spout/ICommitterTridentSpout.java|storm-core/src/jvm/storm/trident/spout/IOpaquePartitionedTridentSpout.java|storm-core/src/jvm/storm/trident/spout/IPartitionedTridentSpout.java|storm-core/src/jvm/storm/trident/spout/ISpoutPartition.java|storm-core/src/jvm/storm/trident/spout/ITridentDataSource.java|storm-core/src/jvm/storm/trident/spout/ITridentSpout.java|storm-core/src/jvm/storm/trident/spout/OpaquePartitionedTridentSpoutExecutor.java|storm-core/src/jvm/storm/trident/spout/PartitionedTridentSpoutExecutor.java|storm-core/src/jvm/storm/trident/spout/RichSpoutBatchExecutor.java|storm-core/src/jvm/storm/trident/spout/RichSpoutBatchId.java|storm-core/src/jvm/storm/trident/spout/RichSpoutBatchIdSerializer.java|storm-core/src/jvm/storm/trident/spout/RichSpoutBatchTriggerer.java|storm-core/src/jvm/storm/trident/spout/TridentSpoutCoordinator.java|storm-core/src/jvm/storm/trident/spout/TridentSpoutExecutor.java|storm-core/src/jvm/storm/trident/state/BaseQueryFunction.java|storm-core/src/jvm/storm/trident/state/BaseStateUpdater.java|storm-core/src/jvm/storm/trident/state/CombinerValueUpdater.java|storm-core/src/jvm/storm/trident/state/ITupleCollection.java|storm-core/src/jvm/storm/trident/state/JSONNonTransactionalSerializer.java|storm-core/src/jvm/storm/trident/state/JSONOpaqueSerializer.java|storm-core/src/jvm/storm/trident/state/JSONTransactionalSerializer.java|storm-core/src/jvm/storm/trident/state/OpaqueValue.java|storm-core/src/jvm/storm/trident/state/QueryFunction.java|storm-core/src/jvm/storm/trident/state/ReadOnlyState.java|storm-core/src/jvm/storm/trident/state/ReducerValueUpdater.java|storm-core/src/jvm/storm/trident/state/Serializer.java|storm-core/src/jvm/storm/trident/state/State.java|storm-core/src/jvm/storm/trident/state/StateFactory.java|storm-core/src/jvm/storm/trident/state/StateSpec.java|storm-core/src/jvm/storm/trident/state/StateType.java|storm-core/src/jvm/storm/trident/state/StateUpdater.java|storm-core/src/jvm/storm/trident/state/TransactionalValue.java|storm-core/src/jvm/storm/trident/state/ValueUpdater.java|storm-core/src/jvm/storm/trident/state/map/CachedBatchReadsMap.java|storm-core/src/jvm/storm/trident/state/map/CachedMap.java|storm-core/src/jvm/storm/trident/state/map/IBackingMap.java|storm-core/src/jvm/storm/trident/state/map/MapCombinerAggStateUpdater.java|storm-core/src/jvm/storm/trident/state/map/MapReducerAggStateUpdater.java|storm-core/src/jvm/storm/trident/state/map/MapState.java|storm-core/src/jvm/storm/trident/state/map/MicroBatchIBackingMap.java|storm-core/src/jvm/storm/trident/state/map/NonTransactionalMap.java|storm-core/src/jvm/storm/trident/state/map/OpaqueMap.java|storm-core/src/jvm/storm/trident/state/map/ReadOnlyMapState.java|storm-core/src/jvm/storm/trident/state/map/RemovableMapState.java|storm-core/src/jvm/storm/trident/state/map/SnapshottableMap.java|storm-core/src/jvm/storm/trident/state/map/TransactionalMap.java|storm-core/src/jvm/storm/trident/state/snapshot/ReadOnlySnapshottable.java|storm-core/src/jvm/storm/trident/state/snapshot/Snapshottable.java|storm-core/src/jvm/storm/trident/testing/CountAsAggregator.java|storm-core/src/jvm/storm/trident/testing/FeederBatchSpout.java|storm-core/src/jvm/storm/trident/testing/FeederCommitterBatchSpout.java|storm-core/src/jvm/storm/trident/testing/FixedBatchSpout.java|storm-core/src/jvm/storm/trident/testing/IFeeder.java|storm-core/src/jvm/storm/trident/testing/LRUMemoryMapState.java|storm-core/src/jvm/storm/trident/testing/MemoryBackingMap.java|storm-core/src/jvm/storm/trident/testing/MemoryMapState.java|storm-core/src/jvm/storm/trident/testing/Split.java|storm-core/src/jvm/storm/trident/testing/StringLength.java|storm-core/src/jvm/storm/trident/testing/TrueFilter.java|storm-core/src/jvm/storm/trident/testing/TuplifyArgs.java|storm-core/src/jvm/storm/trident/topology/BatchInfo.java|storm-core/src/jvm/storm/trident/topology/ITridentBatchBolt.java|storm-core/src/jvm/storm/trident/topology/MasterBatchCoordinator.java|storm-core/src/jvm/storm/trident/topology/TransactionAttempt.java|storm-core/src/jvm/storm/trident/topology/TridentBoltExecutor.java|storm-core/src/jvm/storm/trident/topology/TridentTopologyBuilder.java|storm-core/src/jvm/storm/trident/topology/state/RotatingTransactionalState.java|storm-core/src/jvm/storm/trident/topology/state/TestTransactionalState.java|storm-core/src/jvm/storm/trident/topology/state/TransactionalState.java|storm-core/src/jvm/storm/trident/tuple/ComboList.java|storm-core/src/jvm/storm/trident/tuple/ConsList.java|storm-core/src/jvm/storm/trident/tuple/TridentTuple.java|storm-core/src/jvm/storm/trident/tuple/TridentTupleView.java|storm-core/src/jvm/storm/trident/tuple/ValuePointer.java|storm-core/src/jvm/storm/trident/util/ErrorEdgeFactory.java|storm-core/src/jvm/storm/trident/util/IndexedEdge.java|storm-core/src/jvm/storm/trident/util/LRUMap.java|storm-core/src/jvm/storm/trident/util/TridentUtils.java|storm-core/test/jvm/backtype/storm/TestConfigValidate.java|storm-core/test/jvm/backtype/storm/blobstore/BlobStoreTest.java|storm-core/test/jvm/backtype/storm/blobstore/BlobSynchronizerTest.java|storm-core/test/jvm/backtype/storm/blobstore/ClientBlobStoreTest.java|storm-core/test/jvm/backtype/storm/grouping/PartialKeyGroupingTest.java|storm-core/test/jvm/backtype/storm/localizer/LocalizedResourceRetentionSetTest.java|storm-core/test/jvm/backtype/storm/localizer/LocalizedResourceSetTest.java|storm-core/test/jvm/backtype/storm/localizer/LocalizerTest.java|storm-core/test/jvm/backtype/storm/metric/internal/CountStatAndMetricTest.java|storm-core/test/jvm/backtype/storm/metric/internal/LatencyStatAndMetricTest.java|storm-core/test/jvm/backtype/storm/metric/internal/RateTrackerTest.java|storm-core/test/jvm/backtype/storm/nimbus/InMemoryTopologyActionNotifier.java|storm-core/test/jvm/backtype/storm/scheduler/resource/TestResourceAwareScheduler.java|storm-core/test/jvm/backtype/storm/scheduler/resource/TestUser.java|storm-core/test/jvm/backtype/storm/scheduler/resource/TestUtilsForResourceAwareScheduler.java|storm-core/test/jvm/backtype/storm/serialization/GzipBridgeSerializationDelegateTest.java|storm-core/test/jvm/backtype/storm/serialization/GzipBridgeThriftSerializationDelegateTest.java|storm-core/test/jvm/backtype/storm/serialization/ThriftBridgeSerializationDelegateTest.java|storm-core/test/jvm/backtype/storm/topology/TopologyBuilderTest.java|storm-core/test/jvm/backtype/storm/topology/WindowedBoltExecutorTest.java|storm-core/test/jvm/backtype/storm/utils/DisruptorQueueBackpressureTest.java|storm-core/test/jvm/backtype/storm/utils/DisruptorQueueTest.java|storm-core/test/jvm/backtype/storm/utils/MockTupleHelpers.java|storm-core/test/jvm/backtype/storm/utils/ShellBoltMessageQueueTest.java|storm-core/test/jvm/backtype/storm/utils/StormBoundedExponentialBackoffRetryTest.java|storm-core/test/jvm/backtype/storm/utils/ThriftTopologyUtilsTest.java|storm-core/test/jvm/backtype/storm/windowing/WaterMarkEventGeneratorTest.java|storm-core/test/jvm/backtype/storm/windowing/WindowManagerTest.java|storm-core/test/jvm/org/apache/storm/TestConfigValidate.java|storm-core/test/jvm/org/apache/storm/blobstore/BlobStoreTest.java|storm-core/test/jvm/org/apache/storm/blobstore/BlobSynchronizerTest.java|storm-core/test/jvm/org/apache/storm/blobstore/ClientBlobStoreTest.java|storm-core/test/jvm/org/apache/storm/grouping/PartialKeyGroupingTest.java|storm-core/test/jvm/org/apache/storm/localizer/LocalizedResourceRetentionSetTest.java|storm-core/test/jvm/org/apache/storm/localizer/LocalizedResourceSetTest.java|storm-core/test/jvm/org/apache/storm/localizer/LocalizerTest.java|storm-core/test/jvm/org/apache/storm/metric/internal/CountStatAndMetricTest.java|storm-core/test/jvm/org/apache/storm/metric/internal/LatencyStatAndMetricTest.java|storm-core/test/jvm/org/apache/storm/metric/internal/RateTrackerTest.java|storm-core/test/jvm/org/apache/storm/nimbus/InMemoryTopologyActionNotifier.java|storm-core/test/jvm/org/apache/storm/scheduler/resource/TestResourceAwareScheduler.java|storm-core/test/jvm/org/apache/storm/scheduler/resource/TestUser.java|storm-core/test/jvm/org/apache/storm/scheduler/resource/TestUtilsForResourceAwareScheduler.java|storm-core/test/jvm/org/apache/storm/serialization/GzipBridgeSerializationDelegateTest.java|storm-core/test/jvm/org/apache/storm/serialization/GzipBridgeThriftSerializationDelegateTest.java|storm-core/test/jvm/org/apache/storm/serialization/ThriftBridgeSerializationDelegateTest.java|storm-core/test/jvm/org/apache/storm/spout/CheckpointSpoutTest.java|storm-core/test/jvm/org/apache/storm/state/InMemoryKeyValueStateTest.java|storm-core/test/jvm/org/apache/storm/topology/StatefulBoltExecutorTest.java|storm-core/test/jvm/org/apache/storm/topology/TopologyBuilderTest.java|storm-core/test/jvm/org/apache/storm/topology/WindowedBoltExecutorTest.java|storm-core/test/jvm/org/apache/storm/utils/DisruptorQueueBackpressureTest.java|storm-core/test/jvm/org/apache/storm/utils/DisruptorQueueTest.java|storm-core/test/jvm/org/apache/storm/utils/MockTupleHelpers.java|storm-core/test/jvm/org/apache/storm/utils/ShellBoltMessageQueueTest.java|storm-core/test/jvm/org/apache/storm/utils/StormBoundedExponentialBackoffRetryTest.java|storm-core/test/jvm/org/apache/storm/utils/ThriftTopologyUtilsTest.java|storm-core/test/jvm/org/apache/storm/windowing/WaterMarkEventGeneratorTest.java|storm-core/test/jvm/org/apache/storm/windowing/WindowManagerTest.java|storm-core/test/jvm/storm/trident/TestTridentTopology.java|storm-rename-hack/src/main/java/org/apache/storm/hack/DefaultShader.java|storm-rename-hack/src/main/java/org/apache/storm/hack/IOUtil.java|storm-rename-hack/src/main/java/org/apache/storm/hack/ShadeRequest.java|storm-rename-hack/src/main/java/org/apache/storm/hack/StormShadeRequest.java|storm-rename-hack/src/main/java/org/apache/storm/hack/StormShadeTransformer.java|storm-rename-hack/src/main/java/org/apache/storm/hack/relocation/Relocator.java|storm-rename-hack/src/main/java/org/apache/storm/hack/relocation/SimpleRelocator.java|storm-rename-hack/src/main/java/org/apache/storm/hack/resource/ClojureTransformer.java|storm-rename-hack/src/main/java/org/apache/storm/hack/resource/ResourceTransformer.java",1135,true,"0.9.0.1",true,"pronto per labeling [IV,FV)"
"STORM-1418",false,"",true,"1.0.0",2,4,"external/storm-hbase/src/main/java/org/apache/storm/hbase/bolt/HBaseBolt.java|external/storm-hive/src/main/java/org/apache/storm/hive/bolt/HiveBolt.java|external/storm-kafka/src/jvm/storm/kafka/PartitionManager.java|external/storm-kafka/src/jvm/storm/kafka/ZkState.java",3,true,"0.9.2-incubating",true,"pronto per labeling [IV,FV)"
"STORM-1417",false,"",true,"1.0.0",3,1,"storm-core/src/jvm/storm/trident/topology/TridentBoltExecutor.java",1,true,"0.9.0.1",true,"pronto per labeling [IV,FV)"
"STORM-1413",false,"",true,"1.0.0",2,2,"storm-core/test/jvm/backtype/storm/blobstore/BlobStoreTest.java|storm-core/test/jvm/backtype/storm/localizer/LocalizerTest.java",1,true,"1.0.0",true,"pronto per labeling [IV,FV)"
"STORM-1412",false,"",true,"1.0.0",2,1,"storm-core/src/jvm/backtype/storm/scheduler/resource/User.java",1,true,"1.0.0",true,"pronto per labeling [IV,FV)"
"STORM-1411",false,"",true,"1.0.0",2,3,"storm-core/src/jvm/backtype/storm/windowing/EventImpl.java|storm-core/src/jvm/backtype/storm/windowing/TimeTriggerPolicy.java|storm-core/src/jvm/backtype/storm/windowing/WatermarkTimeTriggerPolicy.java",2,true,"0.10.0",true,"pronto per labeling [IV,FV)"
"STORM-1409",false,"",true,"1.0.0",3,1,"storm-core/src/jvm/backtype/storm/messaging/netty/StormClientErrorHandler.java",7,true,"0.9.0.1",true,"pronto per labeling [IV,FV)"
"STORM-1408",false,"",true,"1.0.0",2,0,"",0,false,"",false,"nessuna classe Java nei fixing commit"
"STORM-1407",true,"1.0.0",true,"1.0.0",2,0,"",0,false,"",false,"nessuna classe Java nei fixing commit"
"STORM-1405",false,"",true,"1.0.0",2,0,"",0,false,"",false,"nessuna classe Java nei fixing commit"
"STORM-1402",true,"1.0.0",true,"1.0.0",1,0,"",0,false,"",false,"nessuna classe Java nei fixing commit"
"STORM-1400",true,"0.10.0",true,"1.0.0",3,1,"storm-core/src/jvm/backtype/storm/messaging/netty/Context.java",1,true,"0.9.4",true,"pronto per labeling [IV,FV)"
"STORM-1399",true,"1.0.0",true,"1.0.0",3,64,"examples/storm-starter/src/jvm/storm/starter/ResourceAwareExampleTopology.java|examples/storm-starter/src/jvm/storm/starter/SlidingTupleTsTopology.java|examples/storm-starter/src/jvm/storm/starter/SlidingWindowTopology.java|examples/storm-starter/src/jvm/storm/starter/bolt/SlidingWindowSumBolt.java|examples/storm-starter/src/jvm/storm/starter/spout/RandomIntegerSpout.java|storm-core/src/jvm/backtype/storm/Config.java|storm-core/src/jvm/backtype/storm/ISubmitterHook.java|storm-core/src/jvm/backtype/storm/StormSubmitter.java|storm-core/src/jvm/backtype/storm/blobstore/BlobSynchronizer.java|storm-core/src/jvm/backtype/storm/blobstore/KeySequenceNumber.java|storm-core/src/jvm/backtype/storm/blobstore/LocalFsBlobStore.java|storm-core/src/jvm/backtype/storm/messaging/netty/Context.java|storm-core/src/jvm/backtype/storm/scheduler/Cluster.java|storm-core/src/jvm/backtype/storm/scheduler/SupervisorDetails.java|storm-core/src/jvm/backtype/storm/scheduler/Topologies.java|storm-core/src/jvm/backtype/storm/scheduler/TopologyDetails.java|storm-core/src/jvm/backtype/storm/scheduler/resource/RAS_Node.java|storm-core/src/jvm/backtype/storm/scheduler/resource/RAS_Nodes.java|storm-core/src/jvm/backtype/storm/scheduler/resource/ResourceAwareScheduler.java|storm-core/src/jvm/backtype/storm/scheduler/resource/ResourceUtils.java|storm-core/src/jvm/backtype/storm/scheduler/resource/SchedulingResult.java|storm-core/src/jvm/backtype/storm/scheduler/resource/SchedulingStatus.java|storm-core/src/jvm/backtype/storm/scheduler/resource/User.java|storm-core/src/jvm/backtype/storm/scheduler/resource/strategies/IStrategy.java|storm-core/src/jvm/backtype/storm/scheduler/resource/strategies/ResourceAwareStrategy.java|storm-core/src/jvm/backtype/storm/scheduler/resource/strategies/eviction/DefaultEvictionStrategy.java|storm-core/src/jvm/backtype/storm/scheduler/resource/strategies/eviction/IEvictionStrategy.java|storm-core/src/jvm/backtype/storm/scheduler/resource/strategies/priority/DefaultSchedulingPriorityStrategy.java|storm-core/src/jvm/backtype/storm/scheduler/resource/strategies/priority/ISchedulingPriorityStrategy.java|storm-core/src/jvm/backtype/storm/scheduler/resource/strategies/scheduling/DefaultResourceAwareStrategy.java|storm-core/src/jvm/backtype/storm/scheduler/resource/strategies/scheduling/IStrategy.java|storm-core/src/jvm/backtype/storm/topology/WindowedBoltExecutor.java|storm-core/src/jvm/backtype/storm/topology/base/BaseWindowedBolt.java|storm-core/src/jvm/backtype/storm/utils/NimbusClient.java|storm-core/src/jvm/backtype/storm/utils/NimbusLeaderNotFoundException.java|storm-core/src/jvm/backtype/storm/utils/Utils.java|storm-core/src/jvm/backtype/storm/validation/ConfigValidation.java|storm-core/src/jvm/backtype/storm/validation/ConfigValidationAnnotations.java|storm-core/src/jvm/backtype/storm/windowing/CountEvictionPolicy.java|storm-core/src/jvm/backtype/storm/windowing/CountTriggerPolicy.java|storm-core/src/jvm/backtype/storm/windowing/Event.java|storm-core/src/jvm/backtype/storm/windowing/EventImpl.java|storm-core/src/jvm/backtype/storm/windowing/EvictionPolicy.java|storm-core/src/jvm/backtype/storm/windowing/TimeEvictionPolicy.java|storm-core/src/jvm/backtype/storm/windowing/TimeTriggerPolicy.java|storm-core/src/jvm/backtype/storm/windowing/TriggerHandler.java|storm-core/src/jvm/backtype/storm/windowing/WaterMarkEvent.java|storm-core/src/jvm/backtype/storm/windowing/WaterMarkEventGenerator.java|storm-core/src/jvm/backtype/storm/windowing/WatermarkCountEvictionPolicy.java|storm-core/src/jvm/backtype/storm/windowing/WatermarkCountTriggerPolicy.java|storm-core/src/jvm/backtype/storm/windowing/WatermarkTimeEvictionPolicy.java|storm-core/src/jvm/backtype/storm/windowing/WatermarkTimeTriggerPolicy.java|storm-core/src/jvm/backtype/storm/windowing/WindowManager.java|storm-core/src/jvm/storm/trident/planner/processor/StateQueryProcessor.java|storm-core/test/jvm/backtype/storm/TestConfigValidate.java|storm-core/test/jvm/backtype/storm/localizer/LocalizerTest.java|storm-core/test/jvm/backtype/storm/scheduler/resource/TestResourceAwareScheduler.java|storm-core/test/jvm/backtype/storm/scheduler/resource/TestUser.java|storm-core/test/jvm/backtype/storm/scheduler/resource/TestUtilsForResourceAwareScheduler.java|storm-core/test/jvm/backtype/storm/topology/WindowedBoltExecutorTest.java|storm-core/test/jvm/backtype/storm/windowing/WaterMarkEventGeneratorTest.java|storm-core/test/jvm/backtype/storm/windowing/WindowManagerTest.java|storm-core/test/jvm/backtype/storm/blobstore/BlobStoreTest.java|storm-core/test/jvm/backtype/storm/blobstore/BlobSynchronizerTest.java",32,true,"0.9.0.1",true,"pronto per labeling [IV,FV)"
"STORM-1398",true,"1.0.0",true,"1.0.0",2,1,"storm-core/src/jvm/backtype/storm/scheduler/TopologyDetails.java",0,false,"",true,"SZZ non ha trovato un commit introducente"
"STORM-1397",false,"",true,"1.0.0",2,0,"",0,false,"",false,"nessuna classe Java nei fixing commit"
"STORM-1396",false,"",true,"1.0.0",2,1,"storm-core/src/jvm/backtype/storm/blobstore/BlobStore.java",1,true,"1.0.0",true,"pronto per labeling [IV,FV)"
"STORM-1395",true,"1.0.0",true,"1.0.0",3,0,"",0,false,"",false,"nessuna classe Java nei fixing commit"
"STORM-1388",false,"",true,"1.0.0",1,0,"",0,false,"",false,"nessuna classe Java nei fixing commit"
"STORM-1385",false,"",true,"1.0.0",1,0,"",0,false,"",false,"nessuna classe Java nei fixing commit"
"STORM-1378",false,"",true,"1.0.0",1,2,"storm-core/src/jvm/backtype/storm/blobstore/BlobStore.java|storm-core/test/jvm/backtype/storm/localizer/LocalizerTest.java",1,true,"1.0.0",true,"pronto per labeling [IV,FV)"
"STORM-1377",true,"0.10.0|1.0.0",true,"1.0.0",3,0,"",0,false,"",false,"nessuna classe Java nei fixing commit"
"STORM-1376",true,"1.0.0",true,"1.0.0",1,0,"",0,false,"",false,"nessuna classe Java nei fixing commit"
"STORM-1375",true,"1.0.0",true,"1.0.0",2,0,"",0,false,"",false,"nessuna classe Java nei fixing commit"
"STORM-1370",false,"",true,"1.0.0",3,2,"storm-core/src/jvm/backtype/storm/scheduler/multitenant/IsolatedPool.java|storm-core/src/jvm/backtype/storm/scheduler/multitenant/Node.java",2,true,"0.9.2-incubating",true,"pronto per labeling [IV,FV)"
"STORM-1363",true,"0.10.1|1.x",true,"2.0.0|1.1.0",3,1,"external/storm-kafka-client/src/main/java/org/apache/storm/kafka/trident/TridentKafkaState.java",1,true,"1.0.3",true,"pronto per labeling [IV,FV)"
"STORM-1361",false,"",true,"1.0.0",2,1,"external/storm-cassandra/src/main/java/org/apache/storm/cassandra/query/ContextQuery.java",0,false,"",true,"SZZ non ha trovato un commit introducente"
"STORM-1359",false,"",true,"1.0.0",1,0,"",0,false,"",false,"nessuna classe Java nei fixing commit"
"STORM-1349",false,"",true,"1.0.0",1,0,"",0,false,"",false,"nessuna classe Java nei fixing commit"
"STORM-1348",false,"",true,"1.0.0",5,23,"external/storm-cassandra/src/main/java/org/apache/storm/cassandra/DynamicStatementBuilder.java|external/storm-cassandra/src/main/java/org/apache/storm/cassandra/Murmur3StreamGrouping.java|external/storm-cassandra/src/main/java/org/apache/storm/cassandra/query/BaseCQLStatementTupleMapper.java|external/storm-cassandra/src/main/java/org/apache/storm/cassandra/query/BatchStatementTupleMapper.java|external/storm-cassandra/src/main/java/org/apache/storm/cassandra/query/CQLClauseTupleMapper.java|external/storm-cassandra/src/main/java/org/apache/storm/cassandra/query/CQLStatementBuilder.java|external/storm-cassandra/src/main/java/org/apache/storm/cassandra/query/CQLStatementTupleMapper.java|external/storm-cassandra/src/main/java/org/apache/storm/cassandra/query/CQLTableTupleMapper.java|external/storm-cassandra/src/main/java/org/apache/storm/cassandra/query/CQLValuesTupleMapper.java|external/storm-cassandra/src/main/java/org/apache/storm/cassandra/query/Column.java|external/storm-cassandra/src/main/java/org/apache/storm/cassandra/query/CqlMapper.java|external/storm-cassandra/src/main/java/org/apache/storm/cassandra/query/SimpleCQLStatementTupleMapper.java|external/storm-cassandra/src/main/java/org/apache/storm/cassandra/query/builder/BoundCQLStatementMapperBuilder.java|external/storm-cassandra/src/main/java/org/apache/storm/cassandra/query/builder/SimpleCQLStatementMapperBuilder.java|external/storm-cassandra/src/main/java/org/apache/storm/cassandra/query/impl/BatchCQLStatementTupleMapper.java|external/storm-cassandra/src/main/java/org/apache/storm/cassandra/query/impl/BoundCQLStatementTupleMapper.java|external/storm-cassandra/src/main/java/org/apache/storm/cassandra/query/impl/BoundStatementMapperBuilder.java|external/storm-cassandra/src/main/java/org/apache/storm/cassandra/query/impl/InsertStatementBuilder.java|external/storm-cassandra/src/main/java/org/apache/storm/cassandra/query/impl/PreparedStatementBinder.java|external/storm-cassandra/src/main/java/org/apache/storm/cassandra/query/impl/RoutingKeyGenerator.java|external/storm-cassandra/src/main/java/org/apache/storm/cassandra/query/impl/SimpleCQLStatementMapper.java|external/storm-cassandra/src/main/java/org/apache/storm/cassandra/query/impl/UpdateStatementBuilder.java|external/storm-cassandra/src/main/java/org/apache/storm/cassandra/query/selector/FieldSelector.java",4,true,"0.10.0",true,"pronto per labeling [IV,FV)"
"STORM-1344",true,"1.0.0",true,"2.0.0|1.1.0|1.0.3",3,0,"",0,false,"",false,"nessuna classe Java nei fixing commit"
"STORM-1223",false,"",false,"",0,0,"",0,false,"",false,"nessuna classe Java nei fixing commit"
"STORM-1221",false,"",true,"1.0.0",3,6,"storm-core/src/jvm/storm/trident/TridentTopology.java|storm-core/src/jvm/storm/trident/spout/IBatchSpout.java|storm-core/src/jvm/storm/trident/spout/IOpaquePartitionedTridentSpout.java|storm-core/src/jvm/storm/trident/spout/IPartitionedTridentSpout.java|storm-core/src/jvm/storm/trident/spout/ITridentDataSource.java|storm-core/src/jvm/storm/trident/spout/ITridentSpout.java",2,true,"0.9.0.1",true,"pronto per labeling [IV,FV)"
"STORM-1220",false,"",true,"1.0.0",5,14,"storm-core/src/jvm/backtype/storm/spout/RawMultiScheme.java|external/storm-kafka/src/jvm/storm/kafka/KafkaUtils.java|external/storm-kafka/src/jvm/storm/kafka/KeyValueScheme.java|external/storm-kafka/src/jvm/storm/kafka/KeyValueSchemeAsMultiScheme.java|external/storm-kafka/src/jvm/storm/kafka/MessageMetadataScheme.java|external/storm-kafka/src/jvm/storm/kafka/MessageMetadataSchemeAsMultiScheme.java|external/storm-kafka/src/jvm/storm/kafka/StringKeyValueScheme.java|external/storm-kafka/src/jvm/storm/kafka/StringMessageAndMetadataScheme.java|external/storm-kafka/src/jvm/storm/kafka/StringMultiSchemeWithTopic.java|external/storm-kafka/src/jvm/storm/kafka/StringScheme.java|storm-core/src/jvm/backtype/storm/spout/MultiScheme.java|storm-core/src/jvm/backtype/storm/spout/RawScheme.java|storm-core/src/jvm/backtype/storm/spout/Scheme.java|storm-core/src/jvm/backtype/storm/spout/SchemeAsMultiScheme.java",10,true,"0.9.0.1",true,"pronto per labeling [IV,FV)"
"STORM-1219",false,"",true,"1.0.0",3,3,"external/storm-hdfs/src/main/java/org/apache/storm/hdfs/bolt/AbstractHdfsBolt.java|external/storm-hive/src/main/java/org/apache/storm/hive/bolt/HiveBolt.java|external/storm-hive/src/main/java/org/apache/storm/hive/common/HiveOptions.java",4,true,"0.9.1-incubating",true,"pronto per labeling [IV,FV)"
"STORM-1218",false,"",true,"1.0.0",2,37,"examples/storm-starter/src/jvm/storm/starter/RollingTopWords.java|examples/storm-starter/src/jvm/storm/starter/SkewedRollingTopWords.java|storm-core/src/jvm/backtype/storm/Config.java|storm-core/src/jvm/backtype/storm/StormSubmitter.java|storm-core/src/jvm/backtype/storm/metric/HttpForwardingMetricsConsumer.java|storm-core/src/jvm/backtype/storm/metric/LoggingMetricsConsumer.java|storm-core/src/jvm/backtype/storm/multilang/BoltMsg.java|storm-core/src/jvm/backtype/storm/multilang/ShellMsg.java|storm-core/src/jvm/backtype/storm/multilang/SpoutMsg.java|storm-core/src/jvm/backtype/storm/networktopography/AbstractDNSToSwitchMapping.java|storm-core/src/jvm/backtype/storm/networktopography/DNSToSwitchMapping.java|storm-core/src/jvm/backtype/storm/scheduler/INimbus.java|storm-core/src/jvm/backtype/storm/scheduler/IScheduler.java|storm-core/src/jvm/backtype/storm/security/auth/IAuthorizer.java|storm-core/src/jvm/backtype/storm/security/auth/ReqContext.java|storm-core/src/jvm/backtype/storm/security/auth/authorizer/SimpleWhitelistAuthorizer.java|storm-core/src/jvm/backtype/storm/security/serialization/BlowfishTupleSerializer.java|storm-core/src/jvm/backtype/storm/spout/ISpout.java|storm-core/src/jvm/backtype/storm/spout/ISpoutWaitStrategy.java|storm-core/src/jvm/backtype/storm/spout/SpoutOutputCollector.java|storm-core/src/jvm/backtype/storm/task/IBolt.java|storm-core/src/jvm/backtype/storm/task/OutputCollector.java|storm-core/src/jvm/backtype/storm/task/ShellBolt.java|storm-core/src/jvm/backtype/storm/task/TopologyContext.java|storm-core/src/jvm/backtype/storm/testing/CompleteTopologyParam.java|storm-core/src/jvm/backtype/storm/testing/ForwardingMetricsConsumer.java|storm-core/src/jvm/backtype/storm/testing/MkClusterParam.java|storm-core/src/jvm/backtype/storm/testing/MockedSources.java|storm-core/src/jvm/backtype/storm/testing/TestJob.java|storm-core/src/jvm/backtype/storm/topology/TopologyBuilder.java|storm-core/src/jvm/backtype/storm/topology/base/BaseRichSpout.java|storm-core/src/jvm/backtype/storm/tuple/ITuple.java|storm-core/src/jvm/backtype/storm/utils/StormBoundedExponentialBackoffRetry.java|storm-core/src/jvm/backtype/storm/validation/ConfigValidation.java|storm-core/src/jvm/backtype/storm/validation/ConfigValidationAnnotations.java|storm-core/src/jvm/storm/trident/operation/Filter.java|storm-core/src/jvm/storm/trident/state/map/CachedMap.java",29,true,"0.9.0.1",true,"pronto per labeling [IV,FV)"
"STORM-1217",false,"",true,"1.0.0",3,3,"examples/storm-starter/src/jvm/storm/starter/ResourceAwareExampleTopology.java|storm-core/src/jvm/backtype/storm/scheduler/resource/ResourceAwareScheduler.java|storm-core/src/jvm/backtype/storm/scheduler/resource/strategies/ResourceAwareStrategy.java",2,true,"0.10.0",true,"pronto per labeling [IV,FV)"
"STORM-1213",true,"1.0.0",true,"1.0.0",2,0,"",0,false,"",false,"nessuna classe Java nei fixing commit"
"STORM-1208",true,"1.0.0",true,"1.0.0",2,2,"storm-core/src/jvm/backtype/storm/metric/internal/LatencyStatAndMetric.java|storm-core/src/jvm/backtype/storm/utils/Utils.java",1,true,"0.10.0",true,"pronto per labeling [IV,FV)"
"STORM-1204",false,"",true,"1.0.0",2,0,"",0,false,"",false,"nessuna classe Java nei fixing commit"
"STORM-1203",false,"",true,"1.0.0",3,0,"",0,false,"",false,"nessuna classe Java nei fixing commit"
"STORM-1191",false,"",true,"1.0.0",2,0,"",0,false,"",false,"nessuna classe Java nei fixing commit"
"STORM-1190",true,"1.0.0",true,"1.0.0",3,2,"storm-core/src/jvm/backtype/storm/utils/DisruptorQueue.java|storm-core/test/jvm/backtype/storm/utils/DisruptorQueueTest.java",3,true,"0.9.2-incubating",true,"pronto per labeling [IV,FV)"
"STORM-1189",true,"0.10.0",true,"1.0.0",4,1,"storm-core/src/jvm/backtype/storm/generated/ClusterSummary.java",1,true,"0.10.0",true,"pronto per labeling [IV,FV)"
"STORM-1185",true,"1.0.0",true,"1.0.0",2,0,"",0,false,"",false,"nessuna classe Java nei fixing commit"
"STORM-1180",true,"0.10.0",true,"1.0.0|0.10.1",3,1,"external/flux/flux-core/src/main/java/org/apache/storm/flux/Flux.java",1,true,"0.9.4",true,"pronto per labeling [IV,FV)"
"STORM-1179",true,"1.0.0",true,"1.0.0",5,1,"storm-core/src/jvm/backtype/storm/testing/IntegrationTest.java",0,false,"",true,"SZZ non ha trovato un commit introducente"
"STORM-1177",true,"1.0.0",true,"1.0.0",0,0,"",0,false,"",false,"nessuna classe Java nei fixing commit"
"STORM-1170",false,"",true,"1.0.0",3,1,"storm-core/test/jvm/backtype/storm/utils/DisruptorQueueTest.java",1,true,"0.10.0",true,"pronto per labeling [IV,FV)"
"STORM-1168",true,"1.0.0",true,"1.0.0",2,0,"",0,false,"",false,"nessuna classe Java nei fixing commit"
"STORM-1163",false,"",true,"1.0.0",3,0,"",0,false,"",false,"nessuna classe Java nei fixing commit"
"STORM-1161",false,"",true,"1.0.0",5,13,"examples/storm-starter/src/jvm/storm/starter/ResourceAwareExampleTopology.java|external/storm-hdfs/src/main/java/org/apache/storm/hdfs/bolt/AvroGenericRecordBolt.java|external/storm-hdfs/src/main/java/org/apache/storm/hdfs/ha/codedistributor/HDFSCodeDistributor.java|storm-core/src/jvm/backtype/storm/codedistributor/ICodeDistributor.java|storm-core/src/jvm/backtype/storm/codedistributor/LocalFileSystemCodeDistributor.java|storm-core/src/jvm/backtype/storm/metric/EventLoggerBolt.java|storm-core/src/jvm/backtype/storm/metric/FileBasedEventLogger.java|storm-core/src/jvm/backtype/storm/metric/IEventLogger.java|storm-core/src/jvm/backtype/storm/networktopography/DefaultRackDNSToSwitchMapping.java|storm-core/src/jvm/backtype/storm/nimbus/ILeaderElector.java|storm-core/src/jvm/backtype/storm/nimbus/NimbusInfo.java|storm-core/src/jvm/backtype/storm/security/auth/kerberos/NoOpTTrasport.java|storm-core/src/jvm/backtype/storm/testing/AlternateRackDNSToSwitchMapping.java",2,true,"0.10.0",true,"pronto per labeling [IV,FV)"
"STORM-1160",false,"",true,"1.0.0",3,0,"",0,false,"",false,"nessuna classe Java nei fixing commit"
"STORM-1150",true,"0.10.0",true,"1.0.0",2,0,"",0,false,"",false,"nessuna classe Java nei fixing commit"
"STORM-1148",true,"0.9.3|0.10.0|0.9.4|0.9.5|0.9.6",true,"1.0.0",0,0,"",0,false,"",false,"nessuna classe Java nei fixing commit"
"STORM-1147",true,"0.10.0",true,"1.0.0",3,5,"external/storm-jdbc/src/main/java/org/apache/storm/jdbc/bolt/AbstractJdbcBolt.java|external/storm-jdbc/src/main/java/org/apache/storm/jdbc/bolt/JdbcInsertBolt.java|external/storm-jdbc/src/main/java/org/apache/storm/jdbc/bolt/JdbcLookupBolt.java|external/storm-jdbc/src/main/java/org/apache/storm/jdbc/mapper/SimpleJdbcLookupMapper.java|external/storm-jdbc/src/main/java/org/apache/storm/jdbc/mapper/SimpleJdbcMapper.java",0,false,"",true,"SZZ non ha trovato un commit introducente"
"STORM-1142",true,"1.0.0",true,"1.0.0",3,1,"storm-core/src/jvm/backtype/storm/Config.java",1,true,"0.10.0",true,"pronto per labeling [IV,FV)"
"STORM-1134",true,"0.10.0",true,"1.0.0",3,0,"",0,false,"",false,"nessuna classe Java nei fixing commit"
"STORM-1121",false,"",true,"1.0.0",2,1,"storm-core/src/jvm/backtype/storm/Config.java",4,true,"0.9.0.1",true,"pronto per labeling [IV,FV)"
"STORM-1120",true,"1.0.0",true,"1.0.0",2,0,"",0,false,"",false,"nessuna classe Java nei fixing commit"
"STORM-1117",false,"",true,"1.0.0",2,0,"",0,false,"",false,"nessuna classe Java nei fixing commit"
"STORM-1115",true,"1.0.0",true,"1.0.0",2,0,"",0,false,"",false,"nessuna classe Java nei fixing commit"
"STORM-1114",false,"",true,"2.0.0|0.10.3|1.0.4|1.1.1|1.2.0",3,2,"storm-client/src/jvm/org/apache/storm/transactional/state/TransactionalState.java|storm-client/src/jvm/org/apache/storm/trident/topology/state/TransactionalState.java",1,true,"1.1.0",true,"pronto per labeling [IV,FV)"
"STORM-1111",false,"",true,"1.0.0",3,4,"storm-core/src/jvm/backtype/storm/Config.java|storm-core/src/jvm/backtype/storm/validation/ConfigValidation.java|storm-core/src/jvm/backtype/storm/validation/ConfigValidationAnnotations.java|storm-core/test/jvm/backtype/storm/TestConfigValidate.java",2,true,"0.10.0",true,"pronto per labeling [IV,FV)"
"STORM-1110",false,"",true,"1.0.0",2,0,"",0,false,"",false,"nessuna classe Java nei fixing commit"
"STORM-1106",true,"0.10.0",true,"0.10.0|1.0.0",1,0,"",0,false,"",false,"nessuna classe Java nei fixing commit"
"STORM-1104",true,"1.0.0",true,"1.0.0",2,0,"",0,false,"",false,"nessuna classe Java nei fixing commit"
"STORM-1103",true,"1.0.0",true,"1.0.0",2,1,"storm-core/src/jvm/backtype/storm/utils/Utils.java",1,true,"0.9.5",true,"pronto per labeling [IV,FV)"
"STORM-1099",false,"",true,"0.10.0",2,0,"",0,false,"",false,"nessuna classe Java nei fixing commit"
"STORM-1096",true,"0.10.0",true,"0.10.0",3,2,"storm-core/src/jvm/backtype/storm/security/auth/ReqContext.java|storm-core/src/jvm/backtype/storm/security/auth/kerberos/ServerCallbackHandler.java",0,false,"",true,"SZZ non ha trovato un commit introducente"
"STORM-1094",true,"0.10.0|1.0.0|0.9.6",true,"0.10.0",2,1,"external/storm-kafka/src/jvm/storm/kafka/PartitionManager.java",3,true,"0.9.1-incubating",true,"pronto per labeling [IV,FV)"
"STORM-1090",true,"1.0.0",true,"1.0.0",2,1,"storm-core/src/jvm/backtype/storm/nimbus/NimbusInfo.java",0,false,"",true,"SZZ non ha trovato un commit introducente"
"STORM-1087",false,"",true,"1.0.0",3,1,"storm-core/src/jvm/backtype/storm/utils/DisruptorQueue.java",1,true,"0.10.0",true,"pronto per labeling [IV,FV)"
"STORM-1078",true,"1.0.0",true,"1.0.0",2,3,"storm-core/src/jvm/backtype/storm/utils/DisruptorQueue.java|storm-core/src/jvm/backtype/storm/utils/RateTracker.java|storm-core/test/jvm/backtype/storm/utils/RateTrackerTest.java",5,true,"0.10.0",true,"pronto per labeling [IV,FV)"
"STORM-1073",false,"",true,"1.0.0",3,3,"external/storm-hdfs/src/main/java/org/apache/storm/hdfs/bolt/AbstractHdfsBolt.java|external/storm-hdfs/src/main/java/org/apache/storm/hdfs/bolt/HdfsBolt.java|external/storm-hdfs/src/main/java/org/apache/storm/hdfs/bolt/SequenceFileBolt.java",8,true,"0.9.1-incubating",true,"pronto per labeling [IV,FV)"
"STORM-1069",false,"",true,"1.0.0",2,1,"external/storm-kafka/src/jvm/storm/kafka/KafkaSpout.java",4,true,"0.9.0.1",true,"pronto per labeling [IV,FV)"
"STORM-1063",true,"1.0.0",true,"1.0.0",3,1,"storm-core/src/jvm/backtype/storm/Config.java",0,false,"",true,"SZZ non ha trovato un commit introducente"
"STORM-1054",false,"",true,"1.0.0",4,1,"storm-core/src/jvm/backtype/storm/security/auth/ShellBasedGroupsMapping.java",2,true,"0.9.3",true,"pronto per labeling [IV,FV)"
"STORM-1051",true,"0.10.0|1.0.0|0.9.6",true,"0.9.6",3,1,"storm-core/src/jvm/backtype/storm/messaging/netty/Client.java",1,true,"0.10.0",true,"pronto per labeling [IV,FV)"
"STORM-1050",true,"0.10.0|1.0.0|0.9.5",true,"0.10.0",2,0,"",0,false,"",false,"nessuna classe Java nei fixing commit"
"STORM-1044",false,"",true,"0.10.0",3,2,"storm-core/src/jvm/backtype/storm/topology/TopologyBuilder.java|storm-core/test/jvm/backtype/storm/topology/TopologyBuilderTest.java",3,true,"0.9.0.1",true,"pronto per labeling [IV,FV)"
"STORM-1042",true,"0.10.0",true,"0.10.0|1.0.0",1,0,"",0,false,"",false,"nessuna classe Java nei fixing commit"
"STORM-1030",false,"",true,"1.0.0",4,7,"external/storm-hive/src/main/java/org/apache/storm/hive/bolt/HiveBolt.java|external/storm-hive/src/main/java/org/apache/storm/hive/common/HiveOptions.java|external/storm-hive/src/main/java/org/apache/storm/hive/common/HiveUtils.java|external/storm-hive/src/main/java/org/apache/storm/hive/common/HiveWriter.java|external/storm-hive/src/main/java/org/apache/storm/hive/trident/HiveState.java|external/storm-hive/src/main/java/org/apache/storm/hive/trident/HiveStateFactory.java|external/storm-hive/src/main/java/org/apache/storm/hive/trident/HiveUpdater.java",7,true,"0.9.4",true,"pronto per labeling [IV,FV)"
"STORM-1027",true,"0.10.0|0.9.5",true,"0.10.0|0.9.6",4,0,"",0,false,"",false,"nessuna classe Java nei fixing commit"
"STORM-1026",true,"0.10.0|1.0.0|0.9.6",true,"0.10.0",3,0,"",0,false,"",false,"nessuna classe Java nei fixing commit"
"STORM-1024",false,"",true,"0.10.0",2,0,"",0,false,"",false,"nessuna classe Java nei fixing commit"
"STORM-1017",false,"",true,"1.0.0",4,3,"external/storm-kafka/src/jvm/storm/kafka/KafkaSpout.java|external/storm-kafka/src/jvm/storm/kafka/trident/OpaqueTridentKafkaSpout.java|external/storm-kafka/src/jvm/storm/kafka/trident/TransactionalTridentKafkaSpout.java",2,true,"0.9.0.1",true,"pronto per labeling [IV,FV)"
"STORM-1012",false,"",true,"0.10.0|1.0.0",4,0,"",0,false,"",false,"nessuna classe Java nei fixing commit"
"STORM-1011",false,"",true,"1.0.0",3,1,"external/storm-hbase/src/main/java/org/apache/storm/hbase/common/Utils.java",1,true,"0.9.2-incubating",true,"pronto per labeling [IV,FV)"
"STORM-1005",true,"0.9.4",true,"0.10.0",2,0,"",0,false,"",false,"nessuna classe Java nei fixing commit"
"STORM-1001",true,"0.10.0",true,"0.10.0",5,0,"",0,false,"",false,"nessuna classe Java nei fixing commit"
"STORM-996",true,"0.10.0|0.9.6",true,"0.9.6",3,1,"storm-core/src/jvm/backtype/storm/messaging/netty/Client.java",2,true,"0.9.4",true,"pronto per labeling [IV,FV)"
"STORM-994",true,"0.9.3|0.10.0|0.9.4|1.0.0|0.9.5",true,"0.10.0",3,1,"storm-core/src/jvm/backtype/storm/utils/Utils.java",3,true,"0.9.0.1",true,"pronto per labeling [IV,FV)"
"STORM-992",false,"",true,"0.10.0",2,0,"",0,false,"",false,"nessuna classe Java nei fixing commit"
"STORM-988",false,"",true,"1.0.0",3,2,"storm-core/src/jvm/backtype/storm/Config.java|storm-core/src/jvm/backtype/storm/ConfigValidation.java",3,true,"0.9.0.1",true,"pronto per labeling [IV,FV)"
"STORM-977",true,"0.10.0",true,"0.10.0|1.0.0",4,0,"",0,false,"",false,"nessuna classe Java nei fixing commit"
"STORM-976",true,"0.10.0",true,"1.0.0",14,1,"storm-core/src/jvm/backtype/storm/Config.java",1,true,"0.10.0",true,"pronto per labeling [IV,FV)"
"STORM-973",true,"0.9.4",false,"",0,0,"",0,false,"",false,"nessuna classe Java nei fixing commit"
"STORM-967",false,"",true,"0.10.0|1.0.0",1,0,"",0,false,"",false,"nessuna classe Java nei fixing commit"
"STORM-965",false,"",true,"1.0.0",2,3,"storm-core/src/jvm/backtype/storm/security/auth/SaslTransportPlugin.java|storm-core/src/jvm/backtype/storm/security/auth/kerberos/KerberosSaslTransportPlugin.java|storm-core/src/jvm/backtype/storm/security/auth/kerberos/NoOpTTrasport.java",1,true,"0.9.2-incubating",true,"pronto per labeling [IV,FV)"
"STORM-951",false,"",true,"1.0.0",3,2,"external/storm-hive/src/main/java/org/apache/storm/hive/bolt/HiveBolt.java|external/storm-hive/src/main/java/org/apache/storm/hive/common/HiveWriter.java",1,true,"0.9.4",true,"pronto per labeling [IV,FV)"
"STORM-948",true,"0.9.5",false,"",0,0,"",0,false,"",false,"nessuna classe Java nei fixing commit"
"STORM-945",true,"0.10.0",true,"0.10.0",3,0,"",0,false,"",false,"nessuna classe Java nei fixing commit"
"STORM-944",false,"",true,"0.10.0",3,0,"",0,false,"",false,"nessuna classe Java nei fixing commit"
"STORM-933",true,"0.9.5",true,"0.9.6",3,1,"external/storm-kafka/src/jvm/storm/kafka/ZkCoordinator.java",1,true,"0.9.0.1",true,"pronto per labeling [IV,FV)"
"STORM-922",true,"1.0.0",true,"0.10.0|1.0.0",1,0,"",0,false,"",false,"nessuna classe Java nei fixing commit"
"STORM-874",true,"0.9.2-incubating|0.10.0",true,"1.0.0",0,0,"",0,false,"",false,"nessuna classe Java nei fixing commit"
"STORM-873",false,"",true,"0.10.0",2,1,"external/flux/flux-core/src/main/java/org/apache/storm/flux/FluxBuilder.java",5,true,"0.9.4",true,"pronto per labeling [IV,FV)"
"STORM-867",true,"0.10.0",true,"0.10.0",3,0,"",0,false,"",false,"nessuna classe Java nei fixing commit"
"STORM-860",false,"",true,"0.10.0",3,0,"",0,false,"",false,"nessuna classe Java nei fixing commit"
"STORM-857",false,"",true,"0.10.0",2,0,"",0,false,"",false,"nessuna classe Java nei fixing commit"
"STORM-856",true,"0.10.0",true,"0.10.0",4,0,"",0,false,"",false,"nessuna classe Java nei fixing commit"
"STORM-853",false,"",true,"0.10.0",4,0,"",0,false,"",false,"nessuna classe Java nei fixing commit"
"STORM-852",true,"0.9.3|0.10.0|0.9.4|0.9.5",true,"0.10.0",2,2,"storm-core/src/jvm/backtype/storm/security/serialization/BlowfishTupleSerializer.java|storm-core/src/jvm/backtype/storm/utils/ShellProcess.java",4,true,"0.9.0.1",true,"pronto per labeling [IV,FV)"
"STORM-850",false,"",true,"0.10.0",3,0,"",0,false,"",false,"nessuna classe Java nei fixing commit"
"STORM-849",false,"",true,"0.10.0",2,0,"",0,false,"",false,"nessuna classe Java nei fixing commit"
"STORM-842",true,"0.10.0",true,"0.10.0",2,0,"",0,false,"",false,"nessuna classe Java nei fixing commit"
"STORM-839",true,"0.9.4",true,"0.9.6",3,7,"storm-core/src/jvm/backtype/storm/messaging/netty/Client.java|storm-core/src/jvm/backtype/storm/messaging/netty/Context.java|storm-core/src/jvm/backtype/storm/messaging/netty/MessageBatch.java|storm-core/src/jvm/backtype/storm/messaging/netty/MessageBuffer.java|storm-core/src/jvm/backtype/storm/messaging/netty/SaslStormClientHandler.java|storm-core/src/jvm/backtype/storm/messaging/netty/StormClientHandler.java|storm-core/src/jvm/backtype/storm/messaging/netty/StormClientPipelineFactory.java",21,true,"0.9.0.1",true,"pronto per labeling [IV,FV)"
"STORM-837",false,"",true,"1.0.0",3,5,"external/storm-hdfs/src/main/java/org/apache/storm/hdfs/trident/HdfsState.java|external/storm-hdfs/src/main/java/org/apache/storm/hdfs/trident/rotation/FileRotationPolicy.java|external/storm-hdfs/src/main/java/org/apache/storm/hdfs/trident/rotation/FileSizeRotationPolicy.java|external/storm-hdfs/src/main/java/org/apache/storm/hdfs/trident/rotation/NoRotationPolicy.java|external/storm-hdfs/src/main/java/org/apache/storm/hdfs/trident/rotation/TimedRotationPolicy.java",6,true,"0.9.1-incubating",true,"pronto per labeling [IV,FV)"
"STORM-829",false,"",false,"",3,0,"",0,false,"",false,"nessuna classe Java nei fixing commit"
"STORM-827",false,"",true,"0.10.0",3,1,"external/storm-hdfs/src/main/java/org/apache/storm/hdfs/common/security/HdfsSecurityUtil.java",1,true,"0.9.4",true,"pronto per labeling [IV,FV)"
"STORM-818",true,"0.9.3",true,"0.10.0",1,0,"",0,false,"",false,"nessuna classe Java nei fixing commit"
"STORM-816",false,"",true,"0.10.0",2,0,"",0,false,"",false,"nessuna classe Java nei fixing commit"
"STORM-813",true,"1.0.0",true,"0.10.0",3,0,"",0,false,"",false,"nessuna classe Java nei fixing commit"
"STORM-811",false,"",true,"0.10.0",3,0,"",0,false,"",false,"nessuna classe Java nei fixing commit"
"STORM-809",false,"",true,"1.0.0",3,2,"storm-core/src/jvm/backtype/storm/Config.java|storm-core/src/jvm/backtype/storm/ConfigValidation.java",1,true,"0.9.3",true,"pronto per labeling [IV,FV)"
"STORM-808",false,"",true,"0.10.0",3,1,"storm-core/src/jvm/backtype/storm/utils/Utils.java",1,true,"0.9.2-incubating",true,"pronto per labeling [IV,FV)"
"STORM-807",true,"0.10.0",true,"0.10.0",3,0,"",0,false,"",false,"nessuna classe Java nei fixing commit"
"STORM-800",false,"",false,"",1,0,"",0,false,"",false,"nessuna classe Java nei fixing commit"
"STORM-797",false,"",true,"0.10.0",4,1,"storm-core/test/jvm/backtype/storm/utils/DisruptorQueueTest.java",3,true,"0.9.2-incubating",true,"pronto per labeling [IV,FV)"
"STORM-796",true,"0.9.4",true,"0.9.5",1,0,"",0,false,"",false,"nessuna classe Java nei fixing commit"
"STORM-794",true,"0.9.3",true,"1.0.0",3,0,"",0,false,"",false,"nessuna classe Java nei fixing commit"
"STORM-793",true,"0.10.0",true,"0.10.0",2,0,"",0,false,"",false,"nessuna classe Java nei fixing commit"
"STORM-791",false,"",true,"0.10.0",3,0,"",0,false,"",false,"nessuna classe Java nei fixing commit"
"STORM-790",true,"0.9.2-incubating|0.9.3|0.10.0|0.9.4|1.0.0",true,"0.10.0|0.9.5",2,0,"",0,false,"",false,"nessuna classe Java nei fixing commit"
"STORM-788",true,"0.9.2-incubating",true,"0.10.0",2,0,"",0,false,"",false,"nessuna classe Java nei fixing commit"
"STORM-787",false,"",true,"0.10.0",2,0,"",0,false,"",false,"nessuna classe Java nei fixing commit"
"STORM-786",true,"0.10.0",true,"0.10.0",3,1,"external/storm-kafka/src/jvm/storm/kafka/bolt/KafkaBolt.java",0,false,"",true,"SZZ non ha trovato un commit introducente"
"STORM-773",false,"",true,"0.10.0",3,0,"",0,false,"",false,"nessuna classe Java nei fixing commit"
"STORM-772",false,"",true,"0.10.0",3,0,"",0,false,"",false,"nessuna classe Java nei fixing commit"
"STORM-766",true,"0.10.0",true,"0.10.0",2,4,"storm-core/src/jvm/backtype/storm/generated/ClusterWorkerHeartbeat.java|storm-core/src/jvm/backtype/storm/generated/SupervisorInfo.java|storm-core/src/jvm/backtype/storm/generated/SupervisorSummary.java|storm-core/src/jvm/backtype/storm/generated/TopologySummary.java",4,true,"0.9.0.1",true,"pronto per labeling [IV,FV)"
"STORM-763",true,"0.9.4",true,"0.9.6",3,7,"storm-core/src/jvm/backtype/storm/messaging/netty/Client.java|storm-core/src/jvm/backtype/storm/messaging/netty/Context.java|storm-core/src/jvm/backtype/storm/messaging/netty/MessageBatch.java|storm-core/src/jvm/backtype/storm/messaging/netty/MessageBuffer.java|storm-core/src/jvm/backtype/storm/messaging/netty/SaslStormClientHandler.java|storm-core/src/jvm/backtype/storm/messaging/netty/StormClientHandler.java|storm-core/src/jvm/backtype/storm/messaging/netty/StormClientPipelineFactory.java",21,true,"0.9.0.1",true,"pronto per labeling [IV,FV)"
"STORM-762",true,"0.10.0",true,"0.10.0",3,1,"storm-core/src/jvm/backtype/storm/generated/ClusterWorkerHeartbeat.java",2,true,"0.9.4",true,"pronto per labeling [IV,FV)"
"STORM-760",false,"",true,"0.10.0",3,1,"storm-core/src/jvm/backtype/storm/utils/Utils.java",0,false,"",true,"SZZ non ha trovato un commit introducente"
"STORM-757",false,"",true,"0.10.0",3,0,"",0,false,"",false,"nessuna classe Java nei fixing commit"
"STORM-751",true,"0.10.0",true,"0.10.0|1.0.0",1,0,"",0,false,"",false,"nessuna classe Java nei fixing commit"
"STORM-750",false,"",true,"0.10.0",2,1,"storm-core/src/jvm/backtype/storm/Config.java",0,false,"",true,"SZZ non ha trovato un commit introducente"
"STORM-747",false,"",true,"0.10.0",2,0,"",0,false,"",false,"nessuna classe Java nei fixing commit"
"STORM-745",true,"0.9.3-rc2|0.9.4",true,"0.10.0|0.9.5",2,0,"",0,false,"",false,"nessuna classe Java nei fixing commit"
"STORM-742",true,"0.9.3|0.10.0|0.9.4|1.0.0",true,"0.10.0",3,1,"storm-core/src/jvm/backtype/storm/task/ShellBolt.java",1,true,"0.9.3",true,"pronto per labeling [IV,FV)"
"STORM-740",true,"0.10.0|0.9.4",true,"0.10.0",3,1,"storm-core/src/jvm/backtype/storm/security/auth/SimpleTransportPlugin.java",1,true,"0.9.0.1",true,"pronto per labeling [IV,FV)"
"STORM-737",true,"0.9.2-incubating",true,"0.10.0",3,87,"storm-core/src/jvm/backtype/storm/utils/TransferDrainer.java|external/storm-eventhubs/src/main/java/org/apache/storm/eventhubs/bolt/EventHubBolt.java|external/storm-eventhubs/src/main/java/org/apache/storm/eventhubs/client/ConnectionStringBuilder.java|external/storm-eventhubs/src/main/java/org/apache/storm/eventhubs/client/Constants.java|external/storm-eventhubs/src/main/java/org/apache/storm/eventhubs/client/EventHubClient.java|external/storm-eventhubs/src/main/java/org/apache/storm/eventhubs/client/EventHubConsumerGroup.java|external/storm-eventhubs/src/main/java/org/apache/storm/eventhubs/client/EventHubException.java|external/storm-eventhubs/src/main/java/org/apache/storm/eventhubs/client/EventHubReceiver.java|external/storm-eventhubs/src/main/java/org/apache/storm/eventhubs/client/EventHubSendClient.java|external/storm-eventhubs/src/main/java/org/apache/storm/eventhubs/client/EventHubSender.java|external/storm-eventhubs/src/main/java/org/apache/storm/eventhubs/client/SelectorFilter.java|external/storm-eventhubs/src/main/java/org/apache/storm/eventhubs/client/SelectorFilterWriter.java|external/storm-eventhubs/src/main/java/org/apache/storm/eventhubs/samples/AtMostOnceEventCount.java|external/storm-eventhubs/src/main/java/org/apache/storm/eventhubs/samples/EventCount.java|external/storm-eventhubs/src/main/java/org/apache/storm/eventhubs/samples/EventHubLoop.java|external/storm-eventhubs/src/main/java/org/apache/storm/eventhubs/samples/OpaqueTridentEventCount.java|external/storm-eventhubs/src/main/java/org/apache/storm/eventhubs/samples/TransactionalTridentEventCount.java|external/storm-eventhubs/src/main/java/org/apache/storm/eventhubs/samples/bolt/GlobalCountBolt.java|external/storm-eventhubs/src/main/java/org/apache/storm/eventhubs/samples/bolt/PartialCountBolt.java|external/storm-eventhubs/src/main/java/org/apache/storm/eventhubs/spout/EventData.java|external/storm-eventhubs/src/main/java/org/apache/storm/eventhubs/spout/EventDataScheme.java|external/storm-eventhubs/src/main/java/org/apache/storm/eventhubs/spout/EventHubReceiverFilter.java|external/storm-eventhubs/src/main/java/org/apache/storm/eventhubs/spout/EventHubReceiverImpl.java|external/storm-eventhubs/src/main/java/org/apache/storm/eventhubs/spout/EventHubSpout.java|external/storm-eventhubs/src/main/java/org/apache/storm/eventhubs/spout/EventHubSpoutConfig.java|external/storm-eventhubs/src/main/java/org/apache/storm/eventhubs/spout/EventHubSpoutException.java|external/storm-eventhubs/src/main/java/org/apache/storm/eventhubs/spout/FieldConstants.java|external/storm-eventhubs/src/main/java/org/apache/storm/eventhubs/spout/IEventDataScheme.java|external/storm-eventhubs/src/main/java/org/apache/storm/eventhubs/spout/IEventHubReceiver.java|external/storm-eventhubs/src/main/java/org/apache/storm/eventhubs/spout/IEventHubReceiverFactory.java|external/storm-eventhubs/src/main/java/org/apache/storm/eventhubs/spout/IEventHubReceiverFilter.java|external/storm-eventhubs/src/main/java/org/apache/storm/eventhubs/spout/IPartitionCoordinator.java|external/storm-eventhubs/src/main/java/org/apache/storm/eventhubs/spout/IPartitionManager.java|external/storm-eventhubs/src/main/java/org/apache/storm/eventhubs/spout/IPartitionManagerFactory.java|external/storm-eventhubs/src/main/java/org/apache/storm/eventhubs/spout/IStateStore.java|external/storm-eventhubs/src/main/java/org/apache/storm/eventhubs/spout/MessageId.java|external/storm-eventhubs/src/main/java/org/apache/storm/eventhubs/spout/PartitionManager.java|external/storm-eventhubs/src/main/java/org/apache/storm/eventhubs/spout/SimplePartitionManager.java|external/storm-eventhubs/src/main/java/org/apache/storm/eventhubs/spout/StaticPartitionCoordinator.java|external/storm-eventhubs/src/main/java/org/apache/storm/eventhubs/spout/ZookeeperStateStore.java|external/storm-eventhubs/src/main/java/org/apache/storm/eventhubs/trident/Coordinator.java|external/storm-eventhubs/src/main/java/org/apache/storm/eventhubs/trident/ITridentPartitionManager.java|external/storm-eventhubs/src/main/java/org/apache/storm/eventhubs/trident/ITridentPartitionManagerFactory.java|external/storm-eventhubs/src/main/java/org/apache/storm/eventhubs/trident/OpaqueTridentEventHubEmitter.java|external/storm-eventhubs/src/main/java/org/apache/storm/eventhubs/trident/OpaqueTridentEventHubSpout.java|external/storm-eventhubs/src/main/java/org/apache/storm/eventhubs/trident/Partition.java|external/storm-eventhubs/src/main/java/org/apache/storm/eventhubs/trident/Partitions.java|external/storm-eventhubs/src/main/java/org/apache/storm/eventhubs/trident/TransactionalTridentEventHubEmitter.java|external/storm-eventhubs/src/main/java/org/apache/storm/eventhubs/trident/TransactionalTridentEventHubSpout.java|external/storm-eventhubs/src/main/java/org/apache/storm/eventhubs/trident/TridentPartitionManager.java|external/storm-hbase/src/main/java/org/apache/storm/hbase/trident/mapper/SimpleTridentHBaseMapMapper.java|external/storm-hbase/src/main/java/org/apache/storm/hbase/trident/mapper/TridentHBaseMapMapper.java|external/storm-hbase/src/main/java/org/apache/storm/hbase/trident/state/HBaseMapState.java|external/storm-kafka/src/jvm/storm/kafka/DynamicBrokersReader.java|external/storm-kafka/src/jvm/storm/kafka/KafkaConfig.java|external/storm-kafka/src/jvm/storm/kafka/KafkaUtils.java|external/storm-kafka/src/jvm/storm/kafka/PartitionManager.java|external/storm-kafka/src/jvm/storm/kafka/bolt/KafkaBolt.java|external/storm-kafka/src/jvm/storm/kafka/trident/TridentKafkaEmitter.java|external/storm-redis/src/main/java/org/apache/storm/redis/common/container/JedisContainer.java|external/storm-redis/src/main/java/org/apache/storm/redis/trident/state/RedisMapState.java|storm-core/src/jvm/backtype/storm/Config.java|storm-core/src/jvm/backtype/storm/drpc/DRPCSpout.java|storm-core/src/jvm/backtype/storm/generated/ClusterWorkerHeartbeat.java|storm-core/src/jvm/backtype/storm/generated/LSApprovedWorkers.java|storm-core/src/jvm/backtype/storm/generated/LSSupervisorAssignments.java|storm-core/src/jvm/backtype/storm/generated/LSSupervisorId.java|storm-core/src/jvm/backtype/storm/generated/LSWorkerHeartbeat.java|storm-core/src/jvm/backtype/storm/generated/LocalAssignment.java|storm-core/src/jvm/backtype/storm/generated/LocalStateData.java|storm-core/src/jvm/backtype/storm/generated/Nimbus.java|storm-core/src/jvm/backtype/storm/generated/SupervisorInfo.java|storm-core/src/jvm/backtype/storm/generated/SupervisorSummary.java|storm-core/src/jvm/backtype/storm/generated/ThriftSerializedObject.java|storm-core/src/jvm/backtype/storm/generated/TopologySummary.java|storm-core/src/jvm/backtype/storm/security/auth/SaslTransportPlugin.java|storm-core/src/jvm/backtype/storm/serialization/GzipBridgeThriftSerializationDelegate.java|storm-core/src/jvm/backtype/storm/serialization/GzipThriftSerializationDelegate.java|storm-core/src/jvm/backtype/storm/spout/ShellSpout.java|storm-core/src/jvm/backtype/storm/task/IBolt.java|storm-core/src/jvm/backtype/storm/task/ShellBolt.java|storm-core/src/jvm/backtype/storm/task/TopologyContext.java|storm-core/src/jvm/backtype/storm/utils/ExtendedThreadPoolExecutor.java|storm-core/src/jvm/backtype/storm/utils/LocalState.java|storm-core/src/jvm/backtype/storm/utils/Utils.java|storm-core/test/jvm/backtype/storm/serialization/GzipBridgeThriftSerializationDelegateTest.java|storm-core/test/jvm/backtype/storm/utils/DisruptorQueueTest.java",35,true,"0.9.0.1",true,"pronto per labeling [IV,FV)"
"STORM-730",true,"0.10.0",true,"0.10.0",2,0,"",0,false,"",false,"nessuna classe Java nei fixing commit"
"STORM-729",true,"0.10.0",true,"0.10.0",2,0,"",0,false,"",false,"nessuna classe Java nei fixing commit"
"STORM-728",true,"0.9.5",true,"0.9.6",3,0,"",0,false,"",false,"nessuna classe Java nei fixing commit"
"STORM-727",false,"",true,"0.10.0",3,0,"",0,false,"",false,"nessuna classe Java nei fixing commit"
"STORM-723",true,"0.10.0",true,"0.10.0",2,2,"external/storm-redis/src/main/java/org/apache/storm/redis/trident/state/RedisStateSetCountQuerier.java|external/storm-redis/src/main/java/org/apache/storm/redis/trident/state/RedisStateSetUpdater.java",6,true,"0.9.4",true,"pronto per labeling [IV,FV)"
"STORM-715",false,"",true,"0.10.0",2,0,"",0,false,"",false,"nessuna classe Java nei fixing commit"
"STORM-713",true,"0.9.3|0.10.0",true,"0.10.0",3,1,"external/storm-kafka/src/jvm/storm/kafka/KafkaUtils.java",2,true,"0.9.0.1",true,"pronto per labeling [IV,FV)"
"STORM-711",true,"0.9.3",true,"0.10.0",3,5,"external/storm-hbase/src/main/java/org/apache/storm/hbase/bolt/HBaseBolt.java|external/storm-hbase/src/main/java/org/apache/storm/hbase/bolt/HBaseLookupBolt.java|external/storm-hbase/src/main/java/org/apache/storm/hbase/trident/state/HBaseState.java|external/storm-hdfs/src/main/java/org/apache/storm/hdfs/bolt/HdfsBolt.java|external/storm-hdfs/src/main/java/org/apache/storm/hdfs/bolt/SequenceFileBolt.java",5,true,"0.9.1-incubating",true,"pronto per labeling [IV,FV)"
"STORM-708",false,"",true,"0.10.0",5,0,"",0,false,"",false,"nessuna classe Java nei fixing commit"
"STORM-703",true,"0.10.0",true,"0.10.0",2,1,"external/storm-redis/src/main/java/org/apache/storm/redis/trident/state/RedisMapState.java",3,true,"0.9.4",true,"pronto per labeling [IV,FV)"
"STORM-695",true,"0.9.3",true,"1.0.0",3,0,"",0,false,"",false,"nessuna classe Java nei fixing commit"
"STORM-694",true,"0.10.0",true,"0.10.0",3,0,"",0,false,"",false,"nessuna classe Java nei fixing commit"
"STORM-693",true,"0.9.3",true,"0.10.0|0.9.4",2,1,"external/storm-kafka/src/jvm/storm/kafka/bolt/KafkaBolt.java",2,true,"0.9.2-incubating",true,"pronto per labeling [IV,FV)"
"STORM-690",true,"0.10.0",true,"0.10.0",2,1,"external/storm-redis/src/main/java/org/apache/storm/redis/trident/state/RedisState.java",1,true,"0.9.4",true,"pronto per labeling [IV,FV)"
"STORM-688",false,"",true,"0.10.0",3,1,"external/storm-jdbc/src/main/java/org/apache/storm/jdbc/common/Util.java",1,true,"0.9.4",true,"pronto per labeling [IV,FV)"
"STORM-687",false,"",true,"0.10.0",4,0,"",0,false,"",false,"nessuna classe Java nei fixing commit"
"STORM-685",true,"0.9.3",true,"0.10.0",1,0,"",0,false,"",false,"nessuna classe Java nei fixing commit"
"STORM-684",false,"",true,"0.10.0",2,1,"storm-core/src/jvm/storm/trident/spout/RichSpoutBatchExecutor.java",0,false,"",true,"SZZ non ha trovato un commit introducente"
"STORM-683",false,"",true,"0.10.0",2,0,"",0,false,"",false,"nessuna classe Java nei fixing commit"
"STORM-682",false,"",true,"0.10.0|0.9.4",3,1,"storm-core/src/jvm/backtype/storm/utils/VersionedStore.java",1,true,"0.9.0.1",true,"pronto per labeling [IV,FV)"
"STORM-675",false,"",true,"0.10.0",4,0,"",0,false,"",false,"nessuna classe Java nei fixing commit"
"STORM-670",true,"0.10.0",true,"0.10.0",3,1,"external/storm-kafka/src/jvm/storm/kafka/ExponentialBackoffMsgRetryManager.java",1,true,"0.9.4",true,"pronto per labeling [IV,FV)"
"STORM-659",true,"0.9.3",true,"0.10.0",2,0,"",0,false,"",false,"nessuna classe Java nei fixing commit"
"STORM-651",false,"",true,"0.10.0",4,0,"",0,false,"",false,"nessuna classe Java nei fixing commit"
"STORM-649",false,"",true,"0.10.0",2,0,"",0,false,"",false,"nessuna classe Java nei fixing commit"
"STORM-648",false,"",true,"0.10.0",2,1,"examples/storm-starter/src/jvm/storm/starter/BasicDRPCTopology.java",1,true,"0.9.0.1",true,"pronto per labeling [IV,FV)"
"STORM-643",true,"0.9.2-incubating|0.9.3|0.10.0|0.9.4|0.9.5",true,"0.9.6",2,3,"external/storm-kafka/src/jvm/storm/kafka/ExponentialBackoffMsgRetryManager.java|external/storm-kafka/src/jvm/storm/kafka/FailedMsgRetryManager.java|external/storm-kafka/src/jvm/storm/kafka/PartitionManager.java",1,true,"0.9.4",true,"pronto per labeling [IV,FV)"
"STORM-641",false,"",true,"0.10.0",4,0,"",0,false,"",false,"nessuna classe Java nei fixing commit"
"STORM-640",false,"",true,"0.10.0",3,0,"",0,false,"",false,"nessuna classe Java nei fixing commit"
"STORM-636",true,"0.10.0",true,"0.10.0",2,4,"storm-core/src/jvm/backtype/storm/generated/GetInfoOptions.java|storm-core/src/jvm/backtype/storm/generated/Nimbus.java|storm-core/src/jvm/backtype/storm/generated/NumErrorsChoice.java|storm-core/src/jvm/backtype/storm/utils/Monitor.java",1,true,"0.9.3",true,"pronto per labeling [IV,FV)"
"STORM-635",false,"",true,"0.10.0",4,0,"",0,false,"",false,"nessuna classe Java nei fixing commit"
"STORM-633",true,"0.9.3",true,"0.10.0",3,0,"",0,false,"",false,"nessuna classe Java nei fixing commit"
"STORM-630",false,"",true,"0.10.0",4,0,"",0,false,"",false,"nessuna classe Java nei fixing commit"
"STORM-627",true,"0.9.3",true,"0.10.0",1,0,"",0,false,"",false,"nessuna classe Java nei fixing commit"
"STORM-625",false,"",true,"0.10.0",3,2,"storm-core/src/jvm/backtype/storm/messaging/netty/Client.java|storm-core/src/jvm/backtype/storm/messaging/netty/Context.java",6,true,"0.9.0.1",true,"pronto per labeling [IV,FV)"
"STORM-620",true,"0.9.3-rc2",true,"0.10.0",3,0,"",0,false,"",false,"nessuna classe Java nei fixing commit"
"STORM-613",true,"0.10.0",true,"0.10.0",2,1,"external/storm-kafka/src/jvm/storm/kafka/KafkaUtils.java",1,true,"0.9.3",true,"pronto per labeling [IV,FV)"
"STORM-612",false,"",true,"0.10.0",1,0,"",0,false,"",false,"nessuna classe Java nei fixing commit"
"STORM-611",false,"",true,"0.10.0",2,0,"",0,false,"",false,"nessuna classe Java nei fixing commit"
"STORM-610",false,"",true,"0.10.0",2,0,"",0,false,"",false,"nessuna classe Java nei fixing commit"
"STORM-608",true,"0.9.3",true,"0.10.0",4,0,"",0,false,"",false,"nessuna classe Java nei fixing commit"
"STORM-603",false,"",true,"0.10.0",2,1,"external/storm-kafka/src/jvm/storm/kafka/DynamicBrokersReader.java",0,false,"",true,"SZZ non ha trovato un commit introducente"
"STORM-596",true,"0.10.0|0.9.3-rc2",true,"0.10.0",8,248,"storm-core/src/jvm/backtype/storm/Config.java|examples/storm-starter/src/jvm/storm/starter/BasicDRPCTopology.java|examples/storm-starter/src/jvm/storm/starter/SkewedRollingTopWords.java|examples/storm-starter/src/jvm/storm/starter/bolt/AbstractRankerBolt.java|examples/storm-starter/src/jvm/storm/starter/bolt/RollingCountAggBolt.java|examples/storm-starter/src/jvm/storm/starter/bolt/RollingCountBolt.java|examples/storm-starter/src/jvm/storm/starter/util/TupleHelpers.java|external/storm-eventhubs/src/main/java/org/apache/storm/eventhubs/bolt/EventHubBolt.java|external/storm-eventhubs/src/main/java/org/apache/storm/eventhubs/client/ConnectionStringBuilder.java|external/storm-eventhubs/src/main/java/org/apache/storm/eventhubs/client/Constants.java|external/storm-eventhubs/src/main/java/org/apache/storm/eventhubs/client/EventHubClient.java|external/storm-eventhubs/src/main/java/org/apache/storm/eventhubs/client/EventHubConsumerGroup.java|external/storm-eventhubs/src/main/java/org/apache/storm/eventhubs/client/EventHubException.java|external/storm-eventhubs/src/main/java/org/apache/storm/eventhubs/client/EventHubReceiver.java|external/storm-eventhubs/src/main/java/org/apache/storm/eventhubs/client/EventHubSendClient.java|external/storm-eventhubs/src/main/java/org/apache/storm/eventhubs/client/EventHubSender.java|external/storm-eventhubs/src/main/java/org/apache/storm/eventhubs/client/SelectorFilter.java|external/storm-eventhubs/src/main/java/org/apache/storm/eventhubs/client/SelectorFilterWriter.java|external/storm-eventhubs/src/main/java/org/apache/storm/eventhubs/samples/AtMostOnceEventCount.java|external/storm-eventhubs/src/main/java/org/apache/storm/eventhubs/samples/EventCount.java|external/storm-eventhubs/src/main/java/org/apache/storm/eventhubs/samples/EventHubLoop.java|external/storm-eventhubs/src/main/java/org/apache/storm/eventhubs/samples/OpaqueTridentEventCount.java|external/storm-eventhubs/src/main/java/org/apache/storm/eventhubs/samples/TransactionalTridentEventCount.java|external/storm-eventhubs/src/main/java/org/apache/storm/eventhubs/samples/bolt/GlobalCountBolt.java|external/storm-eventhubs/src/main/java/org/apache/storm/eventhubs/samples/bolt/PartialCountBolt.java|external/storm-eventhubs/src/main/java/org/apache/storm/eventhubs/spout/EventData.java|external/storm-eventhubs/src/main/java/org/apache/storm/eventhubs/spout/EventDataScheme.java|external/storm-eventhubs/src/main/java/org/apache/storm/eventhubs/spout/EventHubReceiverFilter.java|external/storm-eventhubs/src/main/java/org/apache/storm/eventhubs/spout/EventHubReceiverImpl.java|external/storm-eventhubs/src/main/java/org/apache/storm/eventhubs/spout/EventHubSpout.java|external/storm-eventhubs/src/main/java/org/apache/storm/eventhubs/spout/EventHubSpoutConfig.java|external/storm-eventhubs/src/main/java/org/apache/storm/eventhubs/spout/EventHubSpoutException.java|external/storm-eventhubs/src/main/java/org/apache/storm/eventhubs/spout/FieldConstants.java|external/storm-eventhubs/src/main/java/org/apache/storm/eventhubs/spout/IEventDataScheme.java|external/storm-eventhubs/src/main/java/org/apache/storm/eventhubs/spout/IEventHubReceiver.java|external/storm-eventhubs/src/main/java/org/apache/storm/eventhubs/spout/IEventHubReceiverFactory.java|external/storm-eventhubs/src/main/java/org/apache/storm/eventhubs/spout/IEventHubReceiverFilter.java|external/storm-eventhubs/src/main/java/org/apache/storm/eventhubs/spout/IPartitionCoordinator.java|external/storm-eventhubs/src/main/java/org/apache/storm/eventhubs/spout/IPartitionManager.java|external/storm-eventhubs/src/main/java/org/apache/storm/eventhubs/spout/IPartitionManagerFactory.java|external/storm-eventhubs/src/main/java/org/apache/storm/eventhubs/spout/IStateStore.java|external/storm-eventhubs/src/main/java/org/apache/storm/eventhubs/spout/MessageId.java|external/storm-eventhubs/src/main/java/org/apache/storm/eventhubs/spout/PartitionManager.java|external/storm-eventhubs/src/main/java/org/apache/storm/eventhubs/spout/SimplePartitionManager.java|external/storm-eventhubs/src/main/java/org/apache/storm/eventhubs/spout/StaticPartitionCoordinator.java|external/storm-eventhubs/src/main/java/org/apache/storm/eventhubs/spout/ZookeeperStateStore.java|external/storm-eventhubs/src/main/java/org/apache/storm/eventhubs/trident/Coordinator.java|external/storm-eventhubs/src/main/java/org/apache/storm/eventhubs/trident/ITridentPartitionManager.java|external/storm-eventhubs/src/main/java/org/apache/storm/eventhubs/trident/ITridentPartitionManagerFactory.java|external/storm-eventhubs/src/main/java/org/apache/storm/eventhubs/trident/OpaqueTridentEventHubEmitter.java|external/storm-eventhubs/src/main/java/org/apache/storm/eventhubs/trident/OpaqueTridentEventHubSpout.java|external/storm-eventhubs/src/main/java/org/apache/storm/eventhubs/trident/Partition.java|external/storm-eventhubs/src/main/java/org/apache/storm/eventhubs/trident/Partitions.java|external/storm-eventhubs/src/main/java/org/apache/storm/eventhubs/trident/TransactionalTridentEventHubEmitter.java|external/storm-eventhubs/src/main/java/org/apache/storm/eventhubs/trident/TransactionalTridentEventHubSpout.java|external/storm-eventhubs/src/main/java/org/apache/storm/eventhubs/trident/TridentPartitionManager.java|external/storm-hbase/src/main/java/org/apache/storm/hbase/bolt/AbstractHBaseBolt.java|external/storm-hbase/src/main/java/org/apache/storm/hbase/bolt/HBaseBolt.java|external/storm-hbase/src/main/java/org/apache/storm/hbase/bolt/HBaseLookupBolt.java|external/storm-hbase/src/main/java/org/apache/storm/hbase/security/AutoHBase.java|external/storm-hbase/src/main/java/org/apache/storm/hbase/security/HBaseSecurityUtil.java|external/storm-hbase/src/main/java/org/apache/storm/hbase/trident/mapper/SimpleTridentHBaseMapMapper.java|external/storm-hbase/src/main/java/org/apache/storm/hbase/trident/mapper/TridentHBaseMapMapper.java|external/storm-hbase/src/main/java/org/apache/storm/hbase/trident/state/HBaseMapState.java|external/storm-hbase/src/main/java/org/apache/storm/hbase/trident/state/HBaseState.java|external/storm-hdfs/src/main/java/org/apache/storm/hdfs/bolt/HdfsBolt.java|external/storm-hdfs/src/main/java/org/apache/storm/hdfs/bolt/SequenceFileBolt.java|external/storm-hdfs/src/main/java/org/apache/storm/hdfs/bolt/format/SequenceFormat.java|external/storm-hdfs/src/main/java/org/apache/storm/hdfs/common/security/AutoHDFS.java|external/storm-hdfs/src/main/java/org/apache/storm/hdfs/common/security/HdfsSecurityUtil.java|external/storm-hive/src/main/java/org/apache/storm/hive/bolt/HiveBolt.java|external/storm-hive/src/main/java/org/apache/storm/hive/bolt/mapper/DelimitedRecordHiveMapper.java|external/storm-hive/src/main/java/org/apache/storm/hive/bolt/mapper/HiveMapper.java|external/storm-hive/src/main/java/org/apache/storm/hive/bolt/mapper/JsonRecordHiveMapper.java|external/storm-hive/src/main/java/org/apache/storm/hive/common/HiveOptions.java|external/storm-hive/src/main/java/org/apache/storm/hive/common/HiveUtils.java|external/storm-hive/src/main/java/org/apache/storm/hive/common/HiveWriter.java|external/storm-hive/src/main/java/org/apache/storm/hive/trident/HiveState.java|external/storm-hive/src/main/java/org/apache/storm/hive/trident/HiveStateFactory.java|external/storm-hive/src/main/java/org/apache/storm/hive/trident/HiveUpdater.java|external/storm-jdbc/src/main/java/org/apache/storm/jdbc/bolt/AbstractJdbcBolt.java|external/storm-jdbc/src/main/java/org/apache/storm/jdbc/bolt/JdbcInsertBolt.java|external/storm-jdbc/src/main/java/org/apache/storm/jdbc/bolt/JdbcLookupBolt.java|external/storm-jdbc/src/main/java/org/apache/storm/jdbc/common/Column.java|external/storm-jdbc/src/main/java/org/apache/storm/jdbc/common/JdbcClient.java|external/storm-jdbc/src/main/java/org/apache/storm/jdbc/common/Util.java|external/storm-jdbc/src/main/java/org/apache/storm/jdbc/mapper/JdbcLookupMapper.java|external/storm-jdbc/src/main/java/org/apache/storm/jdbc/mapper/JdbcMapper.java|external/storm-jdbc/src/main/java/org/apache/storm/jdbc/mapper/SimpleJdbcLookupMapper.java|external/storm-jdbc/src/main/java/org/apache/storm/jdbc/mapper/SimpleJdbcMapper.java|external/storm-jdbc/src/main/java/org/apache/storm/jdbc/trident/state/JdbcQuery.java|external/storm-jdbc/src/main/java/org/apache/storm/jdbc/trident/state/JdbcState.java|external/storm-jdbc/src/main/java/org/apache/storm/jdbc/trident/state/JdbcStateFactory.java|external/storm-jdbc/src/main/java/org/apache/storm/jdbc/trident/state/JdbcUpdater.java|external/storm-kafka/src/jvm/storm/kafka/ExponentialBackoffMsgRetryManager.java|external/storm-kafka/src/jvm/storm/kafka/FailedMsgRetryManager.java|external/storm-kafka/src/jvm/storm/kafka/KafkaConfig.java|external/storm-kafka/src/jvm/storm/kafka/KafkaUtils.java|external/storm-kafka/src/jvm/storm/kafka/PartitionManager.java|external/storm-kafka/src/jvm/storm/kafka/SpoutConfig.java|external/storm-kafka/src/jvm/storm/kafka/TopicOffsetOutOfRangeException.java|external/storm-kafka/src/jvm/storm/kafka/UpdateOffsetException.java|external/storm-kafka/src/jvm/storm/kafka/bolt/KafkaBolt.java|external/storm-kafka/src/jvm/storm/kafka/bolt/mapper/FieldNameBasedTupleToKafkaMapper.java|external/storm-kafka/src/jvm/storm/kafka/trident/TridentKafkaEmitter.java|external/storm-redis/src/main/java/org/apache/storm/redis/bolt/AbstractRedisBolt.java|external/storm-redis/src/main/java/org/apache/storm/redis/bolt/RedisLookupBolt.java|external/storm-redis/src/main/java/org/apache/storm/redis/bolt/RedisStoreBolt.java|external/storm-redis/src/main/java/org/apache/storm/redis/common/config/JedisClusterConfig.java|external/storm-redis/src/main/java/org/apache/storm/redis/common/config/JedisPoolConfig.java|external/storm-redis/src/main/java/org/apache/storm/redis/common/container/JedisClusterContainer.java|external/storm-redis/src/main/java/org/apache/storm/redis/common/container/JedisCommandsContainerBuilder.java|external/storm-redis/src/main/java/org/apache/storm/redis/common/container/JedisCommandsInstanceContainer.java|external/storm-redis/src/main/java/org/apache/storm/redis/common/container/JedisContainer.java|external/storm-redis/src/main/java/org/apache/storm/redis/common/mapper/RedisDataTypeDescription.java|external/storm-redis/src/main/java/org/apache/storm/redis/common/mapper/RedisLookupMapper.java|external/storm-redis/src/main/java/org/apache/storm/redis/common/mapper/RedisMapper.java|external/storm-redis/src/main/java/org/apache/storm/redis/common/mapper/RedisStoreMapper.java|external/storm-redis/src/main/java/org/apache/storm/redis/common/mapper/TupleMapper.java|external/storm-redis/src/main/java/org/apache/storm/redis/trident/state/RedisClusterMapState.java|external/storm-redis/src/main/java/org/apache/storm/redis/trident/state/RedisClusterState.java|external/storm-redis/src/main/java/org/apache/storm/redis/trident/state/RedisClusterStateQuerier.java|external/storm-redis/src/main/java/org/apache/storm/redis/trident/state/RedisClusterStateUpdater.java|external/storm-redis/src/main/java/org/apache/storm/redis/trident/state/RedisMapState.java|external/storm-redis/src/main/java/org/apache/storm/redis/trident/state/RedisState.java|external/storm-redis/src/main/java/org/apache/storm/redis/trident/state/RedisStateQuerier.java|external/storm-redis/src/main/java/org/apache/storm/redis/trident/state/RedisStateUpdater.java|storm-buildtools/storm-maven-plugins/src/main/java/org/apache/storm/maven/plugin/util/CommandExec.java|storm-buildtools/storm-maven-plugins/src/main/java/org/apache/storm/maven/plugin/versioninfo/VersionInfoMojo.java|storm-core/src/jvm/backtype/storm/ConfigValidation.java|storm-core/src/jvm/backtype/storm/StormSubmitter.java|storm-core/src/jvm/backtype/storm/coordination/BatchBoltExecutor.java|storm-core/src/jvm/backtype/storm/coordination/BatchSubtopologyBuilder.java|storm-core/src/jvm/backtype/storm/drpc/DRPCInvocationsClient.java|storm-core/src/jvm/backtype/storm/drpc/DRPCSpout.java|storm-core/src/jvm/backtype/storm/drpc/LinearDRPCInputDeclarer.java|storm-core/src/jvm/backtype/storm/drpc/LinearDRPCTopologyBuilder.java|storm-core/src/jvm/backtype/storm/drpc/ReturnResults.java|storm-core/src/jvm/backtype/storm/generated/AlreadyAliveException.java|storm-core/src/jvm/backtype/storm/generated/Assignment.java|storm-core/src/jvm/backtype/storm/generated/AuthorizationException.java|storm-core/src/jvm/backtype/storm/generated/Bolt.java|storm-core/src/jvm/backtype/storm/generated/BoltStats.java|storm-core/src/jvm/backtype/storm/generated/ClusterSummary.java|storm-core/src/jvm/backtype/storm/generated/ClusterWorkerHeartbeat.java|storm-core/src/jvm/backtype/storm/generated/ComponentCommon.java|storm-core/src/jvm/backtype/storm/generated/ComponentObject.java|storm-core/src/jvm/backtype/storm/generated/Credentials.java|storm-core/src/jvm/backtype/storm/generated/DRPCExecutionException.java|storm-core/src/jvm/backtype/storm/generated/DRPCRequest.java|storm-core/src/jvm/backtype/storm/generated/DistributedRPC.java|storm-core/src/jvm/backtype/storm/generated/DistributedRPCInvocations.java|storm-core/src/jvm/backtype/storm/generated/ErrorInfo.java|storm-core/src/jvm/backtype/storm/generated/ExecutorInfo.java|storm-core/src/jvm/backtype/storm/generated/ExecutorSpecificStats.java|storm-core/src/jvm/backtype/storm/generated/ExecutorStats.java|storm-core/src/jvm/backtype/storm/generated/ExecutorSummary.java|storm-core/src/jvm/backtype/storm/generated/GetInfoOptions.java|storm-core/src/jvm/backtype/storm/generated/GlobalStreamId.java|storm-core/src/jvm/backtype/storm/generated/Grouping.java|storm-core/src/jvm/backtype/storm/generated/InvalidTopologyException.java|storm-core/src/jvm/backtype/storm/generated/JavaObject.java|storm-core/src/jvm/backtype/storm/generated/JavaObjectArg.java|storm-core/src/jvm/backtype/storm/generated/KillOptions.java|storm-core/src/jvm/backtype/storm/generated/LSApprovedWorkers.java|storm-core/src/jvm/backtype/storm/generated/LSSupervisorAssignments.java|storm-core/src/jvm/backtype/storm/generated/LSSupervisorId.java|storm-core/src/jvm/backtype/storm/generated/LSWorkerHeartbeat.java|storm-core/src/jvm/backtype/storm/generated/LocalAssignment.java|storm-core/src/jvm/backtype/storm/generated/LocalStateData.java|storm-core/src/jvm/backtype/storm/generated/Nimbus.java|storm-core/src/jvm/backtype/storm/generated/NodeInfo.java|storm-core/src/jvm/backtype/storm/generated/NotAliveException.java|storm-core/src/jvm/backtype/storm/generated/NullStruct.java|storm-core/src/jvm/backtype/storm/generated/NumErrorsChoice.java|storm-core/src/jvm/backtype/storm/generated/RebalanceOptions.java|storm-core/src/jvm/backtype/storm/generated/ShellComponent.java|storm-core/src/jvm/backtype/storm/generated/SpoutSpec.java|storm-core/src/jvm/backtype/storm/generated/SpoutStats.java|storm-core/src/jvm/backtype/storm/generated/StateSpoutSpec.java|storm-core/src/jvm/backtype/storm/generated/StormBase.java|storm-core/src/jvm/backtype/storm/generated/StormTopology.java|storm-core/src/jvm/backtype/storm/generated/StreamInfo.java|storm-core/src/jvm/backtype/storm/generated/SubmitOptions.java|storm-core/src/jvm/backtype/storm/generated/SupervisorInfo.java|storm-core/src/jvm/backtype/storm/generated/SupervisorSummary.java|storm-core/src/jvm/backtype/storm/generated/ThriftSerializedObject.java|storm-core/src/jvm/backtype/storm/generated/TopologyActionOptions.java|storm-core/src/jvm/backtype/storm/generated/TopologyInfo.java|storm-core/src/jvm/backtype/storm/generated/TopologyInitialStatus.java|storm-core/src/jvm/backtype/storm/generated/TopologyStatus.java|storm-core/src/jvm/backtype/storm/generated/TopologySummary.java|storm-core/src/jvm/backtype/storm/grouping/PartialKeyGrouping.java|storm-core/src/jvm/backtype/storm/messaging/ConnectionWithStatus.java|storm-core/src/jvm/backtype/storm/messaging/netty/Client.java|storm-core/src/jvm/backtype/storm/messaging/netty/Context.java|storm-core/src/jvm/backtype/storm/messaging/netty/SaslStormClientHandler.java|storm-core/src/jvm/backtype/storm/messaging/netty/Server.java|storm-core/src/jvm/backtype/storm/messaging/netty/StormClientPipelineFactory.java|storm-core/src/jvm/backtype/storm/security/auth/DefaultHttpCredentialsPlugin.java|storm-core/src/jvm/backtype/storm/security/auth/ITransportPlugin.java|storm-core/src/jvm/backtype/storm/security/auth/ReqContext.java|storm-core/src/jvm/backtype/storm/security/auth/SaslTransportPlugin.java|storm-core/src/jvm/backtype/storm/security/auth/SimpleTransportPlugin.java|storm-core/src/jvm/backtype/storm/security/auth/TBackoffConnect.java|storm-core/src/jvm/backtype/storm/security/auth/ThriftClient.java|storm-core/src/jvm/backtype/storm/security/auth/authorizer/ImpersonationAuthorizer.java|storm-core/src/jvm/backtype/storm/security/auth/authorizer/SimpleACLAuthorizer.java|storm-core/src/jvm/backtype/storm/security/auth/digest/DigestSaslTransportPlugin.java|storm-core/src/jvm/backtype/storm/security/auth/digest/ServerCallbackHandler.java|storm-core/src/jvm/backtype/storm/security/auth/hadoop/AutoHDFS.java|storm-core/src/jvm/backtype/storm/security/auth/kerberos/KerberosSaslTransportPlugin.java|storm-core/src/jvm/backtype/storm/security/auth/kerberos/ServerCallbackHandler.java|storm-core/src/jvm/backtype/storm/serialization/DefaultSerializationDelegate.java|storm-core/src/jvm/backtype/storm/serialization/GzipBridgeSerializationDelegate.java|storm-core/src/jvm/backtype/storm/serialization/GzipBridgeThriftSerializationDelegate.java|storm-core/src/jvm/backtype/storm/serialization/GzipSerializationDelegate.java|storm-core/src/jvm/backtype/storm/serialization/GzipThriftSerializationDelegate.java|storm-core/src/jvm/backtype/storm/serialization/SerializationDelegate.java|storm-core/src/jvm/backtype/storm/serialization/ThriftSerializationDelegate.java|storm-core/src/jvm/backtype/storm/task/IBolt.java|storm-core/src/jvm/backtype/storm/task/ShellBolt.java|storm-core/src/jvm/backtype/storm/task/TopologyContext.java|storm-core/src/jvm/backtype/storm/topology/BoltDeclarer.java|storm-core/src/jvm/backtype/storm/topology/InputDeclarer.java|storm-core/src/jvm/backtype/storm/topology/TopologyBuilder.java|storm-core/src/jvm/backtype/storm/transactional/TransactionalTopologyBuilder.java|storm-core/src/jvm/backtype/storm/utils/DRPCClient.java|storm-core/src/jvm/backtype/storm/utils/ExtendedThreadPoolExecutor.java|storm-core/src/jvm/backtype/storm/utils/LocalState.java|storm-core/src/jvm/backtype/storm/utils/Monitor.java|storm-core/src/jvm/backtype/storm/utils/NimbusClient.java|storm-core/src/jvm/backtype/storm/utils/ShellProcess.java|storm-core/src/jvm/backtype/storm/utils/TupleUtils.java|storm-core/src/jvm/backtype/storm/utils/Utils.java|storm-core/src/jvm/backtype/storm/utils/VersionInfo.java|storm-core/src/jvm/backtype/storm/utils/VersionedStore.java|storm-core/src/jvm/storm/trident/Stream.java|storm-core/src/jvm/storm/trident/TridentTopology.java|storm-core/src/jvm/storm/trident/drpc/ReturnResultsReducer.java|storm-core/src/jvm/storm/trident/spout/RichSpoutBatchExecutor.java|storm-core/src/jvm/storm/trident/topology/TridentBoltExecutor.java|storm-core/src/jvm/storm/trident/topology/TridentTopologyBuilder.java|storm-core/test/jvm/backtype/storm/grouping/PartialKeyGroupingTest.java|storm-core/test/jvm/backtype/storm/serialization/GzipBridgeSerializationDelegateTest.java|storm-core/test/jvm/backtype/storm/serialization/GzipBridgeThriftSerializationDelegateTest.java|storm-core/test/jvm/backtype/storm/serialization/ThriftBridgeSerializationDelegateTest.java|storm-core/test/jvm/backtype/storm/utils/DisruptorQueueTest.java",150,true,"0.9.0.1",true,"pronto per labeling [IV,FV)"
"STORM-586",true,"0.9.3",true,"0.10.0",6,5,"external/storm-kafka/src/jvm/storm/kafka/KafkaUtils.java|external/storm-kafka/src/jvm/storm/kafka/PartitionManager.java|external/storm-kafka/src/jvm/storm/kafka/TopicOffsetOutOfRangeException.java|external/storm-kafka/src/jvm/storm/kafka/UpdateOffsetException.java|external/storm-kafka/src/jvm/storm/kafka/trident/TridentKafkaEmitter.java",9,true,"0.9.0.1",true,"pronto per labeling [IV,FV)"
"STORM-585",true,"0.9.2-incubating|0.9.3|0.10.0|0.9.3-rc2",true,"0.10.0",3,0,"",0,false,"",false,"nessuna classe Java nei fixing commit"
"STORM-584",true,"0.9.6",true,"1.0.0|0.10.1|2.0.0",3,0,"",0,false,"",false,"nessuna classe Java nei fixing commit"
"STORM-583",true,"0.9.3",true,"0.10.0",2,49,"external/storm-eventhubs/src/main/java/org/apache/storm/eventhubs/bolt/EventHubBolt.java|external/storm-eventhubs/src/main/java/org/apache/storm/eventhubs/client/ConnectionStringBuilder.java|external/storm-eventhubs/src/main/java/org/apache/storm/eventhubs/client/Constants.java|external/storm-eventhubs/src/main/java/org/apache/storm/eventhubs/client/EventHubClient.java|external/storm-eventhubs/src/main/java/org/apache/storm/eventhubs/client/EventHubConsumerGroup.java|external/storm-eventhubs/src/main/java/org/apache/storm/eventhubs/client/EventHubException.java|external/storm-eventhubs/src/main/java/org/apache/storm/eventhubs/client/EventHubReceiver.java|external/storm-eventhubs/src/main/java/org/apache/storm/eventhubs/client/EventHubSendClient.java|external/storm-eventhubs/src/main/java/org/apache/storm/eventhubs/client/EventHubSender.java|external/storm-eventhubs/src/main/java/org/apache/storm/eventhubs/client/SelectorFilter.java|external/storm-eventhubs/src/main/java/org/apache/storm/eventhubs/client/SelectorFilterWriter.java|external/storm-eventhubs/src/main/java/org/apache/storm/eventhubs/samples/AtMostOnceEventCount.java|external/storm-eventhubs/src/main/java/org/apache/storm/eventhubs/samples/EventCount.java|external/storm-eventhubs/src/main/java/org/apache/storm/eventhubs/samples/EventHubLoop.java|external/storm-eventhubs/src/main/java/org/apache/storm/eventhubs/samples/OpaqueTridentEventCount.java|external/storm-eventhubs/src/main/java/org/apache/storm/eventhubs/samples/TransactionalTridentEventCount.java|external/storm-eventhubs/src/main/java/org/apache/storm/eventhubs/samples/bolt/GlobalCountBolt.java|external/storm-eventhubs/src/main/java/org/apache/storm/eventhubs/samples/bolt/PartialCountBolt.java|external/storm-eventhubs/src/main/java/org/apache/storm/eventhubs/spout/EventData.java|external/storm-eventhubs/src/main/java/org/apache/storm/eventhubs/spout/EventDataScheme.java|external/storm-eventhubs/src/main/java/org/apache/storm/eventhubs/spout/EventHubReceiverFilter.java|external/storm-eventhubs/src/main/java/org/apache/storm/eventhubs/spout/EventHubReceiverImpl.java|external/storm-eventhubs/src/main/java/org/apache/storm/eventhubs/spout/EventHubSpout.java|external/storm-eventhubs/src/main/java/org/apache/storm/eventhubs/spout/EventHubSpoutConfig.java|external/storm-eventhubs/src/main/java/org/apache/storm/eventhubs/spout/EventHubSpoutException.java|external/storm-eventhubs/src/main/java/org/apache/storm/eventhubs/spout/FieldConstants.java|external/storm-eventhubs/src/main/java/org/apache/storm/eventhubs/spout/IEventDataScheme.java|external/storm-eventhubs/src/main/java/org/apache/storm/eventhubs/spout/IEventHubReceiver.java|external/storm-eventhubs/src/main/java/org/apache/storm/eventhubs/spout/IEventHubReceiverFactory.java|external/storm-eventhubs/src/main/java/org/apache/storm/eventhubs/spout/IEventHubReceiverFilter.java|external/storm-eventhubs/src/main/java/org/apache/storm/eventhubs/spout/IPartitionCoordinator.java|external/storm-eventhubs/src/main/java/org/apache/storm/eventhubs/spout/IPartitionManager.java|external/storm-eventhubs/src/main/java/org/apache/storm/eventhubs/spout/IPartitionManagerFactory.java|external/storm-eventhubs/src/main/java/org/apache/storm/eventhubs/spout/IStateStore.java|external/storm-eventhubs/src/main/java/org/apache/storm/eventhubs/spout/MessageId.java|external/storm-eventhubs/src/main/java/org/apache/storm/eventhubs/spout/PartitionManager.java|external/storm-eventhubs/src/main/java/org/apache/storm/eventhubs/spout/SimplePartitionManager.java|external/storm-eventhubs/src/main/java/org/apache/storm/eventhubs/spout/StaticPartitionCoordinator.java|external/storm-eventhubs/src/main/java/org/apache/storm/eventhubs/spout/ZookeeperStateStore.java|external/storm-eventhubs/src/main/java/org/apache/storm/eventhubs/trident/Coordinator.java|external/storm-eventhubs/src/main/java/org/apache/storm/eventhubs/trident/ITridentPartitionManager.java|external/storm-eventhubs/src/main/java/org/apache/storm/eventhubs/trident/ITridentPartitionManagerFactory.java|external/storm-eventhubs/src/main/java/org/apache/storm/eventhubs/trident/OpaqueTridentEventHubEmitter.java|external/storm-eventhubs/src/main/java/org/apache/storm/eventhubs/trident/OpaqueTridentEventHubSpout.java|external/storm-eventhubs/src/main/java/org/apache/storm/eventhubs/trident/Partition.java|external/storm-eventhubs/src/main/java/org/apache/storm/eventhubs/trident/Partitions.java|external/storm-eventhubs/src/main/java/org/apache/storm/eventhubs/trident/TransactionalTridentEventHubEmitter.java|external/storm-eventhubs/src/main/java/org/apache/storm/eventhubs/trident/TransactionalTridentEventHubSpout.java|external/storm-eventhubs/src/main/java/org/apache/storm/eventhubs/trident/TridentPartitionManager.java",0,false,"",true,"SZZ non ha trovato un commit introducente"
"STORM-582",true,"0.9.2-incubating",false,"",0,0,"",0,false,"",false,"nessuna classe Java nei fixing commit"
"STORM-578",false,"",true,"0.10.0",2,0,"",0,false,"",false,"nessuna classe Java nei fixing commit"
"STORM-577",true,"0.10.0|0.9.3-rc2",true,"0.10.0",2,0,"",0,false,"",false,"nessuna classe Java nei fixing commit"
"STORM-574",true,"0.9.2-incubating",true,"0.10.0",0,0,"",0,false,"",false,"nessuna classe Java nei fixing commit"
"STORM-566",false,"",true,"1.0.0",3,1,"storm-core/src/jvm/storm/trident/spout/ITridentSpout.java",1,true,"0.9.0.1",true,"pronto per labeling [IV,FV)"
"STORM-565",true,"0.10.0",true,"0.10.0",3,1,"storm-core/src/jvm/backtype/storm/security/auth/authorizer/SimpleACLAuthorizer.java",1,true,"0.9.3",true,"pronto per labeling [IV,FV)"
"STORM-563",false,"",true,"0.10.0",4,4,"external/storm-kafka/src/jvm/storm/kafka/KafkaConfig.java|external/storm-kafka/src/jvm/storm/kafka/KafkaUtils.java|external/storm-kafka/src/jvm/storm/kafka/PartitionManager.java|external/storm-kafka/src/jvm/storm/kafka/trident/TridentKafkaEmitter.java",4,true,"0.9.0.1",true,"pronto per labeling [IV,FV)"
"STORM-558",false,"",true,"0.9.3",5,0,"",0,false,"",false,"nessuna classe Java nei fixing commit"
"STORM-555",false,"",true,"0.9.3",5,0,"",0,false,"",false,"nessuna classe Java nei fixing commit"
"STORM-554",true,"0.9.3-rc2",true,"0.10.0",2,0,"",0,false,"",false,"nessuna classe Java nei fixing commit"
"STORM-549",true,"0.9.2-incubating|0.9.1-incubating",true,"0.9.3-rc2",3,0,"",0,false,"",false,"nessuna classe Java nei fixing commit"
"STORM-548",true,"0.9.3-rc2",true,"0.10.0",5,98,"examples/storm-starter/src/jvm/storm/starter/util/StormRunner.java|external/storm-kafka/src/jvm/storm/kafka/KafkaUtils.java|external/storm-kafka/src/jvm/storm/kafka/PartitionManager.java|external/storm-kafka/src/jvm/storm/kafka/UpdateOffsetException.java|storm-core/src/jvm/backtype/storm/Config.java|storm-core/src/jvm/backtype/storm/ConfigValidation.java|storm-core/src/jvm/backtype/storm/Constants.java|storm-core/src/jvm/backtype/storm/ICredentialsListener.java|storm-core/src/jvm/backtype/storm/ILocalCluster.java|storm-core/src/jvm/backtype/storm/StormSubmitter.java|storm-core/src/jvm/backtype/storm/drpc/DRPCInvocationsClient.java|storm-core/src/jvm/backtype/storm/drpc/DRPCSpout.java|storm-core/src/jvm/backtype/storm/drpc/ReturnResults.java|storm-core/src/jvm/backtype/storm/generated/AuthorizationException.java|storm-core/src/jvm/backtype/storm/generated/Credentials.java|storm-core/src/jvm/backtype/storm/generated/DistributedRPC.java|storm-core/src/jvm/backtype/storm/generated/DistributedRPCInvocations.java|storm-core/src/jvm/backtype/storm/generated/Nimbus.java|storm-core/src/jvm/backtype/storm/generated/SubmitOptions.java|storm-core/src/jvm/backtype/storm/generated/TopologyInfo.java|storm-core/src/jvm/backtype/storm/generated/TopologySummary.java|storm-core/src/jvm/backtype/storm/messaging/netty/Client.java|storm-core/src/jvm/backtype/storm/messaging/netty/ControlMessage.java|storm-core/src/jvm/backtype/storm/messaging/netty/MessageDecoder.java|storm-core/src/jvm/backtype/storm/messaging/netty/MessageEncoder.java|storm-core/src/jvm/backtype/storm/messaging/netty/SaslMessageToken.java|storm-core/src/jvm/backtype/storm/messaging/netty/SaslNettyClient.java|storm-core/src/jvm/backtype/storm/messaging/netty/SaslNettyClientState.java|storm-core/src/jvm/backtype/storm/messaging/netty/SaslNettyServer.java|storm-core/src/jvm/backtype/storm/messaging/netty/SaslNettyServerState.java|storm-core/src/jvm/backtype/storm/messaging/netty/SaslStormClientHandler.java|storm-core/src/jvm/backtype/storm/messaging/netty/SaslStormServerAuthorizeHandler.java|storm-core/src/jvm/backtype/storm/messaging/netty/SaslStormServerHandler.java|storm-core/src/jvm/backtype/storm/messaging/netty/SaslUtils.java|storm-core/src/jvm/backtype/storm/messaging/netty/Server.java|storm-core/src/jvm/backtype/storm/messaging/netty/StormClientPipelineFactory.java|storm-core/src/jvm/backtype/storm/messaging/netty/StormServerHandler.java|storm-core/src/jvm/backtype/storm/messaging/netty/StormServerPipelineFactory.java|storm-core/src/jvm/backtype/storm/scheduler/Cluster.java|storm-core/src/jvm/backtype/storm/scheduler/multitenant/DefaultPool.java|storm-core/src/jvm/backtype/storm/scheduler/multitenant/FreePool.java|storm-core/src/jvm/backtype/storm/scheduler/multitenant/IsolatedPool.java|storm-core/src/jvm/backtype/storm/scheduler/multitenant/MultitenantScheduler.java|storm-core/src/jvm/backtype/storm/scheduler/multitenant/Node.java|storm-core/src/jvm/backtype/storm/scheduler/multitenant/NodePool.java|storm-core/src/jvm/backtype/storm/security/INimbusCredentialPlugin.java|storm-core/src/jvm/backtype/storm/security/auth/AuthUtils.java|storm-core/src/jvm/backtype/storm/security/auth/DefaultHttpCredentialsPlugin.java|storm-core/src/jvm/backtype/storm/security/auth/DefaultPrincipalToLocal.java|storm-core/src/jvm/backtype/storm/security/auth/IAutoCredentials.java|storm-core/src/jvm/backtype/storm/security/auth/ICredentialsRenewer.java|storm-core/src/jvm/backtype/storm/security/auth/IGroupMappingServiceProvider.java|storm-core/src/jvm/backtype/storm/security/auth/IHttpCredentialsPlugin.java|storm-core/src/jvm/backtype/storm/security/auth/IPrincipalToLocal.java|storm-core/src/jvm/backtype/storm/security/auth/ITransportPlugin.java|storm-core/src/jvm/backtype/storm/security/auth/KerberosPrincipalToLocal.java|storm-core/src/jvm/backtype/storm/security/auth/ReqContext.java|storm-core/src/jvm/backtype/storm/security/auth/SaslTransportPlugin.java|storm-core/src/jvm/backtype/storm/security/auth/ShellBasedGroupsMapping.java|storm-core/src/jvm/backtype/storm/security/auth/SimpleTransportPlugin.java|storm-core/src/jvm/backtype/storm/security/auth/SingleUserPrincipal.java|storm-core/src/jvm/backtype/storm/security/auth/TBackoffConnect.java|storm-core/src/jvm/backtype/storm/security/auth/ThriftClient.java|storm-core/src/jvm/backtype/storm/security/auth/ThriftConnectionType.java|storm-core/src/jvm/backtype/storm/security/auth/ThriftServer.java|storm-core/src/jvm/backtype/storm/security/auth/authorizer/DRPCAuthorizerBase.java|storm-core/src/jvm/backtype/storm/security/auth/authorizer/DRPCSimpleACLAuthorizer.java|storm-core/src/jvm/backtype/storm/security/auth/authorizer/DenyAuthorizer.java|storm-core/src/jvm/backtype/storm/security/auth/authorizer/NoopAuthorizer.java|storm-core/src/jvm/backtype/storm/security/auth/authorizer/SimpleACLAuthorizer.java|storm-core/src/jvm/backtype/storm/security/auth/authorizer/SimpleWhitelistAuthorizer.java|storm-core/src/jvm/backtype/storm/security/auth/digest/DigestSaslTransportPlugin.java|storm-core/src/jvm/backtype/storm/security/auth/hadoop/AutoHDFS.java|storm-core/src/jvm/backtype/storm/security/auth/kerberos/AutoTGT.java|storm-core/src/jvm/backtype/storm/security/auth/kerberos/AutoTGTKrb5LoginModule.java|storm-core/src/jvm/backtype/storm/security/auth/kerberos/AutoTGTKrb5LoginModuleTest.java|storm-core/src/jvm/backtype/storm/security/auth/kerberos/ClientCallbackHandler.java|storm-core/src/jvm/backtype/storm/security/auth/kerberos/KerberosSaslTransportPlugin.java|storm-core/src/jvm/backtype/storm/security/auth/kerberos/ServerCallbackHandler.java|storm-core/src/jvm/backtype/storm/spout/ShellSpout.java|storm-core/src/jvm/backtype/storm/task/ShellBolt.java|storm-core/src/jvm/backtype/storm/testing/ForwardingMetricsConsumer.java|storm-core/src/jvm/backtype/storm/testing/SingleUserSimpleTransport.java|storm-core/src/jvm/backtype/storm/transactional/state/TestTransactionalState.java|storm-core/src/jvm/backtype/storm/transactional/state/TransactionalState.java|storm-core/src/jvm/backtype/storm/utils/DRPCClient.java|storm-core/src/jvm/backtype/storm/utils/DisruptorQueue.java|storm-core/src/jvm/backtype/storm/utils/LocalState.java|storm-core/src/jvm/backtype/storm/utils/NimbusClient.java|storm-core/src/jvm/backtype/storm/utils/ShellUtils.java|storm-core/src/jvm/backtype/storm/utils/TestUtils.java|storm-core/src/jvm/backtype/storm/utils/Utils.java|storm-core/src/jvm/backtype/storm/utils/ZookeeperAuthInfo.java|storm-core/src/jvm/backtype/storm/utils/ZookeeperServerCnxnFactory.java|storm-core/src/jvm/storm/trident/drpc/ReturnResultsReducer.java|storm-core/src/jvm/storm/trident/topology/state/TestTransactionalState.java|storm-core/src/jvm/storm/trident/topology/state/TransactionalState.java|storm-core/test/jvm/backtype/storm/utils/DisruptorQueueTest.java",99,true,"0.9.0.1",true,"pronto per labeling [IV,FV)"
"STORM-546",true,"0.9.3-rc2",true,"0.9.3",2,0,"",0,false,"",false,"nessuna classe Java nei fixing commit"
"STORM-543",true,"0.9.2-incubating",true,"0.9.3",0,0,"",0,false,"",false,"nessuna classe Java nei fixing commit"
"STORM-541",true,"0.10.0|0.9.3-rc2",true,"0.10.0",5,127,"examples/storm-starter/src/jvm/storm/starter/BasicDRPCTopology.java|examples/storm-starter/src/jvm/storm/starter/SkewedRollingTopWords.java|examples/storm-starter/src/jvm/storm/starter/bolt/RollingCountAggBolt.java|external/storm-hive/src/main/java/org/apache/storm/hive/bolt/HiveBolt.java|external/storm-hive/src/main/java/org/apache/storm/hive/bolt/mapper/DelimitedRecordHiveMapper.java|external/storm-hive/src/main/java/org/apache/storm/hive/bolt/mapper/HiveMapper.java|external/storm-hive/src/main/java/org/apache/storm/hive/bolt/mapper/JsonRecordHiveMapper.java|external/storm-hive/src/main/java/org/apache/storm/hive/common/HiveOptions.java|external/storm-hive/src/main/java/org/apache/storm/hive/common/HiveUtils.java|external/storm-hive/src/main/java/org/apache/storm/hive/common/HiveWriter.java|external/storm-hive/src/main/java/org/apache/storm/hive/trident/HiveState.java|external/storm-hive/src/main/java/org/apache/storm/hive/trident/HiveStateFactory.java|external/storm-hive/src/main/java/org/apache/storm/hive/trident/HiveUpdater.java|external/storm-jdbc/src/main/java/org/apache/storm/jdbc/bolt/AbstractJdbcBolt.java|external/storm-jdbc/src/main/java/org/apache/storm/jdbc/bolt/JdbcInsertBolt.java|external/storm-jdbc/src/main/java/org/apache/storm/jdbc/bolt/JdbcLookupBolt.java|external/storm-jdbc/src/main/java/org/apache/storm/jdbc/common/Column.java|external/storm-jdbc/src/main/java/org/apache/storm/jdbc/common/JdbcClient.java|external/storm-jdbc/src/main/java/org/apache/storm/jdbc/common/Util.java|external/storm-jdbc/src/main/java/org/apache/storm/jdbc/mapper/JdbcLookupMapper.java|external/storm-jdbc/src/main/java/org/apache/storm/jdbc/mapper/JdbcMapper.java|external/storm-jdbc/src/main/java/org/apache/storm/jdbc/mapper/SimpleJdbcLookupMapper.java|external/storm-jdbc/src/main/java/org/apache/storm/jdbc/mapper/SimpleJdbcMapper.java|external/storm-jdbc/src/main/java/org/apache/storm/jdbc/trident/state/JdbcQuery.java|external/storm-jdbc/src/main/java/org/apache/storm/jdbc/trident/state/JdbcState.java|external/storm-jdbc/src/main/java/org/apache/storm/jdbc/trident/state/JdbcStateFactory.java|external/storm-jdbc/src/main/java/org/apache/storm/jdbc/trident/state/JdbcUpdater.java|external/storm-kafka/src/jvm/storm/kafka/ExponentialBackoffMsgRetryManager.java|external/storm-kafka/src/jvm/storm/kafka/PartitionManager.java|external/storm-kafka/src/jvm/storm/kafka/bolt/KafkaBolt.java|external/storm-redis/src/main/java/org/apache/storm/redis/bolt/AbstractRedisBolt.java|external/storm-redis/src/main/java/org/apache/storm/redis/trident/mapper/TridentTupleMapper.java|external/storm-redis/src/main/java/org/apache/storm/redis/trident/state/RedisClusterMapState.java|external/storm-redis/src/main/java/org/apache/storm/redis/trident/state/RedisClusterState.java|external/storm-redis/src/main/java/org/apache/storm/redis/trident/state/RedisClusterStateQuerier.java|external/storm-redis/src/main/java/org/apache/storm/redis/trident/state/RedisClusterStateUpdater.java|external/storm-redis/src/main/java/org/apache/storm/redis/trident/state/RedisMapState.java|external/storm-redis/src/main/java/org/apache/storm/redis/trident/state/RedisState.java|external/storm-redis/src/main/java/org/apache/storm/redis/trident/state/RedisStateQuerier.java|external/storm-redis/src/main/java/org/apache/storm/redis/trident/state/RedisStateSetCountQuerier.java|external/storm-redis/src/main/java/org/apache/storm/redis/trident/state/RedisStateSetUpdater.java|external/storm-redis/src/main/java/org/apache/storm/redis/trident/state/RedisStateUpdater.java|external/storm-redis/src/main/java/org/apache/storm/redis/util/config/JedisClusterConfig.java|external/storm-redis/src/main/java/org/apache/storm/redis/util/config/JedisPoolConfig.java|external/storm-redis/src/main/java/org/apache/storm/redis/util/container/JedisClusterContainer.java|external/storm-redis/src/main/java/org/apache/storm/redis/util/container/JedisCommandsContainerBuilder.java|external/storm-redis/src/main/java/org/apache/storm/redis/util/container/JedisCommandsInstanceContainer.java|external/storm-redis/src/main/java/org/apache/storm/redis/util/container/JedisContainer.java|storm-core/src/jvm/backtype/storm/Config.java|storm-core/src/jvm/backtype/storm/ConfigValidation.java|storm-core/src/jvm/backtype/storm/StormSubmitter.java|storm-core/src/jvm/backtype/storm/coordination/BatchSubtopologyBuilder.java|storm-core/src/jvm/backtype/storm/drpc/DRPCInvocationsClient.java|storm-core/src/jvm/backtype/storm/drpc/DRPCSpout.java|storm-core/src/jvm/backtype/storm/drpc/LinearDRPCInputDeclarer.java|storm-core/src/jvm/backtype/storm/drpc/LinearDRPCTopologyBuilder.java|storm-core/src/jvm/backtype/storm/drpc/ReturnResults.java|storm-core/src/jvm/backtype/storm/generated/AlreadyAliveException.java|storm-core/src/jvm/backtype/storm/generated/AuthorizationException.java|storm-core/src/jvm/backtype/storm/generated/Bolt.java|storm-core/src/jvm/backtype/storm/generated/BoltStats.java|storm-core/src/jvm/backtype/storm/generated/ClusterSummary.java|storm-core/src/jvm/backtype/storm/generated/ComponentCommon.java|storm-core/src/jvm/backtype/storm/generated/ComponentObject.java|storm-core/src/jvm/backtype/storm/generated/Credentials.java|storm-core/src/jvm/backtype/storm/generated/DRPCExecutionException.java|storm-core/src/jvm/backtype/storm/generated/DRPCRequest.java|storm-core/src/jvm/backtype/storm/generated/DistributedRPC.java|storm-core/src/jvm/backtype/storm/generated/DistributedRPCInvocations.java|storm-core/src/jvm/backtype/storm/generated/ErrorInfo.java|storm-core/src/jvm/backtype/storm/generated/ExecutorInfo.java|storm-core/src/jvm/backtype/storm/generated/ExecutorSpecificStats.java|storm-core/src/jvm/backtype/storm/generated/ExecutorStats.java|storm-core/src/jvm/backtype/storm/generated/ExecutorSummary.java|storm-core/src/jvm/backtype/storm/generated/GetInfoOptions.java|storm-core/src/jvm/backtype/storm/generated/GlobalStreamId.java|storm-core/src/jvm/backtype/storm/generated/Grouping.java|storm-core/src/jvm/backtype/storm/generated/InvalidTopologyException.java|storm-core/src/jvm/backtype/storm/generated/JavaObject.java|storm-core/src/jvm/backtype/storm/generated/JavaObjectArg.java|storm-core/src/jvm/backtype/storm/generated/KillOptions.java|storm-core/src/jvm/backtype/storm/generated/Nimbus.java|storm-core/src/jvm/backtype/storm/generated/NotAliveException.java|storm-core/src/jvm/backtype/storm/generated/NullStruct.java|storm-core/src/jvm/backtype/storm/generated/NumErrorsChoice.java|storm-core/src/jvm/backtype/storm/generated/RebalanceOptions.java|storm-core/src/jvm/backtype/storm/generated/ShellComponent.java|storm-core/src/jvm/backtype/storm/generated/SpoutSpec.java|storm-core/src/jvm/backtype/storm/generated/SpoutStats.java|storm-core/src/jvm/backtype/storm/generated/StateSpoutSpec.java|storm-core/src/jvm/backtype/storm/generated/StormTopology.java|storm-core/src/jvm/backtype/storm/generated/StreamInfo.java|storm-core/src/jvm/backtype/storm/generated/SubmitOptions.java|storm-core/src/jvm/backtype/storm/generated/SupervisorSummary.java|storm-core/src/jvm/backtype/storm/generated/TopologyInfo.java|storm-core/src/jvm/backtype/storm/generated/TopologyInitialStatus.java|storm-core/src/jvm/backtype/storm/generated/TopologySummary.java|storm-core/src/jvm/backtype/storm/grouping/PartialKeyGrouping.java|storm-core/src/jvm/backtype/storm/messaging/ConnectionWithStatus.java|storm-core/src/jvm/backtype/storm/messaging/netty/Client.java|storm-core/src/jvm/backtype/storm/messaging/netty/SaslStormClientHandler.java|storm-core/src/jvm/backtype/storm/messaging/netty/Server.java|storm-core/src/jvm/backtype/storm/messaging/netty/StormClientPipelineFactory.java|storm-core/src/jvm/backtype/storm/security/auth/DefaultHttpCredentialsPlugin.java|storm-core/src/jvm/backtype/storm/security/auth/ITransportPlugin.java|storm-core/src/jvm/backtype/storm/security/auth/ReqContext.java|storm-core/src/jvm/backtype/storm/security/auth/SaslTransportPlugin.java|storm-core/src/jvm/backtype/storm/security/auth/SimpleTransportPlugin.java|storm-core/src/jvm/backtype/storm/security/auth/TBackoffConnect.java|storm-core/src/jvm/backtype/storm/security/auth/ThriftClient.java|storm-core/src/jvm/backtype/storm/security/auth/authorizer/ImpersonationAuthorizer.java|storm-core/src/jvm/backtype/storm/security/auth/authorizer/SimpleACLAuthorizer.java|storm-core/src/jvm/backtype/storm/security/auth/digest/DigestSaslTransportPlugin.java|storm-core/src/jvm/backtype/storm/security/auth/digest/ServerCallbackHandler.java|storm-core/src/jvm/backtype/storm/security/auth/kerberos/KerberosSaslTransportPlugin.java|storm-core/src/jvm/backtype/storm/security/auth/kerberos/ServerCallbackHandler.java|storm-core/src/jvm/backtype/storm/topology/BoltDeclarer.java|storm-core/src/jvm/backtype/storm/topology/InputDeclarer.java|storm-core/src/jvm/backtype/storm/topology/TopologyBuilder.java|storm-core/src/jvm/backtype/storm/transactional/TransactionalTopologyBuilder.java|storm-core/src/jvm/backtype/storm/utils/DRPCClient.java|storm-core/src/jvm/backtype/storm/utils/NimbusClient.java|storm-core/src/jvm/backtype/storm/utils/VersionedStore.java|storm-core/src/jvm/storm/trident/drpc/ReturnResultsReducer.java|storm-core/src/jvm/storm/trident/spout/RichSpoutBatchExecutor.java|storm-core/src/jvm/storm/trident/topology/TridentTopologyBuilder.java|storm-core/test/jvm/backtype/storm/grouping/PartialKeyGroupingTest.java",74,true,"0.9.0.1",true,"pronto per labeling [IV,FV)"
"STORM-539",false,"",true,"0.10.0",10,95,"external/storm-hive/src/main/java/org/apache/storm/hive/bolt/HiveBolt.java|external/storm-hive/src/main/java/org/apache/storm/hive/bolt/mapper/DelimitedRecordHiveMapper.java|external/storm-hive/src/main/java/org/apache/storm/hive/bolt/mapper/HiveMapper.java|external/storm-hive/src/main/java/org/apache/storm/hive/bolt/mapper/JsonRecordHiveMapper.java|external/storm-hive/src/main/java/org/apache/storm/hive/common/HiveOptions.java|external/storm-hive/src/main/java/org/apache/storm/hive/common/HiveUtils.java|external/storm-hive/src/main/java/org/apache/storm/hive/common/HiveWriter.java|external/storm-hive/src/main/java/org/apache/storm/hive/trident/HiveState.java|external/storm-hive/src/main/java/org/apache/storm/hive/trident/HiveStateFactory.java|external/storm-hive/src/main/java/org/apache/storm/hive/trident/HiveUpdater.java|examples/storm-starter/src/jvm/storm/starter/BasicDRPCTopology.java|external/storm-jdbc/src/main/java/org/apache/storm/jdbc/bolt/AbstractJdbcBolt.java|external/storm-jdbc/src/main/java/org/apache/storm/jdbc/bolt/JdbcInsertBolt.java|external/storm-jdbc/src/main/java/org/apache/storm/jdbc/bolt/JdbcLookupBolt.java|external/storm-jdbc/src/main/java/org/apache/storm/jdbc/common/Column.java|external/storm-jdbc/src/main/java/org/apache/storm/jdbc/common/JdbcClient.java|external/storm-jdbc/src/main/java/org/apache/storm/jdbc/common/Util.java|external/storm-jdbc/src/main/java/org/apache/storm/jdbc/mapper/JdbcLookupMapper.java|external/storm-jdbc/src/main/java/org/apache/storm/jdbc/mapper/JdbcMapper.java|external/storm-jdbc/src/main/java/org/apache/storm/jdbc/mapper/SimpleJdbcLookupMapper.java|external/storm-jdbc/src/main/java/org/apache/storm/jdbc/mapper/SimpleJdbcMapper.java|external/storm-jdbc/src/main/java/org/apache/storm/jdbc/trident/state/JdbcQuery.java|external/storm-jdbc/src/main/java/org/apache/storm/jdbc/trident/state/JdbcState.java|external/storm-jdbc/src/main/java/org/apache/storm/jdbc/trident/state/JdbcStateFactory.java|external/storm-jdbc/src/main/java/org/apache/storm/jdbc/trident/state/JdbcUpdater.java|external/storm-kafka/src/jvm/storm/kafka/PartitionManager.java|external/storm-redis/src/main/java/org/apache/storm/redis/bolt/AbstractRedisBolt.java|external/storm-redis/src/main/java/org/apache/storm/redis/trident/mapper/TridentTupleMapper.java|external/storm-redis/src/main/java/org/apache/storm/redis/trident/state/RedisClusterMapState.java|external/storm-redis/src/main/java/org/apache/storm/redis/trident/state/RedisClusterState.java|external/storm-redis/src/main/java/org/apache/storm/redis/trident/state/RedisClusterStateQuerier.java|external/storm-redis/src/main/java/org/apache/storm/redis/trident/state/RedisClusterStateUpdater.java|external/storm-redis/src/main/java/org/apache/storm/redis/trident/state/RedisMapState.java|external/storm-redis/src/main/java/org/apache/storm/redis/trident/state/RedisState.java|external/storm-redis/src/main/java/org/apache/storm/redis/trident/state/RedisStateQuerier.java|external/storm-redis/src/main/java/org/apache/storm/redis/trident/state/RedisStateSetCountQuerier.java|external/storm-redis/src/main/java/org/apache/storm/redis/trident/state/RedisStateSetUpdater.java|external/storm-redis/src/main/java/org/apache/storm/redis/trident/state/RedisStateUpdater.java|external/storm-redis/src/main/java/org/apache/storm/redis/util/config/JedisClusterConfig.java|external/storm-redis/src/main/java/org/apache/storm/redis/util/config/JedisPoolConfig.java|external/storm-redis/src/main/java/org/apache/storm/redis/util/container/JedisClusterContainer.java|external/storm-redis/src/main/java/org/apache/storm/redis/util/container/JedisCommandsContainerBuilder.java|external/storm-redis/src/main/java/org/apache/storm/redis/util/container/JedisCommandsInstanceContainer.java|external/storm-redis/src/main/java/org/apache/storm/redis/util/container/JedisContainer.java|storm-core/src/jvm/backtype/storm/drpc/DRPCInvocationsClient.java|storm-core/src/jvm/backtype/storm/drpc/DRPCSpout.java|storm-core/src/jvm/backtype/storm/drpc/ReturnResults.java|storm-core/src/jvm/backtype/storm/generated/AlreadyAliveException.java|storm-core/src/jvm/backtype/storm/generated/AuthorizationException.java|storm-core/src/jvm/backtype/storm/generated/Bolt.java|storm-core/src/jvm/backtype/storm/generated/BoltStats.java|storm-core/src/jvm/backtype/storm/generated/ClusterSummary.java|storm-core/src/jvm/backtype/storm/generated/ComponentCommon.java|storm-core/src/jvm/backtype/storm/generated/ComponentObject.java|storm-core/src/jvm/backtype/storm/generated/Credentials.java|storm-core/src/jvm/backtype/storm/generated/DRPCExecutionException.java|storm-core/src/jvm/backtype/storm/generated/DRPCRequest.java|storm-core/src/jvm/backtype/storm/generated/DistributedRPC.java|storm-core/src/jvm/backtype/storm/generated/DistributedRPCInvocations.java|storm-core/src/jvm/backtype/storm/generated/ErrorInfo.java|storm-core/src/jvm/backtype/storm/generated/ExecutorInfo.java|storm-core/src/jvm/backtype/storm/generated/ExecutorSpecificStats.java|storm-core/src/jvm/backtype/storm/generated/ExecutorStats.java|storm-core/src/jvm/backtype/storm/generated/ExecutorSummary.java|storm-core/src/jvm/backtype/storm/generated/GetInfoOptions.java|storm-core/src/jvm/backtype/storm/generated/GlobalStreamId.java|storm-core/src/jvm/backtype/storm/generated/Grouping.java|storm-core/src/jvm/backtype/storm/generated/InvalidTopologyException.java|storm-core/src/jvm/backtype/storm/generated/JavaObject.java|storm-core/src/jvm/backtype/storm/generated/JavaObjectArg.java|storm-core/src/jvm/backtype/storm/generated/KillOptions.java|storm-core/src/jvm/backtype/storm/generated/Nimbus.java|storm-core/src/jvm/backtype/storm/generated/NotAliveException.java|storm-core/src/jvm/backtype/storm/generated/NullStruct.java|storm-core/src/jvm/backtype/storm/generated/NumErrorsChoice.java|storm-core/src/jvm/backtype/storm/generated/RebalanceOptions.java|storm-core/src/jvm/backtype/storm/generated/ShellComponent.java|storm-core/src/jvm/backtype/storm/generated/SpoutSpec.java|storm-core/src/jvm/backtype/storm/generated/SpoutStats.java|storm-core/src/jvm/backtype/storm/generated/StateSpoutSpec.java|storm-core/src/jvm/backtype/storm/generated/StormTopology.java|storm-core/src/jvm/backtype/storm/generated/StreamInfo.java|storm-core/src/jvm/backtype/storm/generated/SubmitOptions.java|storm-core/src/jvm/backtype/storm/generated/SupervisorSummary.java|storm-core/src/jvm/backtype/storm/generated/TopologyInfo.java|storm-core/src/jvm/backtype/storm/generated/TopologyInitialStatus.java|storm-core/src/jvm/backtype/storm/generated/TopologySummary.java|storm-core/src/jvm/backtype/storm/messaging/ConnectionWithStatus.java|storm-core/src/jvm/backtype/storm/messaging/netty/Client.java|storm-core/src/jvm/backtype/storm/messaging/netty/SaslStormClientHandler.java|storm-core/src/jvm/backtype/storm/messaging/netty/Server.java|storm-core/src/jvm/backtype/storm/messaging/netty/StormClientPipelineFactory.java|storm-core/src/jvm/backtype/storm/security/auth/SimpleTransportPlugin.java|storm-core/src/jvm/storm/trident/drpc/ReturnResultsReducer.java|storm-core/src/jvm/storm/trident/spout/RichSpoutBatchExecutor.java",57,true,"0.9.0.1",true,"pronto per labeling [IV,FV)"
"STORM-538",true,"0.9.3",true,"0.9.3|0.9.3-rc2",2,0,"",0,false,"",false,"nessuna classe Java nei fixing commit"
"STORM-537",true,"0.9.3",true,"0.9.3-rc2",6,1,"storm-core/src/jvm/backtype/storm/messaging/netty/Client.java",1,true,"0.9.3",true,"pronto per labeling [IV,FV)"
"STORM-531",true,"0.9.3",true,"0.9.3",0,0,"",0,false,"",false,"nessuna classe Java nei fixing commit"
"STORM-529",true,"0.9.2-incubating",true,"0.9.3-rc2",1,0,"",0,false,"",false,"nessuna classe Java nei fixing commit"
"STORM-527",true,"0.9.3",true,"0.10.0",2,0,"",0,false,"",false,"nessuna classe Java nei fixing commit"
"STORM-525",true,"0.9.2-incubating",true,"0.10.0",3,0,"",0,false,"",false,"nessuna classe Java nei fixing commit"
"STORM-513",true,"0.9.2-incubating",true,"0.9.3-rc2",7,10,"storm-core/src/jvm/backtype/storm/spout/ShellSpout.java|storm-core/src/jvm/backtype/storm/task/ShellBolt.java|external/storm-hbase/src/main/java/org/apache/storm/hbase/bolt/HBaseLookupBolt.java|external/storm-hbase/src/main/java/org/apache/storm/hbase/bolt/mapper/HBaseValueMapper.java|external/storm-hbase/src/main/java/org/apache/storm/hbase/trident/state/HBaseState.java|external/storm-kafka/src/jvm/storm/kafka/KafkaUtils.java|external/storm-kafka/src/jvm/storm/kafka/PartitionManager.java|external/storm-kafka/src/jvm/storm/kafka/UpdateOffsetException.java|storm-core/src/jvm/backtype/storm/messaging/netty/Server.java|storm-core/src/jvm/backtype/storm/utils/LocalState.java",22,true,"0.9.0.1",true,"pronto per labeling [IV,FV)"
"STORM-512",false,"",true,"0.10.0",2,7,"examples/storm-starter/src/jvm/storm/starter/bolt/RollingCountAggBolt.java|examples/storm-starter/src/jvm/storm/starter/bolt/AbstractRankerBolt.java|examples/storm-starter/src/jvm/storm/starter/bolt/RollingCountBolt.java|examples/storm-starter/src/jvm/storm/starter/util/TupleHelpers.java|external/storm-kafka/src/jvm/storm/kafka/bolt/KafkaBolt.java|storm-core/src/jvm/backtype/storm/utils/TupleUtils.java|storm-core/src/jvm/storm/trident/topology/TridentBoltExecutor.java",5,true,"0.9.0.1",true,"pronto per labeling [IV,FV)"
"STORM-511",true,"0.9.3",true,"0.9.3|0.9.3-rc2",6,29,"external/storm-kafka/src/jvm/storm/kafka/KafkaUtils.java|external/storm-kafka/src/jvm/storm/kafka/PartitionManager.java|external/storm-kafka/src/jvm/storm/kafka/UpdateOffsetException.java|external/storm-hbase/src/main/java/org/apache/storm/hbase/bolt/AbstractHBaseBolt.java|external/storm-hbase/src/main/java/org/apache/storm/hbase/bolt/HBaseBolt.java|external/storm-hbase/src/main/java/org/apache/storm/hbase/bolt/HBaseLookupBolt.java|external/storm-hbase/src/main/java/org/apache/storm/hbase/bolt/mapper/HBaseMapper.java|external/storm-hbase/src/main/java/org/apache/storm/hbase/bolt/mapper/HBaseProjectionCriteria.java|external/storm-hbase/src/main/java/org/apache/storm/hbase/bolt/mapper/HBaseValueMapper.java|external/storm-hbase/src/main/java/org/apache/storm/hbase/bolt/mapper/SimpleHBaseMapper.java|external/storm-hbase/src/main/java/org/apache/storm/hbase/common/ColumnList.java|external/storm-hbase/src/main/java/org/apache/storm/hbase/common/HBaseClient.java|external/storm-hbase/src/main/java/org/apache/storm/hbase/common/IColumn.java|external/storm-hbase/src/main/java/org/apache/storm/hbase/common/ICounter.java|external/storm-hbase/src/main/java/org/apache/storm/hbase/common/Utils.java|external/storm-hbase/src/main/java/org/apache/storm/hbase/security/HBaseSecurityUtil.java|external/storm-hbase/src/main/java/org/apache/storm/hbase/trident/mapper/SimpleTridentHBaseMapper.java|external/storm-hbase/src/main/java/org/apache/storm/hbase/trident/mapper/TridentHBaseMapper.java|external/storm-hbase/src/main/java/org/apache/storm/hbase/trident/state/HBaseMapState.java|external/storm-hbase/src/main/java/org/apache/storm/hbase/trident/state/HBaseQuery.java|external/storm-hbase/src/main/java/org/apache/storm/hbase/trident/state/HBaseState.java|external/storm-hbase/src/main/java/org/apache/storm/hbase/trident/state/HBaseStateFactory.java|external/storm-hbase/src/main/java/org/apache/storm/hbase/trident/state/HBaseUpdater.java|storm-core/src/jvm/backtype/storm/tuple/ITuple.java|storm-core/src/jvm/backtype/storm/tuple/Tuple.java|storm-core/src/jvm/storm/trident/testing/MockTridentTuple.java|storm-core/src/jvm/storm/trident/tuple/TridentTuple.java|storm-core/src/jvm/storm/trident/tuple/TridentTupleView.java|storm-core/src/jvm/storm/trident/tuple/ValuePointer.java",14,true,"0.9.0.1",true,"pronto per labeling [IV,FV)"
"STORM-509",true,"0.10.0",true,"0.10.0",3,2,"storm-core/src/jvm/backtype/storm/Config.java|storm-core/src/jvm/backtype/storm/security/auth/authorizer/SimpleACLAuthorizer.java",5,true,"0.9.0.1",true,"pronto per labeling [IV,FV)"
"STORM-507",true,"0.9.3",true,"0.9.3",2,0,"",0,false,"",false,"nessuna classe Java nei fixing commit"
"STORM-506",true,"0.9.2-incubating",true,"0.9.3",2,0,"",0,false,"",false,"nessuna classe Java nei fixing commit"
"STORM-505",true,"0.10.0",true,"0.10.0",2,0,"",0,false,"",false,"nessuna classe Java nei fixing commit"
"STORM-504",false,"",true,"0.9.3",1,0,"",0,false,"",false,"nessuna classe Java nei fixing commit"
"STORM-503",true,"0.9.2-incubating|0.9.1-incubating|0.9.3",true,"0.9.6",1,0,"",0,false,"",false,"nessuna classe Java nei fixing commit"
"STORM-502",false,"",true,"0.10.0",2,0,"",0,false,"",false,"nessuna classe Java nei fixing commit"
"STORM-501",true,"0.9.2-incubating",true,"0.9.3",3,1,"storm-core/src/jvm/backtype/storm/StormSubmitter.java",0,false,"",true,"SZZ non ha trovato un commit introducente"
"STORM-500",true,"0.9.2-incubating",true,"0.9.3",2,0,"",0,false,"",false,"nessuna classe Java nei fixing commit"
"STORM-499",true,"0.9.3",true,"0.9.3",2,0,"",0,false,"",false,"nessuna classe Java nei fixing commit"
"STORM-497",true,"0.9.3",true,"0.9.3-rc2",3,1,"storm-core/src/jvm/backtype/storm/messaging/netty/Server.java",2,true,"0.9.2-incubating",true,"pronto per labeling [IV,FV)"
"STORM-496",false,"",true,"0.10.0",2,0,"",0,false,"",false,"nessuna classe Java nei fixing commit"
"STORM-493",true,"0.9.2-incubating|0.9.3",true,"0.9.3",4,0,"",0,false,"",false,"nessuna classe Java nei fixing commit"
"STORM-492",false,"",true,"0.9.3-rc2",4,0,"",0,false,"",false,"nessuna classe Java nei fixing commit"
"STORM-490",true,"0.9.3",true,"0.9.3",1,0,"",0,false,"",false,"nessuna classe Java nei fixing commit"
"STORM-489",false,"",true,"0.10.0",2,0,"",0,false,"",false,"nessuna classe Java nei fixing commit"
"STORM-488",true,"0.9.3",true,"0.9.3",3,0,"",0,false,"",false,"nessuna classe Java nei fixing commit"
"STORM-486",false,"",true,"0.10.0",1,0,"",0,false,"",false,"nessuna classe Java nei fixing commit"
"STORM-485",false,"",true,"0.10.0",1,0,"",0,false,"",false,"nessuna classe Java nei fixing commit"
"STORM-482",false,"",true,"0.10.0",1,1,"storm-core/src/jvm/backtype/storm/security/auth/DefaultHttpCredentialsPlugin.java",1,true,"0.9.2-incubating",true,"pronto per labeling [IV,FV)"
"STORM-480",false,"",true,"0.10.0",1,0,"",0,false,"",false,"nessuna classe Java nei fixing commit"
"STORM-479",true,"0.10.0",true,"0.10.0",1,1,"storm-core/src/jvm/backtype/storm/scheduler/multitenant/Node.java",1,true,"0.9.2-incubating",true,"pronto per labeling [IV,FV)"
"STORM-477",true,"0.9.2-incubating",true,"1.0.0",2,0,"",0,false,"",false,"nessuna classe Java nei fixing commit"
"STORM-476",true,"0.9.2-incubating|0.9.1-incubating|0.9.0.1|0.9.3",true,"0.9.3",1,0,"",0,false,"",false,"nessuna classe Java nei fixing commit"
"STORM-475",true,"0.9.2-incubating",true,"0.9.3",2,0,"",0,false,"",false,"nessuna classe Java nei fixing commit"
"STORM-472",true,"0.9.3",true,"0.9.3",2,0,"",0,false,"",false,"nessuna classe Java nei fixing commit"
"STORM-468",true,"0.9.2-incubating",true,"1.0.0",3,1,"storm-core/src/jvm/backtype/storm/topology/TopologyBuilder.java",3,true,"0.9.0.1",true,"pronto per labeling [IV,FV)"
"STORM-464",true,"0.9.3",true,"0.9.3",3,0,"",0,false,"",false,"nessuna classe Java nei fixing commit"
"STORM-461",false,"",true,"0.9.3",5,0,"",0,false,"",false,"nessuna classe Java nei fixing commit"
"STORM-460",true,"0.10.0",true,"0.10.0",1,0,"",0,false,"",false,"nessuna classe Java nei fixing commit"
"STORM-458",true,"0.9.2-incubating",true,"0.9.3",2,1,"examples/storm-starter/src/jvm/storm/starter/PrintSampleStream.java",2,true,"0.9.0.1",true,"pronto per labeling [IV,FV)"
"STORM-456",true,"0.9.1-incubating",true,"0.10.0",7,17,"external/storm-hbase/src/main/java/org/apache/storm/hbase/bolt/AbstractHBaseBolt.java|external/storm-hbase/src/main/java/org/apache/storm/hbase/security/AutoHBase.java|external/storm-hbase/src/main/java/org/apache/storm/hbase/security/HBaseSecurityUtil.java|external/storm-hbase/src/main/java/org/apache/storm/hbase/trident/state/HBaseState.java|external/storm-hdfs/src/main/java/org/apache/storm/hdfs/bolt/format/SequenceFormat.java|external/storm-hdfs/src/main/java/org/apache/storm/hdfs/common/security/AutoHDFS.java|external/storm-hdfs/src/main/java/org/apache/storm/hdfs/common/security/HdfsSecurityUtil.java|external/storm-kafka/src/jvm/storm/kafka/KafkaUtils.java|external/storm-kafka/src/jvm/storm/kafka/PartitionManager.java|external/storm-kafka/src/jvm/storm/kafka/TopicOffsetOutOfRangeException.java|external/storm-kafka/src/jvm/storm/kafka/UpdateOffsetException.java|external/storm-kafka/src/jvm/storm/kafka/trident/TridentKafkaEmitter.java|storm-core/src/jvm/backtype/storm/Config.java|storm-core/src/jvm/backtype/storm/messaging/netty/Server.java|storm-core/src/jvm/backtype/storm/security/auth/hadoop/AutoHDFS.java|storm-core/src/jvm/backtype/storm/utils/ShellProcess.java|external/storm-kafka/src/jvm/storm/kafka/bolt/mapper/FieldNameBasedTupleToKafkaMapper.java",21,true,"0.9.0.1",true,"pronto per labeling [IV,FV)"
"STORM-454",true,"0.9.2-incubating",true,"0.9.3",1,0,"",0,false,"",false,"nessuna classe Java nei fixing commit"
"STORM-451",true,"0.9.3",true,"0.9.3",2,0,"",0,false,"",false,"nessuna classe Java nei fixing commit"
"STORM-449",false,"",true,"0.9.3",2,1,"storm-core/src/jvm/backtype/storm/task/ShellBolt.java",2,true,"0.9.2-incubating",true,"pronto per labeling [IV,FV)"
"STORM-447",false,"",true,"0.9.3",1,0,"",0,false,"",false,"nessuna classe Java nei fixing commit"
"STORM-445",false,"",true,"0.9.3",0,0,"",0,false,"",false,"nessuna classe Java nei fixing commit"
"STORM-443",true,"0.9.3",true,"0.9.3",2,1,"storm-core/src/jvm/backtype/storm/multilang/JsonSerializer.java",1,true,"0.9.3",true,"pronto per labeling [IV,FV)"
"STORM-442",true,"0.9.3",true,"0.10.0|0.9.7",1,1,"storm-core/src/jvm/backtype/storm/utils/ShellProcess.java",2,true,"0.9.0.1",true,"pronto per labeling [IV,FV)"
"STORM-439",true,"0.9.2-incubating",true,"0.9.3",5,8,"examples/storm-starter/src/jvm/storm/starter/WordCountTopologyNode.java|external/storm-kafka/src/jvm/storm/kafka/KafkaUtils.java|external/storm-kafka/src/jvm/storm/kafka/PartitionManager.java|storm-core/src/jvm/backtype/storm/StormSubmitter.java|storm-core/src/jvm/backtype/storm/messaging/netty/Client.java|storm-core/src/jvm/backtype/storm/utils/StormBoundedExponentialBackoffRetry.java|storm-core/src/jvm/backtype/storm/utils/Utils.java|storm-core/test/jvm/backtype/storm/utils/StormBoundedExponentialBackoffRetryTest.java",9,true,"0.9.0.1",true,"pronto per labeling [IV,FV)"
"STORM-437",true,"0.9.2-incubating",true,"0.9.3",2,1,"storm-core/src/jvm/backtype/storm/multilang/JsonSerializer.java",1,true,"0.9.0.1",true,"pronto per labeling [IV,FV)"
"STORM-427",true,"0.10.0",true,"0.10.0",2,1,"storm-core/src/jvm/backtype/storm/security/auth/kerberos/AutoTGT.java",1,true,"0.9.2-incubating",true,"pronto per labeling [IV,FV)"
"STORM-424",true,"0.9.2-incubating",true,"0.9.3",1,0,"",0,false,"",false,"nessuna classe Java nei fixing commit"
"STORM-422",true,"0.9.1-incubating",true,"0.9.3-rc2",3,1,"storm-core/src/jvm/backtype/storm/utils/ShellProcess.java",2,true,"0.9.0.1",true,"pronto per labeling [IV,FV)"
"STORM-420",true,"0.9.2-incubating",true,"0.9.3",1,0,"",0,false,"",false,"nessuna classe Java nei fixing commit"
"STORM-419",false,"",true,"0.9.3",2,0,"",0,false,"",false,"nessuna classe Java nei fixing commit"
"STORM-417",false,"",true,"0.9.3",5,7,"external/storm-kafka/src/jvm/storm/kafka/KafkaConfig.java|storm-core/src/jvm/backtype/storm/multilang/JsonSerializer.java|storm-core/src/jvm/backtype/storm/multilang/ShellMsg.java|storm-core/src/jvm/backtype/storm/spout/ISpout.java|storm-core/src/jvm/backtype/storm/spout/ShellSpout.java|storm-core/src/jvm/backtype/storm/task/ShellBolt.java|storm-core/src/jvm/backtype/storm/utils/ShellProcess.java",6,true,"0.9.0.1",true,"pronto per labeling [IV,FV)"
"STORM-415",false,"",true,"0.9.3",2,0,"",0,false,"",false,"nessuna classe Java nei fixing commit"
"STORM-408",true,"0.9.0.1",true,"0.9.2-incubating",0,0,"",0,false,"",false,"nessuna classe Java nei fixing commit"
"STORM-406",true,"0.9.2-incubating|0.9.1-incubating|0.9.0.1",true,"0.9.3",6,61,"examples/storm-starter/src/jvm/storm/starter/PrintSampleStream.java|storm-core/src/jvm/backtype/storm/Config.java|storm-core/src/jvm/backtype/storm/multilang/JsonSerializer.java|storm-core/src/jvm/backtype/storm/serialization/DefaultSerializationDelegate.java|storm-core/src/jvm/backtype/storm/serialization/GzipBridgeSerializationDelegate.java|storm-core/src/jvm/backtype/storm/serialization/GzipSerializationDelegate.java|storm-core/src/jvm/backtype/storm/serialization/SerializationDelegate.java|storm-core/src/jvm/backtype/storm/task/ShellBolt.java|storm-core/src/jvm/backtype/storm/utils/Utils.java|storm-core/test/jvm/backtype/storm/serialization/GzipBridgeSerializationDelegateTest.java|external/storm-hdfs/src/main/java/org/apache/storm/hdfs/bolt/AbstractHdfsBolt.java|external/storm-hdfs/src/main/java/org/apache/storm/hdfs/bolt/HdfsBolt.java|external/storm-hdfs/src/main/java/org/apache/storm/hdfs/bolt/SequenceFileBolt.java|external/storm-hdfs/src/main/java/org/apache/storm/hdfs/bolt/format/DefaultFileNameFormat.java|external/storm-hdfs/src/main/java/org/apache/storm/hdfs/bolt/format/DefaultSequenceFormat.java|external/storm-hdfs/src/main/java/org/apache/storm/hdfs/bolt/format/DelimitedRecordFormat.java|external/storm-hdfs/src/main/java/org/apache/storm/hdfs/bolt/format/FileNameFormat.java|external/storm-hdfs/src/main/java/org/apache/storm/hdfs/bolt/format/RecordFormat.java|external/storm-hdfs/src/main/java/org/apache/storm/hdfs/bolt/format/SequenceFormat.java|external/storm-hdfs/src/main/java/org/apache/storm/hdfs/bolt/rotation/FileRotationPolicy.java|external/storm-hdfs/src/main/java/org/apache/storm/hdfs/bolt/rotation/FileSizeRotationPolicy.java|external/storm-hdfs/src/main/java/org/apache/storm/hdfs/bolt/rotation/NoRotationPolicy.java|external/storm-hdfs/src/main/java/org/apache/storm/hdfs/bolt/rotation/TimedRotationPolicy.java|external/storm-hdfs/src/main/java/org/apache/storm/hdfs/bolt/sync/CountSyncPolicy.java|external/storm-hdfs/src/main/java/org/apache/storm/hdfs/bolt/sync/SyncPolicy.java|external/storm-hdfs/src/main/java/org/apache/storm/hdfs/common/rotation/MoveFileAction.java|external/storm-hdfs/src/main/java/org/apache/storm/hdfs/common/rotation/RotationAction.java|external/storm-hdfs/src/main/java/org/apache/storm/hdfs/common/security/HdfsSecurityUtil.java|external/storm-hdfs/src/main/java/org/apache/storm/hdfs/trident/HdfsState.java|external/storm-hdfs/src/main/java/org/apache/storm/hdfs/trident/HdfsStateFactory.java|external/storm-hdfs/src/main/java/org/apache/storm/hdfs/trident/HdfsUpdater.java|external/storm-hdfs/src/main/java/org/apache/storm/hdfs/trident/format/DefaultFileNameFormat.java|external/storm-hdfs/src/main/java/org/apache/storm/hdfs/trident/format/DefaultSequenceFormat.java|external/storm-hdfs/src/main/java/org/apache/storm/hdfs/trident/format/DelimitedRecordFormat.java|external/storm-hdfs/src/main/java/org/apache/storm/hdfs/trident/format/FileNameFormat.java|external/storm-hdfs/src/main/java/org/apache/storm/hdfs/trident/format/RecordFormat.java|external/storm-hdfs/src/main/java/org/apache/storm/hdfs/trident/format/SequenceFormat.java|external/storm-hdfs/src/main/java/org/apache/storm/hdfs/trident/rotation/FileRotationPolicy.java|external/storm-hdfs/src/main/java/org/apache/storm/hdfs/trident/rotation/FileSizeRotationPolicy.java|external/storm-hdfs/src/main/java/org/apache/storm/hdfs/trident/rotation/NoRotationPolicy.java|external/storm-hdfs/src/main/java/org/apache/storm/hdfs/trident/rotation/TimedRotationPolicy.java|external/storm-hdfs/src/main/java/org/apache/storm/hdfs/trident/sync/CountSyncPolicy.java|external/storm-hdfs/src/main/java/org/apache/storm/hdfs/trident/sync/SyncPolicy.java|external/storm-kafka/src/jvm/storm/kafka/DynamicBrokersReader.java|external/storm-kafka/src/jvm/storm/kafka/bolt/KafkaBolt.java|external/storm-kafka/src/jvm/storm/kafka/bolt/mapper/FieldNameBasedTupleToKafkaMapper.java|external/storm-kafka/src/jvm/storm/kafka/bolt/mapper/TupleToKafkaMapper.java|external/storm-kafka/src/jvm/storm/kafka/bolt/selector/DefaultTopicSelector.java|external/storm-kafka/src/jvm/storm/kafka/bolt/selector/KafkaTopicSelector.java|external/storm-kafka/src/jvm/storm/kafka/trident/TridentKafkaState.java|external/storm-kafka/src/jvm/storm/kafka/trident/TridentKafkaStateFactory.java|external/storm-kafka/src/jvm/storm/kafka/trident/TridentKafkaUpdater.java|external/storm-kafka/src/jvm/storm/kafka/trident/mapper/FieldNameBasedTupleToKafkaMapper.java|external/storm-kafka/src/jvm/storm/kafka/trident/mapper/TridentTupleToKafkaMapper.java|external/storm-kafka/src/jvm/storm/kafka/trident/selector/DefaultTopicSelector.java|external/storm-kafka/src/jvm/storm/kafka/trident/selector/KafkaTopicSelector.java|storm-core/src/jvm/backtype/storm/multilang/ShellMsg.java|storm-core/src/jvm/backtype/storm/spout/ShellSpout.java|storm-core/src/jvm/backtype/storm/utils/DisruptorQueue.java|storm-core/test/jvm/backtype/storm/utils/DisruptorQueueTest.java|storm-core/src/jvm/backtype/storm/messaging/netty/Client.java",29,true,"0.9.0.1",true,"pronto per labeling [IV,FV)"
"STORM-403",false,"",true,"0.9.3",3,0,"",0,false,"",false,"nessuna classe Java nei fixing commit"
"STORM-402",true,"0.9.2-incubating|0.9.3",true,"0.9.3",1,0,"",0,false,"",false,"nessuna classe Java nei fixing commit"
"STORM-401",false,"",true,"0.9.3",2,0,"",0,false,"",false,"nessuna classe Java nei fixing commit"
"STORM-399",true,"0.9.2-incubating",true,"0.9.3",3,1,"external/storm-kafka/src/jvm/storm/kafka/KafkaConfig.java",1,true,"0.9.2-incubating",true,"pronto per labeling [IV,FV)"
"STORM-398",false,"",true,"0.10.0",0,0,"",0,false,"",false,"nessuna classe Java nei fixing commit"
"STORM-396",true,"0.9.1-incubating",true,"0.9.3",2,3,"storm-core/src/jvm/backtype/storm/multilang/ShellMsg.java|storm-core/src/jvm/backtype/storm/spout/ShellSpout.java|storm-core/src/jvm/backtype/storm/task/ShellBolt.java",0,false,"",true,"SZZ non ha trovato un commit introducente"
"STORM-395",false,"",true,"0.10.0",1,1,"storm-core/src/jvm/backtype/storm/security/auth/SaslTransportPlugin.java",1,true,"0.9.2-incubating",true,"pronto per labeling [IV,FV)"
"STORM-394",true,"0.9.1-incubating",true,"0.9.3",0,0,"",0,false,"",false,"nessuna classe Java nei fixing commit"
"STORM-390",true,"0.9.2-incubating",true,"0.9.3",0,0,"",0,false,"",false,"nessuna classe Java nei fixing commit"
"STORM-388",true,"0.9.2-incubating",false,"",1,0,"",0,false,"",false,"nessuna classe Java nei fixing commit"
"STORM-384",true,"0.9.2-incubating",true,"0.9.2-incubating",0,0,"",0,false,"",false,"nessuna classe Java nei fixing commit"
"STORM-381",true,"0.9.2-incubating",true,"0.9.3",3,0,"",0,false,"",false,"nessuna classe Java nei fixing commit"
"STORM-372",true,"0.9.2-incubating",true,"0.9.3",2,0,"",0,false,"",false,"nessuna classe Java nei fixing commit"
"STORM-370",true,"0.9.2-incubating",true,"0.9.3",2,0,"",0,false,"",false,"nessuna classe Java nei fixing commit"
"STORM-369",true,"0.9.2-incubating|0.9.3",true,"0.9.3",2,0,"",0,false,"",false,"nessuna classe Java nei fixing commit"
"STORM-366",false,"",true,"0.9.3",4,0,"",0,false,"",false,"nessuna classe Java nei fixing commit"
"STORM-358",false,"",true,"0.10.0",0,0,"",0,false,"",false,"nessuna classe Java nei fixing commit"
"STORM-357",false,"",true,"0.10.0",1,0,"",0,false,"",false,"nessuna classe Java nei fixing commit"
"STORM-356",true,"0.9.2-incubating",true,"0.9.3",1,0,"",0,false,"",false,"nessuna classe Java nei fixing commit"
"STORM-355",true,"0.9.2-incubating",true,"0.9.3",3,0,"",0,false,"",false,"nessuna classe Java nei fixing commit"
"STORM-352",true,"0.9.2-incubating",true,"0.9.2-incubating",2,1,"external/storm-kafka/src/jvm/storm/kafka/PartitionManager.java",1,true,"0.9.2-incubating",true,"pronto per labeling [IV,FV)"
"STORM-351",true,"0.9.3",true,"0.9.3",2,0,"",0,false,"",false,"nessuna classe Java nei fixing commit"
"STORM-349",false,"",true,"0.10.0",3,1,"storm-core/src/jvm/backtype/storm/Config.java",7,true,"0.9.0.1",true,"pronto per labeling [IV,FV)"
"STORM-348",false,"",true,"0.10.0",8,17,"storm-core/src/jvm/backtype/storm/messaging/netty/SaslUtils.java|storm-core/src/jvm/backtype/storm/messaging/netty/Client.java|storm-core/src/jvm/backtype/storm/messaging/netty/SaslMessageToken.java|storm-core/src/jvm/backtype/storm/messaging/netty/SaslNettyClient.java|storm-core/src/jvm/backtype/storm/messaging/netty/SaslStormClientHandler.java|storm-core/src/jvm/backtype/storm/messaging/netty/SaslStormServerHandler.java|storm-core/src/jvm/backtype/storm/messaging/netty/StormClientPipelineFactory.java|storm-core/src/jvm/backtype/storm/messaging/netty/StormServerPipelineFactory.java|storm-core/src/jvm/backtype/storm/messaging/netty/SaslNettyServer.java|storm-core/src/jvm/backtype/storm/Config.java|storm-core/src/jvm/backtype/storm/messaging/netty/ControlMessage.java|storm-core/src/jvm/backtype/storm/messaging/netty/MessageDecoder.java|storm-core/src/jvm/backtype/storm/messaging/netty/MessageEncoder.java|storm-core/src/jvm/backtype/storm/messaging/netty/SaslNettyClientState.java|storm-core/src/jvm/backtype/storm/messaging/netty/SaslNettyServerState.java|storm-core/src/jvm/backtype/storm/messaging/netty/SaslStormServerAuthorizeHandler.java|storm-core/src/jvm/backtype/storm/messaging/netty/Server.java",11,true,"0.9.0.1",true,"pronto per labeling [IV,FV)"
"STORM-347",false,"",true,"0.10.0",4,7,"storm-core/src/jvm/backtype/storm/Config.java|storm-core/src/jvm/backtype/storm/security/auth/AuthUtils.java|storm-core/src/jvm/backtype/storm/security/auth/IGroupMappingServiceProvider.java|storm-core/src/jvm/backtype/storm/security/auth/ShellBasedGroupsMapping.java|storm-core/src/jvm/backtype/storm/security/auth/authorizer/SimpleACLAuthorizer.java|storm-core/src/jvm/backtype/storm/utils/ShellUtils.java|storm-core/src/jvm/backtype/storm/security/auth/ShellBasedUnixGroupsMapping.java",34,true,"0.9.0.1",true,"pronto per labeling [IV,FV)"
"STORM-346",false,"",true,"0.10.0",5,7,"storm-core/src/jvm/backtype/storm/Config.java|storm-core/src/jvm/backtype/storm/security/INimbusCredentialPlugin.java|storm-core/src/jvm/backtype/storm/security/auth/AuthUtils.java|storm-core/src/jvm/backtype/storm/security/auth/ICredentialsRenewer.java|storm-core/src/jvm/backtype/storm/security/auth/hadoop/AutoHDFS.java|storm-core/src/jvm/backtype/storm/security/auth/kerberos/AutoTGT.java|storm-core/src/jvm/backtype/storm/security/auth/kerberos/AutoHDFS.java",4,true,"0.9.0.1",true,"pronto per labeling [IV,FV)"
"STORM-344",false,"",true,"0.10.0",1,0,"",0,false,"",false,"nessuna classe Java nei fixing commit"
"STORM-343",false,"",true,"0.10.0",0,0,"",0,false,"",false,"nessuna classe Java nei fixing commit"
"STORM-342",false,"",true,"0.9.2-incubating",4,2,"storm-core/test/jvm/backtype/storm/utils/DisruptorQueueTest.java|storm-core/src/jvm/backtype/storm/utils/DisruptorQueue.java",5,true,"0.9.0.1",true,"pronto per labeling [IV,FV)"
"STORM-341",true,"0.9.2-incubating",true,"0.9.3",3,0,"",0,false,"",false,"nessuna classe Java nei fixing commit"
"STORM-338",true,"0.9.2-incubating",true,"0.9.2-incubating",1,1,"storm-core/src/jvm/backtype/storm/messaging/netty/NettyRenameThreadFactory.java",1,true,"0.9.2-incubating",true,"pronto per labeling [IV,FV)"
"STORM-335",false,"",true,"0.9.2-incubating",3,0,"",0,false,"",false,"nessuna classe Java nei fixing commit"
"STORM-330",true,"0.9.1-incubating",true,"0.9.3",1,0,"",0,false,"",false,"nessuna classe Java nei fixing commit"
"STORM-328",true,"0.9.2-incubating|0.9.1-incubating|0.9.0.1",true,"0.9.3",3,3,"storm-core/src/jvm/backtype/storm/Config.java|storm-core/src/jvm/backtype/storm/ConfigValidation.java|storm-core/src/jvm/backtype/storm/utils/Utils.java",8,true,"0.9.0.1",true,"pronto per labeling [IV,FV)"
"STORM-326",true,"0.9.2-incubating|0.9.1-incubating|0.9.0.1",true,"0.9.2-incubating",1,0,"",0,false,"",false,"nessuna classe Java nei fixing commit"
"STORM-322",true,"0.9.2-incubating",true,"0.10.0",3,0,"",0,false,"",false,"nessuna classe Java nei fixing commit"
"STORM-319",false,"",false,"",0,0,"",0,false,"",false,"nessuna classe Java nei fixing commit"
"STORM-313",false,"",true,"0.9.2-incubating",2,0,"",0,false,"",false,"nessuna classe Java nei fixing commit"
"STORM-307",true,"0.9.1-incubating",true,"0.9.3-rc2",3,1,"storm-core/src/jvm/backtype/storm/utils/LocalState.java",3,true,"0.9.0.1",true,"pronto per labeling [IV,FV)"
"STORM-303",true,"0.9.2-incubating",true,"0.9.2-incubating",2,18,"external/storm-kafka/src/jvm/storm/kafka/Broker.java|external/storm-kafka/src/jvm/storm/kafka/BrokerHosts.java|external/storm-kafka/src/jvm/storm/kafka/DynamicBrokersReader.java|external/storm-kafka/src/jvm/storm/kafka/KafkaConfig.java|external/storm-kafka/src/jvm/storm/kafka/KafkaSpout.java|external/storm-kafka/src/jvm/storm/kafka/KafkaUtils.java|external/storm-kafka/src/jvm/storm/kafka/KeyValueSchemeAsMultiScheme.java|external/storm-kafka/src/jvm/storm/kafka/PartitionCoordinator.java|external/storm-kafka/src/jvm/storm/kafka/PartitionManager.java|external/storm-kafka/src/jvm/storm/kafka/StaticCoordinator.java|external/storm-kafka/src/jvm/storm/kafka/StringScheme.java|external/storm-kafka/src/jvm/storm/kafka/ZkCoordinator.java|external/storm-kafka/src/jvm/storm/kafka/ZkHosts.java|external/storm-kafka/src/jvm/storm/kafka/ZkState.java|external/storm-kafka/src/jvm/storm/kafka/trident/GlobalPartitionInformation.java|external/storm-kafka/src/jvm/storm/kafka/trident/TransactionalTridentKafkaSpout.java|external/storm-kafka/src/jvm/storm/kafka/trident/TridentKafkaEmitter.java|external/storm-kafka/src/jvm/storm/kafka/trident/ZkBrokerReader.java",15,true,"0.9.0.1",true,"pronto per labeling [IV,FV)"
"STORM-298",false,"",true,"0.9.2-incubating",3,0,"",0,false,"",false,"nessuna classe Java nei fixing commit"
"STORM-297",false,"",true,"0.9.2-incubating",29,18,"storm-core/src/jvm/backtype/storm/testing/TestEventLogSpout.java|storm-core/src/jvm/backtype/storm/utils/TransferDrainer.java|storm-core/src/jvm/backtype/storm/Config.java|storm-core/src/jvm/backtype/storm/messaging/IConnection.java|storm-core/src/jvm/backtype/storm/messaging/netty/Client.java|storm-core/src/jvm/backtype/storm/messaging/netty/Context.java|storm-core/src/jvm/backtype/storm/messaging/netty/ControlMessage.java|storm-core/src/jvm/backtype/storm/messaging/netty/MessageBatch.java|storm-core/src/jvm/backtype/storm/messaging/netty/MessageDecoder.java|storm-core/src/jvm/backtype/storm/messaging/netty/NettyRenameThreadFactory.java|storm-core/src/jvm/backtype/storm/messaging/netty/Server.java|storm-core/src/jvm/backtype/storm/messaging/netty/StormClientErrorHandler.java|storm-core/src/jvm/backtype/storm/messaging/netty/StormClientHandler.java|storm-core/src/jvm/backtype/storm/messaging/netty/StormClientPipelineFactory.java|storm-core/src/jvm/backtype/storm/messaging/netty/StormServerHandler.java|storm-core/src/jvm/backtype/storm/testing/TestEventOrderCheckBolt.java|storm-core/src/jvm/backtype/storm/utils/DisruptorQueue.java|storm-core/src/jvm/backtype/storm/utils/Utils.java",28,true,"0.9.0.1",true,"pronto per labeling [IV,FV)"
"STORM-296",true,"0.9.2-incubating",true,"0.9.2-incubating",4,0,"",0,false,"",false,"nessuna classe Java nei fixing commit"
"STORM-295",false,"",true,"0.9.2-incubating",4,0,"",0,false,"",false,"nessuna classe Java nei fixing commit"
"STORM-294",true,"0.9.2-incubating",true,"0.9.2-incubating",2,1,"storm-core/src/jvm/backtype/storm/utils/Utils.java",1,true,"0.9.0.1",true,"pronto per labeling [IV,FV)"
"STORM-292",true,"0.9.2-incubating",true,"0.10.0",0,0,"",0,false,"",false,"nessuna classe Java nei fixing commit"
"STORM-290",true,"0.9.2-incubating",true,"0.9.2-incubating",0,0,"",0,false,"",false,"nessuna classe Java nei fixing commit"
"STORM-289",true,"0.9.2-incubating",true,"0.9.2-incubating",0,0,"",0,false,"",false,"nessuna classe Java nei fixing commit"
"STORM-287",false,"",true,"0.9.2-incubating",0,0,"",0,false,"",false,"nessuna classe Java nei fixing commit"
"STORM-286",false,"",true,"0.9.2-incubating",0,0,"",0,false,"",false,"nessuna classe Java nei fixing commit"
"STORM-285",false,"",true,"0.9.2-incubating",1,0,"",0,false,"",false,"nessuna classe Java nei fixing commit"
"STORM-282",false,"",false,"",0,0,"",0,false,"",false,"nessuna classe Java nei fixing commit"
"STORM-281",false,"",true,"0.9.2-incubating",1,0,"",0,false,"",false,"nessuna classe Java nei fixing commit"
"STORM-280",false,"",true,"0.9.2-incubating",3,0,"",0,false,"",false,"nessuna classe Java nei fixing commit"
"STORM-279",false,"",true,"0.9.3",4,9,"external/storm-kafka/src/jvm/storm/kafka/KafkaConfig.java|storm-core/src/jvm/backtype/storm/messaging/netty/Client.java|storm-core/src/jvm/backtype/storm/multilang/JsonSerializer.java|storm-core/src/jvm/backtype/storm/multilang/ShellMsg.java|storm-core/src/jvm/backtype/storm/spout/ISpout.java|storm-core/src/jvm/backtype/storm/spout/ShellSpout.java|storm-core/src/jvm/backtype/storm/task/ShellBolt.java|storm-core/src/jvm/backtype/storm/task/TopologyContext.java|storm-core/src/jvm/backtype/storm/utils/ShellProcess.java",8,true,"0.9.0.1",true,"pronto per labeling [IV,FV)"
"STORM-277",false,"",true,"0.9.2-incubating",0,0,"",0,false,"",false,"nessuna classe Java nei fixing commit"
"STORM-275",true,"0.9.2-incubating",true,"0.9.2-incubating",0,0,"",0,false,"",false,"nessuna classe Java nei fixing commit"
"STORM-274",true,"0.9.2-incubating",true,"0.9.3",3,0,"",0,false,"",false,"nessuna classe Java nei fixing commit"
"STORM-273",false,"",true,"0.9.2-incubating",3,0,"",0,false,"",false,"nessuna classe Java nei fixing commit"
"STORM-269",true,"0.9.2-incubating",true,"0.9.2-incubating",2,0,"",0,false,"",false,"nessuna classe Java nei fixing commit"
"STORM-267",false,"",true,"0.9.2-incubating",3,0,"",0,false,"",false,"nessuna classe Java nei fixing commit"
"STORM-264",false,"",true,"0.9.2-incubating",2,1,"storm-core/src/jvm/backtype/storm/Config.java",5,true,"0.9.0.1",true,"pronto per labeling [IV,FV)"
"STORM-260",true,"0.9.2-incubating",true,"0.9.2-incubating",1,1,"storm-core/src/jvm/backtype/storm/utils/Time.java",2,true,"0.9.0.1",true,"pronto per labeling [IV,FV)"
"STORM-259",false,"",true,"0.9.2-incubating",1,1,"storm-core/src/jvm/backtype/storm/messaging/netty/Client.java",0,false,"",true,"SZZ non ha trovato un commit introducente"
"STORM-254",true,"0.9.2-incubating",true,"0.9.3",4,2,"storm-core/src/jvm/backtype/storm/task/TopologyContext.java|storm-core/src/jvm/backtype/storm/Config.java",5,true,"0.9.0.1",true,"pronto per labeling [IV,FV)"
"STORM-248",false,"",true,"0.10.0",8,0,"",0,false,"",false,"nessuna classe Java nei fixing commit"
"STORM-244",false,"",true,"0.9.2-incubating",3,0,"",0,false,"",false,"nessuna classe Java nei fixing commit"
"STORM-242",false,"",false,"",0,0,"",0,false,"",false,"nessuna classe Java nei fixing commit"
"STORM-239",false,"",true,"0.9.3",3,0,"",0,false,"",false,"nessuna classe Java nei fixing commit"
"STORM-238",false,"",true,"0.9.2-incubating",3,0,"",0,false,"",false,"nessuna classe Java nei fixing commit"
"STORM-237",false,"",false,"",0,0,"",0,false,"",false,"nessuna classe Java nei fixing commit"
"STORM-214",false,"",false,"",2,0,"",0,false,"",false,"nessuna classe Java nei fixing commit"
"STORM-203",false,"",true,"2.0.0",4,0,"",0,false,"",false,"nessuna classe Java nei fixing commit"
"STORM-198",false,"",false,"",0,0,"",0,false,"",false,"nessuna classe Java nei fixing commit"
"STORM-196",false,"",true,"0.9.2-incubating",2,0,"",0,false,"",false,"nessuna classe Java nei fixing commit"
"STORM-195",false,"",false,"",1,0,"",0,false,"",false,"nessuna classe Java nei fixing commit"
"STORM-194",false,"",true,"0.9.2-incubating",2,2,"storm-core/src/jvm/backtype/storm/Config.java|storm-core/src/jvm/backtype/storm/ConfigValidation.java",2,true,"0.9.0.1",true,"pronto per labeling [IV,FV)"
"STORM-188",false,"",true,"0.10.0",4,1,"storm-core/src/jvm/backtype/storm/utils/Utils.java",21,true,"0.9.0.1",true,"pronto per labeling [IV,FV)"
"STORM-187",false,"",true,"0.9.2-incubating",0,0,"",0,false,"",false,"nessuna classe Java nei fixing commit"
"STORM-186",false,"",true,"0.9.2-incubating",3,0,"",0,false,"",false,"nessuna classe Java nei fixing commit"
"STORM-183",false,"",true,"0.9.3",5,0,"",0,false,"",false,"nessuna classe Java nei fixing commit"
"STORM-181",false,"",false,"",0,0,"",0,false,"",false,"nessuna classe Java nei fixing commit"
"STORM-156",false,"",false,"",1,0,"",0,false,"",false,"nessuna classe Java nei fixing commit"
"STORM-155",false,"",true,"0.9.3",2,0,"",0,false,"",false,"nessuna classe Java nei fixing commit"
"STORM-149",false,"",false,"",0,0,"",0,false,"",false,"nessuna classe Java nei fixing commit"
"STORM-146",false,"",true,"0.9.2-incubating",0,0,"",0,false,"",false,"nessuna classe Java nei fixing commit"
"STORM-143",false,"",true,"0.10.0",0,0,"",0,false,"",false,"nessuna classe Java nei fixing commit"
"STORM-139",false,"",true,"0.10.0",1,0,"",0,false,"",false,"nessuna classe Java nei fixing commit"
"STORM-134",false,"",false,"",0,0,"",0,false,"",false,"nessuna classe Java nei fixing commit"
"STORM-130",true,"0.9.2-incubating|0.9.3|0.9.4",true,"0.10.0|0.9.5",6,0,"",0,false,"",false,"nessuna classe Java nei fixing commit"
"STORM-113",false,"",true,"0.9.2-incubating",3,1,"storm-core/src/jvm/storm/trident/util/TridentUtils.java",1,true,"0.9.0.1",true,"pronto per labeling [IV,FV)"
"STORM-87",false,"",true,"0.9.3",5,125,"storm-core/src/jvm/backtype/storm/task/ShellBolt.java|examples/storm-starter/src/jvm/storm/starter/BasicDRPCTopology.java|examples/storm-starter/src/jvm/storm/starter/ExclamationTopology.java|examples/storm-starter/src/jvm/storm/starter/ManualDRPC.java|examples/storm-starter/src/jvm/storm/starter/PrintSampleStream.java|examples/storm-starter/src/jvm/storm/starter/ReachTopology.java|examples/storm-starter/src/jvm/storm/starter/RollingTopWords.java|examples/storm-starter/src/jvm/storm/starter/SingleJoinExample.java|examples/storm-starter/src/jvm/storm/starter/TransactionalGlobalCount.java|examples/storm-starter/src/jvm/storm/starter/TransactionalWords.java|examples/storm-starter/src/jvm/storm/starter/WordCountTopology.java|examples/storm-starter/src/jvm/storm/starter/bolt/AbstractRankerBolt.java|examples/storm-starter/src/jvm/storm/starter/bolt/IntermediateRankingsBolt.java|examples/storm-starter/src/jvm/storm/starter/bolt/PrinterBolt.java|examples/storm-starter/src/jvm/storm/starter/bolt/RollingCountBolt.java|examples/storm-starter/src/jvm/storm/starter/bolt/SingleJoinBolt.java|examples/storm-starter/src/jvm/storm/starter/bolt/TotalRankingsBolt.java|examples/storm-starter/src/jvm/storm/starter/spout/RandomSentenceSpout.java|examples/storm-starter/src/jvm/storm/starter/spout/TwitterSampleSpout.java|examples/storm-starter/src/jvm/storm/starter/tools/NthLastModifiedTimeTracker.java|examples/storm-starter/src/jvm/storm/starter/tools/Rankable.java|examples/storm-starter/src/jvm/storm/starter/tools/RankableObjectWithFields.java|examples/storm-starter/src/jvm/storm/starter/tools/Rankings.java|examples/storm-starter/src/jvm/storm/starter/tools/SlidingWindowCounter.java|examples/storm-starter/src/jvm/storm/starter/tools/SlotBasedCounter.java|examples/storm-starter/src/jvm/storm/starter/trident/TridentReach.java|examples/storm-starter/src/jvm/storm/starter/trident/TridentWordCount.java|examples/storm-starter/src/jvm/storm/starter/util/StormRunner.java|examples/storm-starter/src/jvm/storm/starter/util/TupleHelpers.java|examples/storm-starter/test/jvm/storm/starter/bolt/IntermediateRankingsBoltTest.java|examples/storm-starter/test/jvm/storm/starter/bolt/RollingCountBoltTest.java|examples/storm-starter/test/jvm/storm/starter/bolt/TotalRankingsBoltTest.java|examples/storm-starter/test/jvm/storm/starter/tools/MockTupleHelpers.java|examples/storm-starter/test/jvm/storm/starter/tools/NthLastModifiedTimeTrackerTest.java|examples/storm-starter/test/jvm/storm/starter/tools/RankableObjectWithFieldsTest.java|examples/storm-starter/test/jvm/storm/starter/tools/RankingsTest.java|examples/storm-starter/test/jvm/storm/starter/tools/SlidingWindowCounterTest.java|examples/storm-starter/test/jvm/storm/starter/tools/SlotBasedCounterTest.java|external/storm-kafka/src/jvm/storm/kafka/Broker.java|external/storm-kafka/src/jvm/storm/kafka/BrokerHosts.java|external/storm-kafka/src/jvm/storm/kafka/DynamicBrokersReader.java|external/storm-kafka/src/jvm/storm/kafka/DynamicPartitionConnections.java|external/storm-kafka/src/jvm/storm/kafka/FailedFetchException.java|external/storm-kafka/src/jvm/storm/kafka/KafkaConfig.java|external/storm-kafka/src/jvm/storm/kafka/KafkaError.java|external/storm-kafka/src/jvm/storm/kafka/KafkaSpout.java|external/storm-kafka/src/jvm/storm/kafka/KafkaUtils.java|external/storm-kafka/src/jvm/storm/kafka/KeyValueScheme.java|external/storm-kafka/src/jvm/storm/kafka/KeyValueSchemeAsMultiScheme.java|external/storm-kafka/src/jvm/storm/kafka/Partition.java|external/storm-kafka/src/jvm/storm/kafka/PartitionCoordinator.java|external/storm-kafka/src/jvm/storm/kafka/PartitionManager.java|external/storm-kafka/src/jvm/storm/kafka/SpoutConfig.java|external/storm-kafka/src/jvm/storm/kafka/StaticCoordinator.java|external/storm-kafka/src/jvm/storm/kafka/StaticHosts.java|external/storm-kafka/src/jvm/storm/kafka/StaticPartitionConnections.java|external/storm-kafka/src/jvm/storm/kafka/StringKeyValueScheme.java|external/storm-kafka/src/jvm/storm/kafka/StringScheme.java|external/storm-kafka/src/jvm/storm/kafka/ZkCoordinator.java|external/storm-kafka/src/jvm/storm/kafka/ZkHosts.java|external/storm-kafka/src/jvm/storm/kafka/ZkState.java|external/storm-kafka/src/jvm/storm/kafka/bolt/KafkaBolt.java|external/storm-kafka/src/jvm/storm/kafka/trident/Coordinator.java|external/storm-kafka/src/jvm/storm/kafka/trident/DefaultCoordinator.java|external/storm-kafka/src/jvm/storm/kafka/trident/GlobalPartitionInformation.java|external/storm-kafka/src/jvm/storm/kafka/trident/IBatchCoordinator.java|external/storm-kafka/src/jvm/storm/kafka/trident/IBrokerReader.java|external/storm-kafka/src/jvm/storm/kafka/trident/MaxMetric.java|external/storm-kafka/src/jvm/storm/kafka/trident/OpaqueTridentKafkaSpout.java|external/storm-kafka/src/jvm/storm/kafka/trident/StaticBrokerReader.java|external/storm-kafka/src/jvm/storm/kafka/trident/TransactionalTridentKafkaSpout.java|external/storm-kafka/src/jvm/storm/kafka/trident/TridentKafkaConfig.java|external/storm-kafka/src/jvm/storm/kafka/trident/TridentKafkaEmitter.java|external/storm-kafka/src/jvm/storm/kafka/trident/ZkBrokerReader.java|storm-core/src/jvm/backtype/storm/Config.java|storm-core/src/jvm/backtype/storm/ConfigValidation.java|storm-core/src/jvm/backtype/storm/StormSubmitter.java|storm-core/src/jvm/backtype/storm/generated/ErrorInfo.java|storm-core/src/jvm/backtype/storm/messaging/IConnection.java|storm-core/src/jvm/backtype/storm/messaging/netty/Client.java|storm-core/src/jvm/backtype/storm/messaging/netty/Context.java|storm-core/src/jvm/backtype/storm/messaging/netty/ControlMessage.java|storm-core/src/jvm/backtype/storm/messaging/netty/MessageBatch.java|storm-core/src/jvm/backtype/storm/messaging/netty/MessageDecoder.java|storm-core/src/jvm/backtype/storm/messaging/netty/NettyRenameThreadFactory.java|storm-core/src/jvm/backtype/storm/messaging/netty/Server.java|storm-core/src/jvm/backtype/storm/messaging/netty/StormClientErrorHandler.java|storm-core/src/jvm/backtype/storm/messaging/netty/StormClientHandler.java|storm-core/src/jvm/backtype/storm/messaging/netty/StormClientPipelineFactory.java|storm-core/src/jvm/backtype/storm/messaging/netty/StormServerHandler.java|storm-core/src/jvm/backtype/storm/metric/api/rpc/AssignableShellMetric.java|storm-core/src/jvm/backtype/storm/metric/api/rpc/CombinedShellMetric.java|storm-core/src/jvm/backtype/storm/metric/api/rpc/CountShellMetric.java|storm-core/src/jvm/backtype/storm/metric/api/rpc/IShellMetric.java|storm-core/src/jvm/backtype/storm/metric/api/rpc/ReducedShellMetric.java|storm-core/src/jvm/backtype/storm/multilang/BoltMsg.java|storm-core/src/jvm/backtype/storm/multilang/ISerializer.java|storm-core/src/jvm/backtype/storm/multilang/JsonSerializer.java|storm-core/src/jvm/backtype/storm/multilang/NoOutputException.java|storm-core/src/jvm/backtype/storm/multilang/ShellMsg.java|storm-core/src/jvm/backtype/storm/multilang/SpoutMsg.java|storm-core/src/jvm/backtype/storm/spout/ISpout.java|storm-core/src/jvm/backtype/storm/spout/ShellSpout.java|storm-core/src/jvm/backtype/storm/task/TopologyContext.java|storm-core/src/jvm/backtype/storm/testing/PythonShellMetricsBolt.java|storm-core/src/jvm/backtype/storm/testing/PythonShellMetricsSpout.java|storm-core/src/jvm/backtype/storm/testing/TestEventLogSpout.java|storm-core/src/jvm/backtype/storm/testing/TestEventOrderCheckBolt.java|storm-core/src/jvm/backtype/storm/transactional/state/TransactionalState.java|storm-core/src/jvm/backtype/storm/ui/InvalidRequestException.java|storm-core/src/jvm/backtype/storm/utils/DisruptorQueue.java|storm-core/src/jvm/backtype/storm/utils/Monitor.java|storm-core/src/jvm/backtype/storm/utils/ShellProcess.java|storm-core/src/jvm/backtype/storm/utils/Time.java|storm-core/src/jvm/backtype/storm/utils/TransferDrainer.java|storm-core/src/jvm/backtype/storm/utils/Utils.java|storm-core/src/jvm/storm/trident/Stream.java|storm-core/src/jvm/storm/trident/spout/RichSpoutBatchTriggerer.java|storm-core/src/jvm/storm/trident/state/map/OpaqueMap.java|storm-core/src/jvm/storm/trident/state/map/RemovableMapState.java|storm-core/src/jvm/storm/trident/testing/MemoryMapState.java|storm-core/src/jvm/storm/trident/topology/MasterBatchCoordinator.java|storm-core/src/jvm/storm/trident/topology/state/TransactionalState.java|storm-core/src/jvm/storm/trident/util/TridentUtils.java|storm-core/test/jvm/backtype/storm/utils/DisruptorQueueTest.java",74,true,"0.9.0.1",true,"pronto per labeling [IV,FV)"
"STORM-86",false,"",true,"0.9.2-incubating",0,0,"",0,false,"",false,"nessuna classe Java nei fixing commit"
"STORM-75",false,"",false,"",0,0,"",0,false,"",false,"nessuna classe Java nei fixing commit"
